name,female_sum,male_sum,both_sums,per_diff
valencia,12077,11,12088,199.63600264725346
tenzin,1217,1590,2807,26.576416102600643
danney,5,512,517,196.13152804642166
isamar,2390,91,2481,185.3284965739621
johnson,22,6987,7009,198.7444713939221
kelsy,3215,39,3254,195.20590043023972
kiari,927,233,1160,119.65517241379311
tommie,17691,34411,52102,64.1817972438678
hayven,1400,252,1652,138.98305084745763
jamyri,22,6,28,114.28571428571428
shawnte,1385,102,1487,172.56220578345662
jersei,190,6,196,187.75510204081633
evren,136,1047,1183,154.0152155536771
rondelle,13,6,19,73.68421052631578
deborah,742504,1658,744162,199.1087962029773
odel,5,181,186,189.247311827957
kace,31,2967,2998,195.86390927284856
halo,4029,749,4778,137.29593972373377
salvatore,81,57110,57191,199.43347729537862
tola,104,6,110,178.1818181818182
tonia,22186,53,22239,199.04671972660643
javian,6,2834,2840,199.1549295774648
gerard,112,58721,58833,199.23852259786173
ola,29637,624,30261,191.751759690691
chadney,5,43,48,158.33333333333331
keona,3234,80,3314,190.3439951719976
dellie,634,11,645,193.17829457364343
hector,481,107937,108418,198.22538692836983
frankie,36607,42007,78614,13.738011041290354
jarrell,22,4211,4233,197.92109614930308
tamare,10,12,22,18.181818181818183
nolan,536,130624,131160,198.3653552912473
wyn,28,148,176,136.36363636363635
ayan,828,3753,4581,127.70137524557956
soni,321,5,326,193.86503067484662
arguster,10,11,21,9.523809523809524
marine,984,6,990,197.5757575757576
rye,155,1017,1172,147.09897610921502
keyori,32,8,40,120.0
jaazaniah,20,5,25,120.0
dae,63,122,185,63.78378378378379
keandra,1372,10,1382,197.10564399421128
merwin,5,1625,1630,198.77300613496934
aspyn,3649,107,3756,188.604898828541
deshan,12,253,265,181.8867924528302
wellesley,36,19,55,61.81818181818181
leonis,5,41,46,156.52173913043478
haidin,5,21,26,123.07692307692308
graylin,96,529,625,138.56
aric,5,7600,7605,199.73701512163052
sophana,5,14,19,94.73684210526315
trace,348,13419,13767,189.8888646764001
theodora,12267,49,12316,198.40857421240662
sandi,10096,21,10117,199.1697143421963
eldee,5,6,11,18.181818181818183
thad,5,8212,8217,199.75660216624073
aeon,76,165,241,73.85892116182573
ronne,68,67,135,1.4814814814814816
orell,44,158,202,112.87128712871286
celeste,63949,57,64006,199.64378339530668
goldyn,50,5,55,163.63636363636365
mila,79664,82,79746,199.58869410377952
kevion,5,1085,1090,198.1651376146789
michaele,1816,21,1837,195.4273271638541
colbee,34,6,40,140.0
shie,5,6,11,18.181818181818183
blaike,205,181,386,12.435233160621761
khyrie,78,717,795,160.75471698113208
atzin,22,118,140,137.14285714285714
delyn,57,11,68,135.29411764705884
asani,552,310,862,56.148491879350345
kippy,102,166,268,47.76119402985074
reathel,127,6,133,181.95488721804512
loxley,462,133,595,110.58823529411765
zacaria,134,27,161,132.9192546583851
eureka,855,5,860,197.67441860465115
rhyker,5,432,437,195.4233409610984
dolores,211368,1336,212704,197.48758838573792
chezarae,6,9,15,40.0
ocie,4112,2738,6850,40.11678832116788
hien,327,305,632,6.962025316455696
lovely,2301,12,2313,197.9247730220493
findlay,38,279,317,152.0504731861199
jacob,2305,981940,984245,199.0632413677489
jalyne,147,10,157,174.52229299363057
curry,85,1562,1647,179.3564055859138
kobe,574,21923,22497,189.79419478152641
obie,271,4155,4426,175.5083596927248
elan,793,3478,4271,125.73167876375555
sirius,5,689,694,197.11815561959654
virgie,21800,668,22468,188.1075307103436
qamari,5,21,26,123.07692307692308
kaylan,4389,783,5172,139.4431554524362
ty,732,47294,48026,193.90330237787865
alessi,571,9,580,193.79310344827587
notnamed,643,722,1365,11.575091575091575
kalon,23,1033,1056,191.28787878787878
greyson,793,57770,58563,194.58361081228765
monte,828,23037,23865,186.12193588937777
duncan,11,21032,21043,199.79090433873498
caydin,37,425,462,167.96536796536796
omi,78,75,153,3.9215686274509802
honour,257,109,366,80.87431693989072
mayce,456,22,478,181.5899581589958
york,11,955,966,195.44513457556937
tiana,29351,9,29360,199.8773841961853
orin,16,6198,6214,198.97006758931445
cristian,1126,69011,70137,193.57828250424168
zixuan,25,46,71,59.154929577464785
lacey,53399,1458,54857,189.36872231438102
colin,445,132757,133202,198.66368372847253
southern,107,56,163,62.57668711656442
harlee,7779,479,8258,176.79825623637683
rosalio,5,2047,2052,199.0253411306043
abbott,24,1269,1293,192.5754060324826
harbor,782,389,1171,67.12211784799317
jeanette,163365,537,163902,198.68946077534136
gustavo,104,39904,40008,198.96020795840832
freeman,5,10961,10966,199.81761809228524
callisto,77,25,102,101.96078431372548
winsley,238,6,244,190.1639344262295
shevon,420,15,435,186.20689655172413
kayra,799,35,834,183.2134292565947
loyal,478,5705,6183,169.0765000808669
alissa,38490,31,38521,199.67809766101607
adonai,230,1142,1372,132.94460641399417
taurus,84,1979,2063,183.7130392632089
kinshasa,116,6,122,180.327868852459
tavion,13,3047,3060,198.30065359477123
montgomery,527,5459,5986,164.78449716004008
burke,70,4067,4137,193.23181049069373
malika,4901,36,4937,197.0832489366012
leighton,11519,9201,20720,22.374517374517374
jubilee,3548,27,3575,196.979020979021
kieran,1594,16788,18382,165.3138940267653
ramelle,47,11,58,124.13793103448276
trenity,857,23,880,189.54545454545456
mychal,265,2002,2267,153.24217026907806
zoel,36,112,148,102.7027027027027
rai,136,350,486,88.06584362139918
jette,148,6,154,184.41558441558442
maisen,86,325,411,116.30170316301702
bessie,170123,737,170860,198.27461079246166
rilee,3303,412,3715,155.63930013458952
ariam,468,62,530,153.20754716981133
shyaire,5,9,14,57.14285714285714
yarnell,88,64,152,31.57894736842105
christie,45998,884,46882,192.45765965615803
devinn,100,273,373,92.76139410187668
chazz,29,1316,1345,191.37546468401487
benji,63,2142,2205,188.57142857142856
romy,2890,224,3114,171.2267180475273
abby,61472,181,61653,198.82568569250483
kellen,1260,16837,18097,172.15008012377743
tinker,10,10,20,0.0
augie,10,730,740,194.5945945945946
daytona,724,244,968,99.17355371900827
jaquis,10,247,257,184.43579766536965
lesean,10,351,361,188.9196675900277
posey,550,396,946,32.55813953488372
nekoda,36,204,240,140.0
josia,5,144,149,186.5771812080537
kiersten,14779,5,14784,199.8647186147186
perri,2422,114,2536,182.01892744479494
blessed,251,191,442,27.149321266968325
floyce,517,12,529,190.92627599243858
nadar,44,10,54,125.92592592592592
sophie,134574,117,134691,199.65253803149432
donte,137,15616,15753,196.52129753062908
bryley,339,67,406,133.99014778325122
sarai,22181,6,22187,199.89182854824898
sammie,7801,20818,28619,90.96753904748593
aron,355,20854,21209,193.30472912442832
munachimso,174,122,296,35.13513513513514
tyler,17422,602289,619711,188.7547582663532
teryl,779,263,1042,99.04030710172745
decklyn,158,335,493,71.80527383367141
loyce,3503,775,4278,127.53623188405795
blakeley,1280,102,1382,170.47756874095515
kiare,26,5,31,135.48387096774192
terrylee,30,10,40,100.0
latrell,541,3807,4348,150.22999080036797
winton,5,1933,1938,198.96800825593394
reza,9,1155,1164,196.9072164948454
ruben,655,115918,116573,197.75248127782592
arpan,5,253,258,192.24806201550388
demery,27,11,38,84.21052631578947
darasimi,70,5,75,173.33333333333334
verdun,8,81,89,164.04494382022472
yvan,5,493,498,195.98393574297188
izell,17,687,704,190.3409090909091
vonn,5,310,315,193.65079365079364
aurora,91980,91,92071,199.6046529308903
wylie,726,5896,6622,156.14617940199335
sharif,5,2678,2683,199.2545657845695
cassie,46462,385,46847,196.71270305462463
blythe,5076,263,5339,180.2959355684585
forest,580,17433,18013,187.12041303503025
jeannie,36097,55,36152,199.39145828723167
verley,84,21,105,120.0
dandy,5,100,105,180.95238095238096
seraphin,5,21,26,123.07692307692308
adlai,81,602,683,152.56222547584187
brayton,22,2479,2501,196.48140743702518
simi,507,6,513,195.3216374269006
corine,14547,12,14559,199.6703070265815
autry,243,1213,1456,133.24175824175825
alberta,70355,399,70754,197.74429714221105
oliver,753,254854,255607,198.82162851565099
thuong,37,7,44,136.36363636363635
colt,11,26673,26684,199.83510718033278
skiler,170,164,334,3.592814371257485
kasi,2280,53,2333,190.9129875696528
phenyx,116,35,151,107.28476821192052
louisa,21523,5,21528,199.90709773318468
banx,11,324,335,186.86567164179104
conor,69,27087,27156,198.98365002209457
zo,304,94,398,105.52763819095476
braylenn,5,31,36,144.44444444444443
vertie,1542,5,1547,198.70717517776342
latonya,21757,67,21824,198.77199413489737
renley,1022,284,1306,113.01684532924963
avielle,606,6,612,196.078431372549
alfonso,115,41238,41353,198.8876260488961
dangel,15,33,48,75.0
gale,19906,12424,32330,46.28518403959171
renel,16,62,78,117.94871794871796
brannan,11,381,392,188.77551020408163
bleu,246,339,585,31.794871794871792
yvette,63918,186,64104,198.83938599775365
ilan,59,3107,3166,192.54579911560327
juliann,7453,78,7531,195.85712388792987
marvelous,109,226,335,69.85074626865672
cleve,23,4506,4529,197.9686465003312
joesph,12,15637,15649,199.6932711355358
marqui,59,307,366,135.5191256830601
shakari,301,17,318,178.61635220125785
karmel,137,21,158,146.8354430379747
khary,5,928,933,197.85637727759914
ruari,133,117,250,12.8
cristy,8185,75,8260,196.3680387409201
rhoda,26009,12,26021,199.81553360747088
giang,12,63,75,136.0
josha,28,426,454,175.33039647577093
darelle,11,284,295,185.08474576271186
odia,37,7,44,136.36363636363635
mello,10,64,74,145.94594594594594
sellers,6,32,38,136.8421052631579
leelyn,23,168,191,151.8324607329843
concetta,14177,5,14182,199.8589761669722
kylenn,28,32,60,13.333333333333334
selah,13747,194,13941,194.4336848145757
alexx,217,402,619,59.77382875605816
langston,338,7089,7427,181.7961491854046
westlyn,423,35,458,169.43231441048033
sani,382,120,502,104.38247011952191
hinckley,15,58,73,117.8082191780822
bronnie,65,8,73,156.16438356164383
indiana,2006,1386,3392,36.556603773584904
anders,5,7793,7798,199.74352398050783
onyx,1627,5954,7581,114.15380556654794
taegan,1098,391,1489,94.96306245802552
cadance,938,5,943,197.87910922587486
norah,32661,129,32790,198.4263494967978
cidney,875,17,892,192.37668161434976
jasmeet,207,64,271,105.53505535055349
terral,20,586,606,186.7986798679868
alaa,1475,458,1933,105.22503879979305
timber,1464,860,2324,51.97934595524957
yandy,20,12,32,50.0
kamoni,507,268,775,61.67741935483871
weslie,550,387,937,34.79188900747065
tatem,353,293,646,18.575851393188856
lorren,409,368,777,10.553410553410554
ella,345401,901,346302,198.95928986838078
kirin,413,544,957,27.377220480668758
stellan,17,1390,1407,195.16702203269367
yodahe,5,32,37,145.94594594594594
amarii,556,757,1313,30.616907844630614
chantha,34,30,64,12.5
sundown,12,6,18,66.66666666666666
rebel,1438,932,2370,42.700421940928265
montrese,22,5,27,125.92592592592592
amere,145,1088,1233,152.96025952960258
kareem,198,17776,17974,195.593635250918
joa,47,53,100,12.0
tai,1804,3069,4873,51.91873589164786
takeshi,5,708,713,197.19495091164094
tamauri,10,29,39,97.43589743589743
tayden,170,2938,3108,178.12097812097812
carel,60,166,226,93.80530973451327
shown,6,75,81,170.37037037037038
marion,189125,72440,261565,89.22065261024984
beasley,13,11,24,16.666666666666664
cache,475,971,1446,68.6030428769018
emory,9889,18700,28589,61.639091958445555
chayse,870,2258,3128,88.7468030690537
eula,47154,332,47486,197.20338626121384
linh,1503,213,1716,150.34965034965035
orlee,41,5,46,156.52173913043478
bae,28,5,33,139.3939393939394
blue,473,899,1372,62.09912536443149
hart,79,1153,1232,174.35064935064935
mickel,47,1955,2002,190.60939060939063
maya,119839,163,120002,199.4566757220713
leo,2113,251760,253873,196.67077633304842
haddy,167,5,172,188.37209302325581
keilani,4918,5,4923,199.59374365224457
loyd,86,22431,22517,198.47226539947596
kanya,593,25,618,183.8187702265372
axl,5,4214,4219,199.5259540175397
shajuan,142,56,198,86.86868686868688
bennette,74,30,104,84.61538461538461
marlen,5470,920,6390,142.41001564945225
garret,5,13236,13241,199.84895400649498
deavion,193,370,563,62.87744227353463
kerin,1318,272,1590,131.57232704402514
malone,322,370,692,13.872832369942195
burton,48,22464,22512,199.14712153518124
koty,30,454,484,175.20661157024793
clarke,1546,3872,5418,85.86194167589515
tennille,2179,15,2194,197.26526891522334
estefany,5560,5,5565,199.64061096136567
tevin,59,11663,11722,197.98669169083774
keimoni,39,69,108,55.55555555555556
agusta,251,12,263,181.7490494296578
lien,519,6,525,195.42857142857142
yuma,98,347,445,111.91011235955055
armeen,5,55,60,166.66666666666669
sherrie,35144,11,35155,199.87483999431092
aeries,16,5,21,104.76190476190477
chandlar,111,61,172,58.139534883720934
ezelle,74,39,113,61.94690265486725
kelton,26,6604,6630,198.4313725490196
lamont,165,23975,24140,197.2659486329743
rhian,889,126,1015,150.3448275862069
braylinn,139,5,144,186.11111111111111
salma,10032,5,10037,199.80073727209327
beckham,260,18137,18397,194.34690438658478
rashad,85,16151,16236,197.9058881497906
arba,16,47,63,98.4126984126984
leshaun,28,235,263,157.4144486692015
trellis,344,103,447,107.82997762863535
tiante,16,5,21,104.76190476190477
bora,199,407,606,68.64686468646865
tarae,109,10,119,166.38655462184875
terrill,714,4365,5079,143.76845835794447
karlen,147,16,163,160.7361963190184
ying,260,140,400,60.0
ramsay,70,381,451,137.91574279379157
denise,373296,1368,374664,198.5394913842803
merideth,1755,6,1761,198.63713798977852
shale,21,56,77,90.9090909090909
leland,543,57374,57917,196.24980575651364
kolbey,22,237,259,166.02316602316603
amariah,3558,23,3581,197.43088522759007
kendyll,1542,24,1566,193.8697318007663
coyote,5,135,140,185.71428571428572
monico,17,787,804,191.54228855721394
chrishawn,48,560,608,168.42105263157893
georgie,12636,1629,14265,154.3217665615142
lowry,27,472,499,178.3567134268537
elree,14,34,48,83.33333333333334
reilly,5467,4510,9977,19.18412348401323
phinley,77,31,108,85.18518518518519
regan,16226,3730,19956,125.23551813990778
sukhman,75,88,163,15.950920245398773
chae,175,148,323,16.718266253869967
mystikal,5,17,22,109.09090909090908
ayaat,271,8,279,188.53046594982078
stanley,1437,301142,302579,198.10033082269425
shia,1058,2115,3173,66.62464544595021
damarea,10,155,165,175.75757575757575
ekene,16,26,42,47.61904761904761
beckett,1267,26626,27893,181.83056680887677
ova,1364,528,1892,88.37209302325581
cornell,348,11333,11681,188.08321205376254
durelle,23,96,119,122.6890756302521
wilmot,5,454,459,195.64270152505446
andersen,311,921,1232,99.02597402597402
lacy,20142,6474,26616,102.70513976555455
uchenna,190,434,624,78.2051282051282
karis,6648,104,6752,193.8388625592417
osean,7,43,50,144.0
loretta,177072,502,177574,198.86920382488427
khiry,7,1156,1163,197.59243336199484
deryl,190,1826,2016,162.3015873015873
zen,552,2528,3080,128.3116883116883
zavi,5,80,85,176.47058823529412
berlie,103,188,291,58.4192439862543
quinci,308,37,345,157.1014492753623
karmon,203,5,208,190.3846153846154
layle,17,5,22,109.09090909090908
dedrick,16,4442,4458,198.56437864513234
andrel,5,40,45,155.55555555555557
moises,52,30839,30891,199.32666472435335
davyn,74,604,678,156.34218289085547
toy,967,1152,2119,17.46106654082114
antonie,21,779,800,189.5
joee,94,5,99,179.7979797979798
carsyn,4272,1894,6166,77.13266299059359
scotty,331,18899,19230,193.11492459698388
shunta,732,29,761,184.75689881734561
antiona,5,18,23,113.04347826086956
rayan,1023,8394,9417,156.54667091430392
kyari,165,49,214,108.41121495327101
taygan,188,20,208,161.53846153846155
anari,1006,102,1108,163.17689530685922
yireh,75,18,93,122.58064516129032
elisa,46979,143,47122,198.78612962098384
neon,7,75,82,165.85365853658536
kieryn,195,61,256,104.6875
finis,5,2195,2200,199.0909090909091
bravery,69,141,210,68.57142857142857
telly,82,1527,1609,179.61466749533872
blaine,1216,32843,34059,185.71889955665168
nana,2514,850,3364,98.92984542211653
oshay,39,400,439,164.46469248291572
diane,518590,1384,519974,198.93533138195372
lan,769,310,1079,85.07877664504171
michae,52,493,545,161.8348623853211
solis,16,30,46,60.86956521739131
maple,3055,5,3060,199.34640522875816
manar,722,5,727,197.24896836313616
willa,32077,24,32101,199.7009438958288
arrin,69,95,164,31.70731707317073
rodie,15,10,25,40.0
ace,153,24064,24217,197.47284965107156
dylyn,36,90,126,85.71428571428571
khalis,105,37,142,95.77464788732394
mayan,344,250,594,31.64983164983165
carole,110677,264,110941,199.04814270648365
kagan,73,646,719,159.38803894297635
arya,27666,2281,29947,169.53284135305705
daryan,260,565,825,73.93939393939394
kunga,21,96,117,128.2051282051282
mackenzi,2044,11,2055,197.8588807785888
andre,2205,129780,131985,193.31742243436753
paysen,196,95,291,69.41580756013745
nayeli,23493,14,23507,199.76177308886716
waldo,6,5711,5717,199.58019940528249
dewie,16,239,255,174.90196078431373
tanay,331,563,894,51.90156599552572
vicky,53507,440,53947,196.7375386953862
andrian,96,599,695,144.74820143884892
mercer,208,1293,1501,144.57028647568288
gannon,5,6611,6616,199.69770253929866
metzli,435,6,441,194.5578231292517
nacari,13,45,58,110.34482758620689
sonnet,363,5,368,194.56521739130434
adie,151,16,167,161.67664670658684
shelvy,333,64,397,135.51637279596977
shauna,28060,50,28110,199.2885094272501
reegan,1178,351,1529,108.17527795945061
langstyn,17,6,23,95.65217391304348
tony,2889,251269,254158,195.45322201150466
teaghan,1056,76,1132,173.14487632508835
chesney,2602,157,2759,177.2381297571584
kayan,228,381,609,50.24630541871922
euri,41,7,48,141.66666666666669
rhen,172,320,492,60.16260162601627
shahad,264,5,269,192.56505576208178
jaimison,5,15,20,100.0
osa,673,87,760,154.21052631578945
azani,193,34,227,140.08810572687224
neal,257,54960,55217,198.13825452306355
zior,5,5,10,0.0
booker,5,12050,12055,199.8340937370386
edie,5579,80,5659,194.34529068740062
kip,154,8465,8619,192.85299918784082
kaedan,5,379,384,194.79166666666669
dristen,5,44,49,159.18367346938774
ayooluwa,10,16,26,46.15384615384615
kensly,223,5,228,191.2280701754386
jamey,3046,6731,9777,75.38099621560806
jensen,2839,16132,18971,140.14021401085867
demilade,41,70,111,52.25225225225225
randyl,11,55,66,133.33333333333331
kyarie,27,5,32,137.5
orlando,242,49177,49419,198.04123919949816
azar,5,172,177,188.70056497175142
mayze,65,7,72,161.11111111111111
kiren,33,196,229,142.35807860262008
kaili,2872,41,2913,194.3700652248541
zyaire,702,7720,8422,166.65875089052483
janai,3057,88,3145,188.80763116057233
dezmyn,5,22,27,125.92592592592592
shinya,16,27,43,51.162790697674424
denari,5,61,66,169.6969696969697
sekani,240,1159,1399,131.3795568263045
winnie,26460,228,26688,196.58273381294964
adeline,76925,26,76951,199.86484905979128
phuong,1033,282,1315,114.22053231939164
hagen,243,3111,3354,171.0196779964222
ahsani,6,5,11,18.181818181818183
macklyn,257,73,330,111.51515151515153
nolynn,82,28,110,98.18181818181819
charles,12466,2428685,2441151,197.9573570008574
donsha,26,25,51,3.9215686274509802
yuan,37,160,197,124.8730964467005
montrose,6,6,12,0.0
adryn,6,26,32,125.0
dwight,320,78541,78861,198.37689098540469
carlin,1922,2613,4535,30.47409040793826
dima,397,79,476,133.61344537815125
gayla,10838,6,10844,199.77867945407598
conner,857,56111,56968,193.98258671534896
oakland,244,1247,1491,134.54057679409792
alexiss,528,20,548,185.4014598540146
veo,6,15,21,85.71428571428571
kiani,1265,30,1295,190.73359073359072
gianni,3264,14910,18174,128.16110927698912
diorr,14,5,19,94.73684210526315
lynel,64,15,79,124.0506329113924
zealand,72,830,902,168.0709534368071
letha,19137,25,19162,199.47813380649202
mikhal,5,37,42,152.38095238095238
roshan,129,1757,1886,172.6405090137858
chika,350,28,378,170.37037037037038
jaycee,10893,1558,12451,149.9477953578026
neftaly,170,371,541,74.3068391866913
anthony,7104,1481986,1489090,198.09172044671578
jelen,10,18,28,57.14285714285714
jacolby,15,1542,1557,196.14643545279384
giovani,5,7467,7472,199.73233404710922
machenzie,32,5,37,145.94594594594594
creedance,7,15,22,72.72727272727273
kamryn,24261,5259,29520,128.739837398374
jaelyn,14101,1381,15482,164.31985531585067
osvaldo,12,14394,14406,199.6668054977093
miller,2235,10306,12541,128.71381867474682
brecken,858,4876,5734,140.14649459365188
bellamie,319,5,324,193.82716049382717
harsha,19,229,248,169.35483870967744
tory,3904,6966,10870,56.33854645814167
mayo,256,1236,1492,131.36729222520108
jovi,2011,666,2677,100.48561822936122
dorey,48,7,55,149.0909090909091
maison,791,4422,5213,139.30558219835027
rameen,283,105,388,91.75257731958763
amil,264,967,1231,114.21608448415923
levert,5,588,593,196.6273187183811
dabney,391,232,623,51.04333868378812
rus,75,11,86,148.8372093023256
marciel,84,10,94,157.4468085106383
mackinley,418,356,774,16.020671834625322
no,12,6,18,66.66666666666666
misty,84619,237,84856,198.88281323654192
kamyri,93,5,98,179.59183673469389
rhea,19281,408,19689,191.7111077251257
favor,487,130,617,115.72123176661265
gladys,266666,1023,267689,198.47136042198224
aubrey,131479,31019,162498,123.64459870275326
juno,1591,381,1972,122.71805273833671
albert,2559,491391,493950,197.92772547828727
dara,13484,807,14291,177.41235742775172
baby,6078,6325,12403,3.9829073611223094
luby,52,291,343,139.35860058309038
julie,510948,1524,512472,198.810471596497
deavin,5,127,132,184.84848484848484
innocent,5,71,76,173.6842105263158
elysian,53,88,141,49.645390070921984
ismar,11,99,110,160.0
gabreal,41,149,190,113.68421052631578
brent,567,139687,140254,198.3829338200693
luan,515,941,1456,58.51648351648352
aizel,94,5,99,179.7979797979798
shelva,1117,14,1131,195.04862953138814
bixby,17,20,37,16.216216216216218
kaisen,12,2314,2326,197.93637145313843
ohara,20,6,26,107.6923076923077
monet,4505,6,4511,199.46796719131012
jonathan,3570,866991,870561,198.3596784142639
jacquell,15,16,31,6.451612903225806
malachia,20,11,31,58.06451612903226
norma,277973,1278,279251,198.16938882940437
sayge,512,127,639,120.50078247261347
yinuo,46,24,70,62.857142857142854
alik,5,376,381,194.750656167979
avin,70,1016,1086,174.21731123388582
hoa,270,262,532,3.007518796992481
kwanzaa,34,5,39,148.71794871794873
christain,305,2106,2411,149.39858979676484
clovis,627,3070,3697,132.16121179334596
bauer,6,814,820,197.0731707317073
kemauri,56,368,424,147.16981132075472
nathanael,17,21774,21791,199.68794456426966
hieu,28,827,855,186.90058479532163
elmer,1753,129416,131169,194.65422470248305
cloyce,121,877,998,151.50300601202403
timmie,350,3250,3600,161.11111111111111
dores,18,5,23,113.04347826086956
lundon,240,102,342,80.7017543859649
yule,5,5,10,0.0
tajae,282,198,480,35.0
meher,805,12,817,194.124847001224
lorel,288,5,293,193.17406143344712
jakari,294,4848,5142,177.12952158693116
lenyn,21,22,43,4.651162790697675
reylin,81,21,102,117.64705882352942
surya,328,1168,1496,112.29946524064172
omarion,5,3954,3959,199.49482192472848
jahkai,5,674,679,197.05449189985274
isreal,58,4635,4693,195.05646707862775
tamari,686,397,1083,53.37026777469991
loris,1701,579,2280,98.42105263157895
oli,17,125,142,152.11267605633802
bret,232,29798,30030,196.9097569097569
hampton,221,4656,4877,181.8741029321304
jessiah,342,2196,2538,146.09929078014184
hensley,1947,174,2121,167.1852899575672
shean,6,414,420,194.28571428571428
jasnoor,158,20,178,155.0561797752809
darling,998,15,1013,194.07699901283317
malakai,57,16157,16214,198.59380782040213
kyden,23,1610,1633,194.3661971830986
raydean,5,5,10,0.0
dean,2908,190040,192948,193.9714327176234
vega,715,178,893,120.26875699888018
jaqualyn,11,96,107,158.87850467289718
prabhnoor,57,30,87,62.06896551724138
rylan,6434,33753,40187,135.95938985243984
yali,95,31,126,101.58730158730158
eyden,5,766,771,197.40596627756162
miel,195,11,206,178.64077669902915
charron,361,50,411,151.338199513382
jazmine,38136,99,38235,198.9642997253825
maritza,23093,79,23172,198.63628517175903
zekiah,94,328,422,110.90047393364928
kyro,13,2512,2525,197.94059405940595
kahri,55,77,132,33.33333333333333
lemon,329,1071,1400,106.0
dolly,20479,44,20523,199.14242557131024
ryian,92,56,148,48.64864864864865
neng,5,78,83,175.9036144578313
allyson,53553,21,53574,199.84320752603875
amine,23,455,478,180.7531380753138
sung,69,444,513,146.19883040935673
andin,5,53,58,165.51724137931035
caelen,67,536,603,155.55555555555557
danyelle,5763,37,5800,197.44827586206895
fisher,65,6259,6324,195.88867805186592
desi,1014,2324,3338,78.49011384062314
raihan,25,280,305,167.21311475409837
mervin,38,12259,12297,198.76392616085224
jonnah,29,33,62,12.903225806451612
noelle,42931,115,43046,198.93137573758307
rhodie,134,5,139,185.6115107913669
maxine,115010,377,115387,198.69309367606402
adrianna,47970,23,47993,199.8083053778676
johnnye,843,36,879,183.61774744027304
larin,80,58,138,31.88405797101449
averey,464,206,670,77.01492537313432
man,150,207,357,31.932773109243694
camoni,74,13,87,140.22988505747128
ardel,97,31,128,103.125
mateo,73,115568,115641,199.74749440077483
roxanne,59359,55,59414,199.62971690174035
deane,1304,2752,4056,71.40039447731755
korri,629,6,635,196.22047244094486
lorian,233,23,256,164.0625
shain,26,1209,1235,191.57894736842104
natasha,97446,285,97731,198.8335328606072
lakshya,59,86,145,37.24137931034483
swan,78,124,202,45.54455445544555
novel,34,53,87,43.67816091954023
tilian,5,171,176,188.63636363636365
emeri,2378,127,2505,179.72055888223554
kashi,57,21,78,92.3076923076923
lanell,2124,354,2478,142.85714285714286
england,260,60,320,125.0
lile,84,31,115,92.17391304347827
miracle,20836,491,21327,190.7910160828996
halle,16153,6,16159,199.85147595767066
eryn,7369,165,7534,191.239713299708
dequan,5,3839,3844,199.47970863683665
alon,24,1169,1193,191.95305951383068
caron,3179,1028,4207,102.25814119324934
edwidge,6,5,11,18.181818181818183
kepler,6,416,422,194.3127962085308
ilian,45,263,308,141.55844155844156
gabriyel,13,11,24,16.666666666666664
boone,5,6120,6125,199.6734693877551
coty,778,5516,6294,150.5560851604703
cole,546,152069,152615,198.5689480064214
delta,4289,108,4397,190.1751193995906
jaleesa,3261,6,3267,199.26538108356291
ivie,2302,82,2384,186.24161073825502
carrol,4252,6067,10319,35.17782730884776
ju,24,12,36,66.66666666666666
lael,2261,1010,3271,76.49036991745643
myran,5,87,92,178.26086956521738
eaden,51,128,179,86.03351955307262
kamani,1119,708,1827,44.991789819376024
amaru,29,926,955,187.85340314136124
enrique,260,60706,60966,198.29413115507003
karel,1208,601,1809,67.10889994472085
jaimy,381,29,410,171.70731707317074
claudy,14,315,329,182.9787234042553
emrey,261,34,295,153.89830508474574
konner,158,5584,5742,188.99338209683037
mary,4139160,15172,4154332,198.53916345636313
alto,31,561,592,179.05405405405406
corri,703,27,730,185.2054794520548
bobbie,88536,18416,106952,131.12424265090883
neo,6,2906,2912,199.17582417582418
mell,202,342,544,51.470588235294116
diandre,15,572,587,189.778534923339
sariel,5,119,124,183.8709677419355
sher,124,168,292,30.136986301369863
verlan,5,319,324,193.82716049382717
sakima,5,10,15,66.66666666666666
aadi,16,1126,1142,194.39579684763572
torey,1421,2965,4386,70.40583675330598
farris,547,2980,3527,137.96427558831869
kinsley,47311,215,47526,198.19046416698228
myrl,1831,1261,3092,36.869340232858995
emris,19,36,55,61.81818181818181
espie,7,17,24,83.33333333333334
vivien,7293,26,7319,198.5790408525755
soledad,4168,5,4173,199.52072849269112
lew,15,2188,2203,197.27644121652293
wing,22,166,188,153.19148936170214
mavi,185,71,256,89.0625
tyquan,10,3651,3661,198.90740234908495
corrin,1975,152,2127,171.41513869299482
leslee,4905,96,5001,192.32153569286143
jansen,214,2090,2304,162.84722222222223
kristi,76472,138,76610,199.27946743245008
fontaine,137,200,337,37.388724035608305
arti,256,9,265,186.41509433962264
eddi,6,119,125,180.8
light,67,154,221,78.73303167420815
emerys,5,8,13,46.15384615384615
tillian,27,50,77,59.74025974025974
dester,16,12,28,28.57142857142857
courtland,245,3824,4069,175.91545834357336
nara,980,17,997,193.17953861584755
charlton,5,3515,3520,199.4318181818182
ayris,164,5,169,188.1656804733728
verner,171,1963,2134,167.94751640112463
kalai,67,227,294,108.843537414966
bryce,3516,123169,126685,188.8984489087106
jerri,15500,279,15779,192.92730844793712
sherrill,6932,1915,8847,113.41697750649938
kanoa,11,844,855,194.85380116959064
rylee,66869,5461,72330,169.79952993225493
chea,80,15,95,136.8421052631579
xai,20,154,174,154.02298850574712
darragh,35,256,291,151.89003436426117
arien,456,632,1088,32.35294117647059
valley,668,50,718,172.1448467966574
lynx,65,363,428,139.25233644859813
novell,41,10,51,121.56862745098039
aryes,10,35,45,111.11111111111111
jeannine,24057,6,24063,199.90026181274158
seena,639,99,738,146.34146341463415
karin,28532,193,28725,197.3124456048738
yahya,6,4119,4125,199.41818181818184
kaydyn,228,337,565,38.58407079646018
krystal,75096,190,75286,198.99051616502405
peyton,86635,51982,138617,49.99819646940851
townsend,6,835,841,197.1462544589774
rasha,686,37,723,179.52973720608577
malon,99,308,407,102.7027027027027
eva,282580,1007,283587,198.57962459492148
camlin,5,5,10,0.0
abdi,10,334,344,188.37209302325581
claire,208419,2204,210623,195.81432227249636
bryer,297,2215,2512,152.70700636942675
macaire,5,5,10,0.0
kamsi,12,22,34,58.82352941176471
macey,11406,51,11457,198.2194291699398
sklyer,5,27,32,137.5
donyel,96,79,175,19.428571428571427
aubin,11,56,67,134.32835820895522
piper,60757,216,60973,198.58297935151626
kiva,807,24,831,188.44765342960287
daryll,17,1697,1714,196.03267211201867
sinai,2209,240,2449,160.80032666394445
dell,2544,4002,6546,44.546287809349224
arta,596,31,627,180.2232854864434
paityn,6200,29,6229,198.1377428158613
daneil,32,1216,1248,189.74358974358972
mackenna,3612,8,3620,199.11602209944752
alejandra,53524,530,54054,196.07799607799606
kassius,10,1124,1134,196.4726631393298
maayan,605,22,627,185.96491228070175
raynell,716,438,1154,48.18024263431543
jaree,106,92,198,14.14141414141414
houstyn,24,18,42,28.57142857142857
kamorie,86,10,96,158.33333333333331
cleotha,292,750,1042,87.90786948176583
crispin,5,1800,1805,198.89196675900277
cay,241,11,252,182.53968253968253
uriyah,219,467,686,72.30320699708454
torris,5,364,369,194.579945799458
yamel,153,26,179,141.89944134078212
brain,10,4596,4606,199.13156752062525
shola,32,5,37,145.94594594594594
kadan,7,489,496,194.35483870967744
susana,20913,52,20965,199.0078702599571
aki,248,365,613,38.17292006525285
felicity,17899,6,17905,199.86595922926557
sakae,57,58,115,1.7391304347826086
nico,998,19214,20212,180.24935681773204
tayari,13,72,85,138.8235294117647
imisioluwa,39,6,45,146.66666666666666
jeremi,44,1660,1704,189.67136150234742
murl,626,1941,2567,102.45422672380211
jorey,25,238,263,161.97718631178708
kristien,264,41,305,146.22950819672133
tamilore,33,5,38,147.36842105263156
zel,13,16,29,20.689655172413794
maddyn,1051,35,1086,187.1086556169429
ariat,18,35,53,64.15094339622641
michale,344,3274,3618,161.96793808734105
lamoine,83,323,406,118.22660098522168
british,294,31,325,161.84615384615384
kyelle,122,10,132,169.6969696969697
hilda,80965,178,81143,199.12253675609725
bristol,10659,565,11224,179.8645759087669
orion,612,22098,22710,189.22060766182298
seyvn,17,12,29,34.48275862068966
kairie,77,28,105,93.33333333333333
callaway,488,551,1039,12.127045235803656
kenyota,26,5,31,135.48387096774192
roye,43,162,205,116.09756097560975
eversyn,13,5,18,88.88888888888889
garyn,73,239,312,106.41025641025641
emerson,31797,32138,63935,1.0667083756940643
jamarea,34,87,121,87.60330578512396
ardine,125,5,130,184.6153846153846
wilda,12758,15,12773,199.53025914037423
jayse,30,2145,2175,194.48275862068965
yoni,20,774,794,189.92443324937028
pet,10,10,20,0.0
mani,10,115,125,168.0
reilley,180,107,287,50.87108013937283
eliza,68173,197,68370,198.84744771098434
syren,109,20,129,137.984496124031
shadoe,68,187,255,93.33333333333333
jonai,147,5,152,186.8421052631579
xavier,859,157050,157909,197.82406322628856
lawan,96,54,150,56.00000000000001
chaun,11,435,446,190.13452914798205
makel,48,745,793,175.78814627994956
kahlan,1474,75,1549,180.63266623628147
janiya,11001,6,11007,199.78195693649496
carle,144,462,606,104.95049504950495
priscilla,122234,244,122478,199.2031221933735
michie,97,6,103,176.6990291262136
loyalty,2223,419,2642,136.56320968962908
arvie,270,479,749,55.80774365821095
denzel,41,11562,11603,198.58657243816253
ferrol,22,15,37,37.83783783783784
estee,813,43,856,179.90654205607478
angell,478,158,636,100.62893081761007
sue,144523,519,145042,198.56869044828395
chantra,35,19,54,59.25925925925925
patt,400,10,410,190.2439024390244
javis,5,863,868,197.69585253456222
galyn,52,37,89,33.70786516853933
jena,13217,7,13224,199.78826376285542
mccauley,21,94,115,126.95652173913044
tyrin,11,1916,1927,197.716658017644
kenna,13173,240,13413,192.84276448221874
lorry,1024,221,1245,128.99598393574297
yasani,44,5,49,159.18367346938774
gracyn,4054,189,4243,182.18241810040067
willie,146188,450033,596221,101.92361557207815
marshel,12,521,533,190.99437148217635
ian,807,253707,254514,198.73170041726584
jabre,10,131,141,171.63120567375887
amirii,11,26,37,81.08108108108108
kade,269,22339,22608,195.2406227883935
esra,595,26,621,183.2528180354267
callan,1404,9243,10647,147.25274725274727
phalen,18,21,39,15.384615384615385
slone,37,62,99,50.505050505050505
winner,75,156,231,70.12987012987013
maclaine,114,19,133,142.85714285714286
maynard,22,14911,14933,199.41070113172168
jeffrie,86,934,1020,166.27450980392157
meade,6,515,521,195.39347408829175
gaither,6,642,648,196.2962962962963
thelmer,47,142,189,100.52910052910053
oluwadarasimi,394,173,567,77.95414462081128
zuriah,424,21,445,181.12359550561797
brentlee,132,808,940,143.82978723404256
khari,1898,4652,6550,84.09160305343512
summer,89323,254,89577,198.8657802784197
jerris,105,145,250,32.0
davee,10,11,21,9.523809523809524
dontae,17,5892,5909,198.84921306481638
falcon,23,493,516,182.1705426356589
odie,1589,2606,4195,48.48629320619786
oakleigh,3694,17,3711,198.1676098086769
zyon,713,4071,4784,140.3846153846154
christine,586277,2031,588308,198.6190906803919
elgia,23,11,34,70.58823529411765
patrice,34076,773,34849,191.1274355074751
sophea,344,5,349,194.269340974212
kaiza,22,31,53,33.9622641509434
dela,541,5,546,196.33699633699632
stori,1384,10,1394,197.13055954088952
kendelle,198,5,203,190.14778325123152
shaylin,1883,10,1893,197.88695192815638
shelden,5,275,280,192.85714285714286
mung,5,129,134,185.07462686567163
lyle,1008,58977,59985,193.27831957989497
azaria,7148,208,7356,188.68950516585102
jaqueline,15442,23,15465,199.40510830908502
shaquilla,520,36,556,174.10071942446044
sabr,6,27,33,127.27272727272727
sam,1552,126795,128347,195.1631124997078
andersyn,272,5,277,192.77978339350182
sevynn,290,58,348,133.33333333333331
jadin,643,1527,2170,81.47465437788019
kaulana,6,147,153,184.31372549019608
taiwan,71,836,907,168.68798235942668
mardi,868,6,874,197.25400457665904
kashtyn,74,678,752,160.63829787234042
arrie,1787,318,2105,139.57244655581948
nyrie,159,11,170,174.11764705882354
krew,41,3656,3697,195.56397078712467
tafari,6,941,947,197.46568109820487
buford,110,10848,10958,195.98466873517063
azarie,192,51,243,116.0493827160494
vidal,10,4198,4208,199.0494296577947
demario,17,6333,6350,198.9291338582677
salah,173,954,1127,138.59804791481812
ryly,6,5,11,18.181818181818183
xing,7,5,12,33.33333333333333
artis,958,5357,6315,139.31908155186065
ping,10,6,16,50.0
messiyah,10,141,151,173.50993377483442
jasmir,6,26,32,125.0
rami,236,3690,3926,175.95517065715742
kweli,11,228,239,181.5899581589958
landon,1154,183725,184879,197.5032318435301
abiel,28,1520,1548,192.76485788113695
kamsiyochi,16,5,21,104.76190476190477
judith,454361,1241,455602,198.91045254410648
bralynn,554,121,675,128.29629629629628
malin,824,230,1054,112.7134724857685
sonia,66577,278,66855,198.33669882581705
alford,5,4790,4795,199.58289885297185
jassiel,5,832,837,197.61051373954598
fiyinfoluwa,61,28,89,74.15730337078652
asie,36,40,76,10.526315789473683
tannie,111,11,122,163.9344262295082
nasiah,262,338,600,25.333333333333336
gurpreet,172,311,483,57.55693581780539
pariss,210,5,215,190.69767441860466
eddison,36,509,545,173.57798165137615
jacobi,306,4134,4440,172.43243243243242
cyncere,244,509,753,70.3851261620186
diavian,175,5,180,188.88888888888889
tijah,89,5,94,178.72340425531914
shaine,222,1013,1235,128.09716599190284
ezzie,143,19,162,153.0864197530864
caley,2473,151,2624,176.98170731707316
alayna,34649,5,34654,199.94228660472095
caspian,5,3553,3558,199.43788645306353
caitlin,112068,283,112351,198.99244332493703
mckel,5,5,10,0.0
sonni,525,56,581,161.44578313253012
jrue,327,1594,1921,131.9104633003644
rahja,6,7,13,15.384615384615385
jerrell,91,7187,7278,194.99862599615278
margarita,40117,199,40316,198.0255977775573
jax,211,24110,24321,196.52974795444266
franky,70,3038,3108,190.990990990991
verl,211,2517,2728,169.0615835777126
kylle,5,70,75,173.33333333333334
onell,62,10,72,144.44444444444443
octavius,15,3614,3629,198.34665197023972
oreofeoluwa,5,6,11,18.181818181818183
quinnie,84,5,89,177.52808988764045
abriel,648,617,1265,4.901185770750988
fenix,287,1049,1336,114.07185628742515
tamron,5,18,23,113.04347826086956
sena,3070,194,3264,176.22549019607843
lyrix,23,62,85,91.76470588235294
rodas,30,8,38,115.78947368421053
amel,460,621,1081,29.78723404255319
jacquese,149,97,246,42.27642276422765
patty,62448,247,62695,198.42411675572217
percie,30,51,81,51.85185185185185
finau,5,6,11,18.181818181818183
joel,2588,277996,280584,196.31055227668006
deonta,36,2626,2662,194.59053343350865
wilbert,178,39995,40173,198.2276653473726
damaris,12581,552,13133,183.18739054290717
dodi,458,5,463,195.6803455723542
dianna,56222,64,56286,199.5451799737057
burlie,40,139,179,110.6145251396648
emily,890970,1799,892769,199.19396842856327
caryl,6347,344,6691,179.43506202361382
bohdi,12,658,670,192.83582089552237
jovani,135,7185,7320,192.62295081967213
maddyx,222,203,425,8.941176470588236
daley,461,151,612,101.30718954248366
najae,578,83,661,149.7730711043873
ming,142,349,491,84.31771894093686
darion,561,7172,7733,170.98150782361307
macy,32355,555,32910,193.25432999088423
jamil,254,7432,7686,186.78116055165233
lynnie,317,16,333,180.78078078078076
deari,258,5,263,192.3954372623574
jacari,102,2732,2834,185.60338743824983
vance,138,26811,26949,197.9516865189803
keyontae,13,467,480,189.16666666666666
dhani,97,244,341,86.21700879765396
leonard,1412,293884,295296,198.0873428695275
jahel,10,273,283,185.86572438162545
rally,17,101,118,142.3728813559322
lummie,77,41,118,61.016949152542374
irby,26,1104,1130,190.79646017699113
abell,5,31,36,144.44444444444443
catlin,1055,446,1501,81.14590273151232
aubry,3008,1612,4620,60.43290043290044
estle,80,676,756,157.67195767195767
nyle,44,2132,2176,191.91176470588235
jamin,138,3412,3550,184.4507042253521
angle,1149,130,1279,159.34323690383113
dusty,4460,10628,15088,81.76033934252386
william,16022,4189004,4205026,198.47591905495946
taylar,2507,27,2534,195.73796369376478
keshia,5380,6,5386,199.55440029706645
alexandr,301,481,782,46.03580562659847
marly,1635,5,1640,198.78048780487805
shaquita,2391,5,2396,199.1652754590985
oluwatoniloba,6,10,16,50.0
aldean,400,186,586,73.03754266211604
oracle,37,16,53,79.24528301886792
lena,145356,326,145682,199.10489971307368
steele,123,2877,3000,183.6
trystin,283,803,1086,95.76427255985267
lam,76,549,625,151.36
ellie,99466,1180,100646,195.31029549112733
kenney,5,2500,2505,199.20159680638722
tavonne,5,16,21,104.76190476190477
haylen,1009,173,1182,141.45516074450083
mara,23535,16,23551,199.72824933123857
ovie,365,480,845,27.218934911242602
dakotta,33,56,89,51.68539325842697
courtney,258319,22996,281315,167.30213461777723
jarel,6,1150,1156,197.92387543252593
syaire,39,753,792,180.3030303030303
tyria,333,6,339,192.92035398230087
declynn,201,22,223,160.53811659192826
kensey,920,5,925,197.83783783783784
kairo,261,9637,9898,189.45241462921803
tally,549,137,686,120.11661807580174
aarion,146,528,674,113.35311572700297
marque,140,1035,1175,152.3404255319149
eunice,80259,1178,81437,194.21393224210127
moxley,22,92,114,122.80701754385966
elston,5,1114,1119,198.21268990169793
koen,15,4719,4734,198.73257287705957
shamel,155,1020,1175,147.23404255319147
aubery,103,503,606,132.013201320132
amarri,331,394,725,17.379310344827587
kamarie,553,236,789,80.35487959442332
zareth,156,21,177,152.54237288135593
oza,154,26,180,142.22222222222223
gean,670,559,1229,18.06346623270952
jimmye,496,22,518,183.011583011583
aroosh,47,5,52,161.53846153846155
oluwatosin,150,156,306,3.9215686274509802
brogen,6,170,176,186.36363636363635
reis,121,802,923,147.5622968580715
asaya,16,122,138,153.6231884057971
evans,103,5299,5402,192.37319511292114
tashaun,36,715,751,180.82556591211718
maiko,71,40,111,55.85585585585585
forrest,1046,52778,53824,192.22651605231866
june,203564,3561,207125,193.12299336149667
sian,853,146,999,141.54154154154156
kaitlynn,16373,5,16378,199.87788496763952
riggs,5,2657,2662,199.24868519909842
christen,11511,2175,13686,136.43138974134152
toma,216,632,848,98.11320754716981
federico,5,8897,8902,199.77533138620535
jacee,1592,51,1643,187.58368837492392
osceola,148,61,209,83.25358851674642
lynda,77948,119,78067,199.39026733446912
christien,136,927,1063,148.82408278457197
ebba,899,22,921,190.44516829533114
aveon,20,484,504,184.12698412698413
zy,6,78,84,171.42857142857142
ashland,680,166,846,121.5130023640662
trillian,37,5,42,152.38095238095238
krisna,94,13,107,151.4018691588785
mickael,11,1481,1492,197.0509383378016
jurnee,4430,12,4442,198.9194056731202
nole,5,190,195,189.74358974358972
brailey,1164,5,1169,198.2891360136869
tallis,47,89,136,61.76470588235294
trae,46,4097,4143,195.55877383538498
jaydence,178,189,367,5.994550408719346
manraj,8,454,462,193.07359307359306
maxwell,720,106804,107524,197.3215282169562
teon,15,1030,1045,194.2583732057416
jermanie,38,113,151,99.33774834437085
diar,5,97,102,180.3921568627451
larue,3972,1540,5512,88.24383164005806
vicki,153265,294,153559,199.23417057938642
kyndel,463,28,491,177.18940936863544
baylie,3443,26,3469,197.00201787258575
taelynn,1719,10,1729,197.6865240023135
taran,560,2030,2590,113.51351351351352
shayden,289,960,1249,107.44595676541233
tyreese,49,1962,2011,190.25360517155644
akela,613,38,651,176.65130568356375
yuchen,18,105,123,141.46341463414635
arville,11,758,769,194.27828348504553
wayne,1604,354385,355989,198.1976971198548
steph,66,5,71,171.83098591549296
fox,97,3760,3857,189.94036816178377
avalon,4065,54,4119,194.75600873998545
emeris,13,28,41,73.17073170731707
nayan,5,550,555,196.3963963963964
mira,14166,5,14171,199.85886669959777
kiernan,678,1727,2405,87.23492723492724
diamante,257,643,900,85.77777777777777
cecil,7687,106867,114554,173.1585103968434
vonnie,3684,424,4108,158.71470301850047
emmaus,5,190,195,189.74358974358972
beverly,378313,4632,382945,195.16170729478125
ramsey,2183,6524,8707,99.71287469851843
kebron,16,90,106,139.62264150943395
treasure,8410,198,8608,190.7992565055762
jay,2575,194725,197300,194.7795235681703
robben,45,98,143,74.12587412587412
psalms,120,116,236,3.389830508474576
amori,609,360,969,51.39318885448917
toviyah,5,12,17,82.35294117647058
renae,14092,33,14125,199.0654867256637
azaniah,17,5,22,109.09090909090908
naphtali,83,265,348,104.59770114942528
jammie,4046,2440,6486,49.52204748689485
berthal,6,17,23,95.65217391304348
wally,147,4938,5085,188.43657817109144
najah,1850,34,1884,192.78131634819533
tahjai,28,70,98,85.71428571428571
mikaiah,101,53,154,62.33766233766234
jerzi,558,25,583,182.84734133790735
aylin,15984,63,16047,198.42961301177792
mizuki,335,11,346,187.28323699421964
mischa,1667,198,1865,157.53351206434317
dwayne,462,76621,77083,197.60258422739125
llewelyn,10,160,170,176.47058823529412
truby,34,33,67,2.9850746268656714
merlyn,1626,3404,5030,70.69582504970178
morgon,42,101,143,82.51748251748252
karna,523,6,529,195.46313799621927
kailan,512,569,1081,10.545790934320074
mckell,422,13,435,188.04597701149424
orr,5,45,50,160.0
rashida,2993,6,2999,199.1997332444148
jentry,1052,410,1462,87.82489740082079
brandt,38,6089,6127,197.5191774114575
clifton,436,70164,70600,197.52974504249292
abeer,596,194,790,101.7721518987342
chang,5,307,312,193.5897435897436
jaquel,123,405,528,106.81818181818181
edd,13,5437,5450,199.045871559633
miriam,116620,280,116900,199.04191616766468
nyre,6,5,11,18.181818181818183
oluwatamilore,218,79,297,93.60269360269359
maverick,711,64665,65376,195.64977973568284
malachi,281,63010,63291,198.22407609296738
darein,5,16,21,104.76190476190477
murry,94,3085,3179,188.17238125196602
amarion,44,4272,4316,195.92215013901762
kellin,94,1141,1235,169.55465587044534
waverly,4314,1982,6296,74.07878017789072
harvest,429,275,704,43.75
ren,728,2604,3332,112.60504201680672
aurian,11,6,17,58.82352941176471
adri,259,33,292,154.7945205479452
royale,899,653,1552,31.70103092783505
randee,2833,179,3012,176.2284196547145
pheonyx,19,6,25,104.0
ikea,580,9,589,193.8879456706282
leeland,21,3190,3211,197.38399252569292
gail,201730,8951,210681,183.00558664521242
krystian,484,1613,2097,107.67763471626132
gordie,79,203,282,87.94326241134752
leondra,758,5,763,197.37876802096986
aerin,932,16,948,193.2489451476793
chevie,75,17,92,126.08695652173914
ewell,7,2051,2058,198.63945578231292
devante,57,8250,8307,197.2553268327916
maddison,23348,53,23401,199.0940558095808
braelynn,9497,202,9699,191.66924425198474
ericka,23353,46,23399,199.21364160861575
kelcy,962,77,1039,170.3561116458133
delores,117800,430,118230,198.54520849192252
bayan,1063,115,1178,160.9507640067912
mor,14,5,19,94.73684210526315
jarvis,123,17676,17799,197.2357997640317
michon,555,29,584,180.13698630136986
gracin,219,515,734,80.65395095367847
posie,467,60,527,154.45920303605314
lawon,5,5,10,0.0
gwiza,5,7,12,33.33333333333333
kolbee,94,61,155,42.58064516129032
naoki,15,322,337,182.1958456973294
sonya,65679,182,65861,198.89464174549428
raily,5,7,12,33.33333333333333
jahnai,109,16,125,148.8
neema,753,256,1009,98.51337958374629
ashten,1151,1360,2511,16.646754281162885
daun,778,27,805,186.58385093167703
lashun,677,326,1003,69.99002991026919
daine,298,303,601,1.6638935108153077
shayan,58,2229,2287,189.85570616528202
rodrick,5,8938,8943,199.77636139997765
norvelle,24,16,40,40.0
promise,6089,394,6483,175.69026685176615
robbie,22501,21315,43816,5.413547562534235
malikia,45,10,55,127.27272727272727
aubren,30,11,41,92.6829268292683
esper,16,40,56,85.71428571428571
kaitlin,57319,75,57394,199.47729727846118
choua,390,86,476,127.73109243697478
koryn,838,6,844,197.1563981042654
erys,29,6,35,131.42857142857142
aysa,322,20,342,176.6081871345029
jovie,4307,20,4327,198.15114397966258
lashay,2837,10,2847,198.5950122936424
kamden,688,12173,12861,178.60197496306665
tyrese,148,8933,9081,193.4808941746504
milo,445,40845,41290,195.68902882053766
khalani,2378,61,2439,189.9958999589996
iria,90,10,100,160.0
hoai,6,35,41,141.46341463414635
arreon,24,16,40,40.0
averie,13041,263,13304,192.09260372820205
tayte,132,488,620,114.83870967741936
lofton,10,674,684,194.1520467836257
daryle,198,2633,2831,172.0240197809961
iyanu,21,16,37,27.027027027027028
doninique,73,19,92,117.3913043478261
kwanza,227,42,269,137.54646840148698
jalan,70,901,971,171.16374871266734
demetrus,22,639,661,186.68683812405447
brekken,22,476,498,182.3293172690763
des,5,11,16,75.0
oney,61,109,170,56.470588235294116
chinelo,131,5,136,185.29411764705884
terae,5,5,10,0.0
lawsyn,163,106,269,42.37918215613383
danni,2620,93,2713,186.28824179874675
theori,49,7,56,150.0
talin,367,646,1013,55.083909180651524
cordae,5,622,627,196.81020733652312
lannis,28,127,155,127.74193548387096
amauri,730,2071,2801,95.75151731524456
tyeler,27,267,294,163.26530612244898
rasheed,35,4801,4836,197.10504549214227
lela,42926,68,42994,199.36735358422106
starlyn,734,16,750,191.46666666666667
aldene,347,5,352,194.3181818181818
jaxyn,340,1293,1633,116.71769748928354
kova,145,104,249,32.93172690763052
braydon,23,14222,14245,199.35415935415935
tupou,12,5,17,82.35294117647058
trisha,40259,53,40312,199.47410200436596
loree,3469,5,3474,199.4242947610823
arris,15,167,182,167.03296703296704
dawsen,31,505,536,176.86567164179107
earnie,326,1180,1506,113.41301460823374
deavon,29,417,446,173.9910313901345
valon,5,235,240,191.66666666666669
tyla,3227,7,3234,199.13419913419915
shalen,72,11,83,146.9879518072289
giannis,32,947,979,186.92543411644536
aniko,210,57,267,114.6067415730337
namiko,260,8,268,188.05970149253733
azreal,5,223,228,191.2280701754386
nate,301,4395,4696,174.3611584327087
raelynn,32322,51,32373,199.36984524140487
dajah,2013,7,2020,198.6138613861386
hollis,5289,15748,21037,99.43432999001759
ifeoluwa,348,168,516,69.76744186046511
kemari,522,1505,2027,96.99062654168722
korby,12,94,106,154.7169811320755
carlie,14953,1292,16245,168.18713450292398
oris,232,1661,1893,150.9772847332277
caris,1194,5,1199,198.33194328607172
azlan,13,1103,1116,195.34050179211468
yanai,99,42,141,80.85106382978722
virgal,5,220,225,191.11111111111111
wesleigh,357,5,362,194.47513812154696
teja,571,73,644,154.65838509316768
katye,478,5,483,195.8592132505176
sakhi,21,26,47,21.27659574468085
covey,68,241,309,111.97411003236246
ryel,11,41,52,115.38461538461537
jawanza,5,201,206,190.29126213592232
shema,35,20,55,54.54545454545454
jan,54527,22355,76882,83.691891470045
syler,26,756,782,186.7007672634271
karsten,167,3225,3392,180.3066037735849
javan,43,3564,3607,195.23149431660661
carlas,59,174,233,98.71244635193133
kellyn,1976,220,2196,159.9271402550091
kish,15,5,20,100.0
brinson,6,366,372,193.5483870967742
joziah,5,5140,5145,199.61127308066085
terrell,1585,36384,37969,183.30216755774447
delayne,629,56,685,167.2992700729927
lanier,142,1058,1200,152.66666666666666
noor,7838,1034,8872,153.3814247069432
hadlee,4950,24,4974,198.06996381182148
valeria,78213,105,78318,199.46372481421895
alston,22,2562,2584,196.59442724458205
juelle,95,21,116,127.58620689655173
corinne,49619,15,49634,199.87911512269815
reyan,17,777,794,191.43576826196474
kye,340,5421,5761,176.3929873285888
harvin,12,246,258,181.3953488372093
elba,3384,313,3697,166.13470381390317
merdith,62,63,125,1.6
bentley,3388,58336,61724,178.04419674680838
tait,16,1207,1223,194.766966475879
hyun,168,263,431,44.08352668213457
bert,657,33577,34234,192.32342116025006
rayleigh,2850,82,2932,188.8130968622101
saki,308,11,319,186.20689655172413
asante,249,1199,1448,131.21546961325967
pele,52,51,103,1.9417475728155338
vian,32,305,337,162.01780415430267
tari,2269,46,2315,192.05183585313173
cadyn,407,1048,1455,88.10996563573883
roux,351,111,462,103.89610389610388
daniell,2047,831,2878,84.50312717164698
prentiss,65,2724,2789,190.6776622445321
gwynn,1033,133,1166,154.37392795883363
madrid,37,5,42,152.38095238095238
kishon,20,262,282,171.63120567375887
undra,75,558,633,152.60663507109004
haydenn,31,6,37,135.13513513513513
bart,5,16357,16362,199.87776555433322
endi,25,107,132,124.24242424242425
rozelle,492,33,525,174.85714285714286
azriel,660,3433,4093,135.499633520645
wade,168,75552,75720,199.11251980982567
taytem,205,16,221,171.04072398190044
candice,67959,155,68114,199.0897612825557
darcel,1240,131,1371,161.77972283005107
shawna,45522,105,45627,199.07949240581235
airon,5,204,209,190.43062200956936
jonah,752,82424,83176,196.38357218428393
kimmy,1084,277,1361,118.58927259368113
nabi,64,36,100,56.00000000000001
johnathon,52,25531,25583,199.1869600906852
fair,41,5,46,156.52173913043478
hargun,208,25,233,157.08154506437768
elda,8950,42,8992,198.13167259786476
fiona,33296,5,33301,199.9399417434912
ned,5,17284,17289,199.88431950951474
carmela,24318,5,24323,199.91777330099083
collins,9490,3638,13128,89.15295551492991
keri,32047,325,32372,195.98418386259732
emari,1140,1110,2250,2.666666666666667
simon,161,68732,68893,199.06521707575516
aryam,440,38,478,168.20083682008368
tylar,1346,1626,2972,18.842530282637952
viola,132741,434,133175,198.6964520367937
vesper,859,66,925,171.45945945945945
regis,343,5185,5528,175.1808972503618
aby,272,56,328,131.70731707317074
dejon,77,2588,2665,188.44277673545966
amor,2131,654,2785,106.06822262118492
ason,41,451,492,166.66666666666669
oluwaseun,141,272,413,63.438256658595634
bailee,16012,232,16244,194.28712139867028
zani,153,101,254,40.94488188976378
julien,231,13403,13634,193.2228252897169
khali,1347,685,2032,65.15748031496062
destin,745,6013,6758,155.90411364308966
roe,197,899,1096,128.1021897810219
jamiah,2438,350,2788,149.7847919655667
kiza,19,23,42,19.047619047619047
legendary,5,106,111,181.981981981982
abrian,5,369,374,194.6524064171123
kota,138,960,1098,149.72677595628417
datril,5,6,11,18.181818181818183
sevan,49,338,387,149.35400516795866
shon,358,5163,5521,174.06266980619455
drelynn,30,36,66,18.181818181818183
jasmen,607,11,618,192.88025889967636
arshdeep,21,138,159,147.16981132075472
jone,687,24,711,186.49789029535867
claris,985,77,1062,170.99811676082862
rell,23,12,35,62.857142857142854
zechariah,13,11059,11072,199.53034682080926
kiera,21630,19,21649,199.64894452399648
khyza,12,36,48,100.0
ether,1214,71,1285,177.8988326848249
jaleen,344,380,724,9.94475138121547
trang,955,8,963,196.67705088265836
dane,386,33289,33675,195.41499628804752
randell,148,10000,10148,194.16633819471818
bayle,221,28,249,155.02008032128515
daneal,6,26,32,125.0
cleatis,21,207,228,163.1578947368421
sheldon,496,36626,37122,194.65546037390226
garnell,99,406,505,121.58415841584159
daylon,10,3226,3236,198.76390605686032
jacie,4177,5,4182,199.52175992348157
poe,23,81,104,111.53846153846155
mitchell,1128,163813,164941,197.2644763885268
izra,20,32,52,46.15384615384615
roxanna,13398,7,13405,199.7911227154047
martelle,12,25,37,70.27027027027027
keyoir,46,6,52,153.84615384615387
blaire,7156,104,7260,194.26997245179064
jensy,49,59,108,18.51851851851852
greysen,249,2754,3003,166.8331668331668
welles,10,428,438,190.8675799086758
eyram,37,30,67,20.8955223880597
linzy,966,565,1531,52.38406270411495
arla,2763,17,2780,197.55395683453239
alondra,41878,122,42000,198.83809523809524
anesti,5,5,10,0.0
day,161,136,297,16.835016835016837
kerrington,816,178,994,128.3702213279678
amaurie,73,91,164,21.951219512195124
jill,208052,501,208553,199.03909318015084
flora,70483,172,70655,199.026254334442
xolani,829,67,896,170.08928571428572
cru,34,1448,1482,190.82321187584347
acai,6,38,44,145.45454545454547
sevy,11,15,26,30.76923076923077
arrian,27,86,113,104.42477876106196
whittney,1633,5,1638,198.77899877899878
omri,36,863,899,183.98220244716353
elin,4999,152,5151,188.1964667054941
scyler,5,12,17,82.35294117647058
cree,1103,1089,2192,1.2773722627737227
esosa,57,10,67,140.2985074626866
kacey,11749,3119,14868,116.08824320688727
giani,249,333,582,28.865979381443296
bera,181,12,193,175.12953367875647
kent,171,69225,69396,199.0143524122428
amran,322,75,397,124.43324937027708
earline,16524,59,16583,198.5768558161973
oren,45,9326,9371,198.07918045032545
leora,11955,6,11961,199.799347880612
romaine,3136,982,4118,104.6138902379796
merritt,2829,6034,8863,72.32314114859528
psalm,277,567,844,68.72037914691943
jiwoo,56,23,79,83.54430379746836
rocket,45,361,406,155.6650246305419
kamali,125,150,275,18.181818181818183
marquette,652,1277,1929,64.80041472265422
perrie,360,44,404,156.43564356435644
carden,37,413,450,167.11111111111111
nikkia,1441,12,1453,196.69649002064693
derrie,22,51,73,79.45205479452055
shayne,2947,10708,13655,113.67264738191139
jalonni,47,5,52,161.53846153846155
alijha,11,48,59,125.42372881355932
dacie,136,5,141,185.81560283687944
doreen,46405,58,46463,199.50067795880594
mirage,127,5,132,184.84848484848484
ngawang,19,76,95,120.0
aseda,65,15,80,125.0
taj,548,5616,6164,164.4386761842959
neco,38,187,225,132.44444444444446
peggy,292751,798,293549,198.91261765497413
theoda,20,10,30,66.66666666666666
georgi,419,74,493,139.95943204868152
audley,5,694,699,197.1387696709585
shakti,200,11,211,179.14691943127963
kore,12,77,89,146.06741573033707
lari,841,38,879,182.70762229806598
jacobia,15,5,20,100.0
bernice,182094,3403,185497,192.66187593330352
zian,152,838,990,138.5858585858586
briana,96680,206,96886,199.14951592593357
eather,543,6,549,195.62841530054644
castiel,33,3660,3693,196.42567018683997
alexes,700,139,839,133.73063170441003
torrence,186,3192,3378,177.97513321492008
kurrency,5,40,45,155.55555555555557
ira,6902,55104,62006,155.47527658613683
azhar,147,289,436,65.13761467889908
shawndale,28,158,186,139.78494623655914
jasiel,91,2391,2482,185.33440773569703
carolyn,556593,1620,558213,198.83915279651316
kahlen,267,67,334,119.76047904191616
ayoola,12,10,22,18.181818181818183
demoni,140,404,544,97.05882352941177
jashan,5,296,301,193.35548172757476
sutter,48,519,567,166.13756613756613
darel,5,2116,2121,199.05704856199907
shaddai,289,107,396,91.91919191919192
jannie,14819,28,14847,199.24563884959926
ande,197,41,238,131.0924369747899
iker,7,18096,18103,199.8453295033972
testimony,28,5,33,139.3939393939394
zaine,16,1949,1965,196.74300254452925
burkley,113,73,186,43.01075268817204
bodhi,530,12980,13510,184.3079200592154
jaya,3822,28,3850,197.0909090909091
marcia,133274,284,133558,199.1494332050495
ambar,2916,5,2921,199.31530297843204
amillion,214,210,424,1.8867924528301887
schyler,602,772,1374,24.745269286754006
karlin,460,419,879,9.328782707622297
kayden,8052,70872,78924,159.19112057168923
tayvin,19,429,448,183.03571428571428
javen,100,3423,3523,188.64604030655693
carli,8921,5,8926,199.7759354694152
rorey,97,142,239,37.65690376569037
paola,24314,148,24462,197.5799198757256
becky,86865,144,87009,199.3379995172913
rogue,635,421,1056,40.53030303030303
kendahl,662,49,711,172.43319268635724
jazzman,241,24,265,163.77358490566039
kinte,12,213,225,178.66666666666666
ackley,10,48,58,131.0344827586207
issie,6,5,11,18.181818181818183
sebastian,398,209385,209783,199.24112058651082
orian,86,710,796,156.78391959798995
kayman,21,183,204,158.8235294117647
zamarii,5,11,16,75.0
everal,5,5,10,0.0
shoney,11,5,16,75.0
malu,247,5,252,192.06349206349208
chayden,6,327,333,192.7927927927928
oluwafikayomi,26,17,43,41.86046511627907
alexiel,5,52,57,164.91228070175438
markell,219,4676,4895,182.10418794688457
walton,10,5833,5843,199.31542016087627
toby,8284,34607,42891,122.74369914434264
suhan,15,122,137,156.2043795620438
kyndal,4649,139,4788,188.38763575605682
jancy,323,5,328,193.90243902439025
krishna,1890,2316,4206,20.256776034236804
asanti,249,56,305,126.55737704918033
anand,17,1886,1903,196.42669469259064
sandie,2714,5,2719,199.2644354542111
landrey,404,40,444,163.96396396396395
quinncy,10,15,25,40.0
elroy,6,7454,7460,199.67828418230562
tagan,63,54,117,15.384615384615385
lundy,30,325,355,166.19718309859155
delone,41,46,87,11.494252873563218
vinci,5,8,13,46.15384615384615
maryann,62831,52,62883,199.66922697708443
mitchel,22,13276,13298,199.338246352835
cayenne,410,32,442,171.04072398190044
alante,101,521,622,135.04823151125402
thang,29,739,768,184.89583333333331
koltyn,5,1088,1093,198.17017383348582
meerab,172,11,183,175.95628415300547
nasir,54,17290,17344,198.75461254612546
margo,26665,34,26699,199.4906176261283
zakhari,26,360,386,173.05699481865284
lucky,568,3513,4081,144.3273707424651
alta,28898,117,29015,198.38704118559366
klever,13,102,115,154.78260869565216
eben,6,3580,3586,199.3307306190742
rema,1199,10,1209,196.6914805624483
donielle,1950,91,2041,182.1656050955414
maryland,983,316,1299,102.69438029253273
renie,614,6,620,196.1290322580645
armonie,702,235,937,99.67982924226254
korbynn,21,8,29,89.65517241379311
french,10,1119,1129,196.45704162976085
brittni,5986,6,5992,199.59946595460613
lori,341795,853,342648,199.00422591113914
dawn,289552,1040,290592,198.56843959916307
christan,1366,1570,2936,13.896457765667575
lonny,56,6352,6408,196.50436953807738
luellen,690,5,695,197.12230215827338
chen,57,193,250,108.80000000000001
sunny,12379,4302,16681,96.84071698339429
giovanny,30,6644,6674,198.20197782439317
brodie,492,11174,11666,183.130464597977
makiah,2224,498,2722,126.81851579720794
sevi,108,22,130,132.3076923076923
jayne,29046,33,29079,199.5460641700196
luke,556,316031,316587,199.29750747819713
kenyatte,61,123,184,67.3913043478261
haydyn,307,291,598,5.351170568561873
tabby,162,5,167,188.02395209580837
paden,198,1766,1964,159.67413441955193
julianna,51498,26,51524,199.79815231736666
skye,23684,2844,26528,157.11700844390833
macen,5,940,945,197.88359788359787
prestyn,308,831,1139,91.83494293239683
tobbie,17,22,39,25.64102564102564
elon,512,3028,3540,142.14689265536725
viridian,33,10,43,106.9767441860465
sha,639,127,766,133.68146214099218
emmette,7,812,819,196.58119658119656
bill,716,160457,161173,198.2230274301527
memory,1333,6,1339,198.20761762509335
kennith,5,10554,10559,199.8105881238754
alin,498,144,642,110.28037383177569
shams,300,99,399,100.75187969924812
shah,10,418,428,190.65420560747663
landri,1026,5,1031,198.06013579049466
elzie,657,3859,4516,141.80690876882196
ryken,5,694,699,197.1387696709585
vince,5,12567,12572,199.84091632198536
rosanna,14571,6,14577,199.83535706935584
anan,5,84,89,177.52808988764045
arnez,5,571,576,196.52777777777777
noy,22,17,39,25.64102564102564
jett,636,24287,24923,189.7925610881515
nakia,8730,2006,10736,125.2608047690015
zakariyah,19,147,166,154.21686746987953
foy,421,2112,2533,133.51756810106593
aubre,798,15,813,192.61992619926198
cobi,254,673,927,90.39913700107874
laker,5,207,212,190.56603773584905
ventura,226,1301,1527,140.79895219384412
jamilah,2613,16,2629,197.56561430201597
iman,5032,1396,6428,113.13005600497823
savaughn,5,145,150,186.66666666666666
lavi,10,238,248,183.8709677419355
rosemarie,51308,33,51341,199.74289554157497
diabolique,14,7,21,66.66666666666666
mecca,2263,759,3022,99.53673064195897
camila,117228,114,117342,199.61139234033848
averee,1127,51,1178,182.68251273344652
arden,7253,8340,15593,13.942153530430321
camron,399,14738,15137,189.4562991345709
tarahji,109,7,116,175.86206896551724
glenna,25617,5,25622,199.92194208102413
leshawn,312,800,1112,87.76978417266187
nyel,32,107,139,107.91366906474819
jaciel,5,1006,1011,198.0217606330366
oswyn,6,11,17,58.82352941176471
keaton,1331,21749,23080,176.93240901213173
deanne,14851,5,14856,199.86537425955845
kena,1835,63,1898,186.72286617492097
malvin,12,2673,2685,198.2122905027933
jaxin,5,960,965,197.92746113989637
gavriel,5,1935,1940,198.96907216494844
gareth,5,4342,4347,199.53991258339084
bradley,1913,312200,314113,197.5639339982745
wallis,565,625,1190,10.084033613445378
jody,55829,31520,87349,55.65948093280977
makell,149,337,486,77.36625514403292
simcha,222,1915,2137,158.44642021525505
areion,31,10,41,102.4390243902439
dorothy,1111479,3677,1115156,198.68108139130308
ryhan,5,27,32,137.5
ziyi,20,5,25,120.0
whitlee,881,6,887,197.29425028184892
saumya,244,5,249,191.96787148594376
ayo,79,155,234,64.95726495726495
della,70274,139,70413,199.21037308451562
carlus,10,525,535,192.52336448598132
nino,21,2687,2708,196.89807976366322
liyan,11,63,74,140.54054054054055
gibson,151,5311,5462,188.94177956792385
braylynn,1570,178,1748,159.26773455377574
yadira,12777,23,12800,199.28125
jessi,6497,1314,7811,132.71028037383178
haevyn,366,5,371,194.60916442048517
bradlyn,5,34,39,148.71794871794873
temitayo,39,88,127,77.16535433070865
greycen,11,190,201,178.10945273631842
domonic,67,2970,3037,191.17550214027
khilyn,52,60,112,14.285714285714285
neri,220,645,865,98.26589595375722
belen,11940,79,12019,197.3708295199268
adair,1397,1730,3127,21.29836904381196
brezlin,5,6,11,18.181818181818183
terris,143,837,980,141.6326530612245
ashlynn,25567,12,25579,199.81234606513155
ordie,5,26,31,135.48387096774192
kamrynn,920,40,960,183.33333333333331
taurean,45,2250,2295,192.15686274509804
neko,247,967,1214,118.6161449752883
gaylen,348,2025,2373,141.34007585335019
rochon,5,5,10,0.0
josephine,327305,991,328296,198.792553061871
ennis,320,3196,3516,163.59499431171787
kaimana,154,979,1133,145.63106796116506
ashby,743,1642,2385,75.38784067085955
jorah,77,248,325,105.23076923076924
kenedy,608,20,628,187.2611464968153
hazle,2441,43,2484,193.0756843800322
justis,432,1492,1924,110.18711018711018
koast,10,61,71,143.66197183098592
millen,5,26,31,135.48387096774192
fathi,15,36,51,82.35294117647058
mykell,258,798,1056,102.27272727272727
carmen,141984,16857,158841,157.5500028330217
lai,231,25,256,160.9375
donelle,1127,323,1450,110.89655172413792
deonna,3747,5,3752,199.4669509594883
kiyomi,1882,6,1888,198.72881355932205
mackay,21,276,297,171.7171717171717
dyan,1804,116,1920,175.83333333333334
isabell,15184,5,15189,199.86832576206467
tavis,6,2201,2207,198.9125509741731
aeryn,1150,29,1179,190.16115351993216
myel,10,35,45,111.11111111111111
verlin,292,3812,4104,171.5399610136452
tarryn,785,15,800,192.5
dillan,384,6966,7350,179.10204081632654
eloise,68429,111,68540,199.3522030930843
nellis,18,18,36,0.0
darnel,46,1006,1052,182.50950570342206
jewell,29428,4679,34107,145.12563403406926
billi,1740,5,1745,198.85386819484242
hilder,26,5,31,135.48387096774192
larry,3560,807374,810934,198.2440001282472
arleth,5680,5,5685,199.6481970096746
germani,341,18,359,179.9442896935933
elwood,53,20702,20755,198.97855938328112
kaydin,545,1283,1828,80.74398249452955
roshawn,422,931,1353,75.24020694752403
meyers,11,38,49,110.20408163265304
malijah,99,55,154,57.14285714285714
ikram,328,43,371,153.6388140161725
arys,27,24,51,11.76470588235294
lejeune,6,5,11,18.181818181818183
naje,111,37,148,100.0
idel,18,6,24,100.0
jasaiah,10,159,169,176.33136094674555
yamari,208,90,298,79.19463087248322
saiyan,6,113,119,179.83193277310926
cody,5146,290917,296063,193.0474257168238
xavi,6,2372,2378,198.99074852817492
raven,44135,3290,47425,172.2509225092251
shaunta,1193,37,1230,187.96747967479675
rhonda,208050,589,208639,198.87077679628447
phenix,343,479,822,33.09002433090024
win,16,170,186,165.59139784946237
cherry,11538,136,11674,195.34007195477128
hyland,52,232,284,126.7605633802817
kartyr,23,13,36,55.55555555555556
juddie,16,11,27,37.03703703703704
zamar,6,594,600,196.0
dorris,7360,1675,9035,125.84394023242945
arlowe,104,23,127,127.55905511811024
admire,145,45,190,105.26315789473684
weldon,25,14201,14226,199.29706171798117
horizon,117,28,145,122.75862068965517
tia,33731,64,33795,199.24249149282437
doney,5,5,10,0.0
justin,3804,788927,792731,198.08055948360794
rickie,1840,16369,18209,159.58042726124444
merce,5,5,10,0.0
kodah,30,472,502,176.09561752988049
alex,9749,284633,294382,186.75326616437147
faith,146585,283,146868,199.22923986164446
odera,14,18,32,25.0
tayen,111,67,178,49.43820224719101
gwyn,2105,299,2404,150.2495840266223
luisa,14073,33,14106,199.06422798809018
alyjah,50,333,383,147.78067885117494
louie,2311,30507,32818,171.8325309281492
ermie,136,5,141,185.81560283687944
corby,303,1350,1653,126.67876588021778
raynel,5,50,55,163.63636363636365
lenzy,54,467,521,158.54126679462573
evian,273,578,851,71.68037602820212
saron,771,151,922,134.49023861171366
haize,28,76,104,92.3076923076923
jarred,8,13242,13250,199.75849056603775
marshell,636,925,1561,37.027546444586804
vivan,367,434,801,16.729088639201
jonquil,214,55,269,118.21561338289963
norman,1602,252984,254586,197.4829723551177
yanick,45,57,102,23.52941176470588
kumari,122,36,158,108.86075949367088
mehar,564,41,605,172.89256198347107
kimberley,38021,235,38256,197.54286909242995
camille,74410,1389,75799,192.67008799588385
freddi,63,70,133,10.526315789473683
shalamar,234,83,317,95.26813880126183
corneal,5,22,27,125.92592592592592
rylinn,533,5,538,196.2825278810409
alaijah,723,5,728,197.25274725274727
hager,39,84,123,73.17073170731707
demitri,23,2103,2126,195.67262464722484
douglas,2073,559708,561781,198.52397998508314
eran,87,609,696,150.0
jazire,7,13,20,60.0
collen,512,661,1173,25.404944586530263
marianne,65406,49,65455,199.70055763501642
raymi,16,19,35,17.142857142857142
jaelin,918,1252,2170,30.783410138248847
sanai,4076,25,4101,197.56157034869543
brenton,18,15028,15046,199.5214674996677
sabian,21,938,959,191.24087591240877
noname,5,11,16,75.0
faelan,10,69,79,149.36708860759492
tobie,1381,929,2310,39.134199134199136
mykelle,109,5,114,182.45614035087718
keni,252,88,340,96.47058823529412
lance,345,105563,105908,198.69698228651282
xzavia,65,26,91,85.71428571428571
saba,1560,88,1648,178.64077669902915
adam,2065,576860,578925,198.57321760158914
foye,254,120,374,71.65775401069519
akia,1560,94,1654,177.26723095525998
kollyn,83,181,264,74.24242424242425
ulises,15,11730,11745,199.48914431673052
hassie,1548,10,1558,197.43260590500643
waylyn,106,234,340,75.29411764705883
rhiannon,15325,5,15330,199.86953685583822
arha,272,5,277,192.77978339350182
joe,11318,453008,464326,190.24995369632543
shamari,1063,844,1907,22.968012585212374
kana,860,18,878,191.7995444191344
napoleon,5,7782,7787,199.74316167972262
camile,984,33,1017,187.0206489675516
jasey,639,5,644,196.8944099378882
dinnie,5,27,32,137.5
danieal,29,13,42,76.19047619047619
geffen,12,31,43,88.37209302325581
ryleigh,34242,429,34671,195.0506186726659
deron,35,5701,5736,197.55927475592748
fenley,11,5,16,75.0
camrynn,663,36,699,179.39914163090128
conda,205,15,220,172.72727272727272
kishawn,10,349,359,188.85793871866295
mikale,39,369,408,161.76470588235296
abbey,17488,35,17523,199.20105004850768
shani,4518,17,4535,198.50055126791622
francell,10,5,15,66.66666666666666
abey,17,10,27,51.85185185185185
yacine,86,118,204,31.372549019607842
lenni,295,16,311,179.42122186495178
abba,11,80,91,151.64835164835165
maru,11,26,37,81.08108108108108
henly,42,10,52,123.07692307692308
jullian,948,2798,3746,98.7720234917245
dynell,6,58,64,162.5
tavish,5,759,764,197.38219895287958
emiliano,5,39128,39133,199.94889223928652
kawai,5,100,105,180.95238095238096
tani,997,10,1007,196.02780536246277
novah,3213,493,3706,146.78899082568807
denelle,637,6,643,196.2674961119751
zennie,113,10,123,167.47967479674796
talon,535,12319,12854,183.35148591878016
ravyn,2583,19,2602,197.07916986933128
britain,705,810,1515,13.861386138613863
shanay,1415,45,1460,187.67123287671234
joy,139933,2602,142535,192.69793384081103
kylor,5,491,496,195.96774193548387
khalen,5,197,202,190.0990099009901
codee,195,256,451,27.0509977827051
helon,666,5,671,197.01937406855438
damon,316,68226,68542,198.15587522978612
tionne,735,86,821,158.09987819732035
eider,7,538,545,194.86238532110093
tifeoluwa,5,61,66,169.6969696969697
wheeler,5,1883,1888,198.94067796610167
najay,26,26,52,0.0
armony,34,5,39,148.71794871794873
demitrius,11,1958,1969,197.76536312849163
deshea,162,16,178,164.04494382022472
karol,9648,1437,11085,148.14614343707711
domino,155,21,176,152.27272727272728
emrys,309,1151,1460,115.34246575342466
collie,354,1172,1526,107.20838794233289
franklyn,88,6073,6161,194.286641778932
ardyn,381,80,461,130.58568329718003
yael,4371,4899,9270,11.3915857605178
etienne,91,1593,1684,178.38479809976246
cammie,3936,28,3964,197.17457114026234
lolo,11,5,16,75.0
yazmin,9216,7,9223,199.69641114604792
kary,1962,1416,3378,32.326820603907635
amiel,62,1200,1262,180.3486529318542
tian,153,361,514,80.93385214007782
zyah,541,49,590,166.77966101694915
demetres,6,97,103,176.6990291262136
brendan,325,91612,91937,198.58598823107127
tracye,1080,5,1085,198.15668202764977
veryl,374,686,1060,58.867924528301884
lashaun,1275,882,2157,36.43949930458971
vashawn,33,499,532,175.18796992481202
kayla,345723,574,346297,199.33698530452185
maysin,5,100,105,180.95238095238096
elaine,261872,653,262525,199.0050471383678
lanel,28,5,33,139.3939393939394
leandre,15,1639,1654,196.37243047158404
elie,379,2983,3362,154.90779298036884
eno,5,76,81,175.30864197530863
quin,572,1678,2250,98.31111111111112
moyosoreoluwa,17,17,34,0.0
danai,415,5,420,195.23809523809524
jamiel,19,858,877,191.33409350057013
emanuelle,195,196,391,0.5115089514066496
hanalei,260,16,276,176.81159420289856
ani,3125,5,3130,199.36102236421723
jaydynn,64,22,86,97.67441860465115
amarie,2414,485,2899,133.08037254225596
amary,135,11,146,169.86301369863014
caedyn,83,393,476,130.25210084033614
kriston,720,540,1260,28.57142857142857
najee,417,2738,3155,147.1315372424723
linley,1612,84,1696,180.18867924528303
murel,225,485,710,73.23943661971832
jearl,54,542,596,163.75838926174498
mithra,306,5,311,193.56913183279744
arlie,2522,6696,9218,90.56194402256455
kaedynn,16,11,27,37.03703703703704
dusti,1806,9,1815,198.01652892561984
oriel,135,294,429,74.12587412587412
meru,5,10,15,66.66666666666666
sims,5,306,311,193.56913183279744
gayle,61358,4951,66309,170.13376766351476
tyrae,35,326,361,161.21883656509695
jamesen,5,192,197,189.8477157360406
christian,19847,450258,470105,183.1127088629136
jaymeson,28,714,742,184.9056603773585
chi,746,554,1300,29.53846153846154
victory,1725,677,2402,87.26061615320566
dovie,9046,10,9056,199.55830388692578
demea,5,12,17,82.35294117647058
jacksyn,59,280,339,130.38348082595869
vashion,5,11,16,75.0
eudell,241,132,373,58.4450402144772
ibukunoluwa,51,34,85,40.0
sean,2962,423036,425998,197.21876628528773
ariann,471,6,477,194.9685534591195
manuela,10961,35,10996,198.72680974899964
kaden,1100,68537,69637,193.6815198816721
malan,200,5,205,190.2439024390244
jailen,299,1389,1688,129.14691943127963
alexander,4531,728817,733348,197.5285948826478
coral,10870,191,11061,193.09284874785283
auggie,5,218,223,191.03139013452915
inez,68196,955,69151,194.4758571821087
tiger,62,1217,1279,180.60985144644252
sokha,55,27,82,68.29268292682927
salam,260,128,388,68.04123711340206
leonides,18,682,700,189.71428571428572
xuan,242,25,267,162.54681647940075
halsten,5,33,38,147.36842105263156
clester,31,158,189,134.3915343915344
joanne,211903,504,212407,199.05087873751808
alan,1076,361388,362464,198.81257173126158
zackary,7,31469,31476,199.91104333460413
frank,4611,915398,920009,197.99523700311627
daebreon,13,5,18,88.88888888888889
rivian,11,11,22,0.0
zai,65,227,292,110.95890410958904
anita,214999,684,215683,198.73147165052413
adrianne,13313,31,13344,199.07074340527578
vanness,5,13,18,88.88888888888889
kendra,98110,350,98460,198.57810278285598
eldra,26,47,73,57.534246575342465
nehal,197,77,274,87.59124087591242
dominique,50730,23435,74165,73.60614845277422
joanna,110756,306,111062,198.89791287749185
avynn,99,5,104,180.76923076923077
breion,45,153,198,109.09090909090908
jashon,6,946,952,197.47899159663865
nadia,46016,62,46078,199.46178219540778
soul,284,402,686,34.40233236151604
xi,47,44,91,6.593406593406594
shady,202,328,530,47.54716981132076
breyan,10,20,30,66.66666666666666
noah,4547,509025,513572,196.45852967062066
madian,7,5,12,33.33333333333333
zakai,18,3520,3538,197.96495195025437
amyre,98,22,120,126.66666666666666
dove,1290,32,1322,190.31770045385778
marche,411,7,418,193.30143540669857
layden,74,1108,1182,174.95769881556683
greatness,10,39,49,118.36734693877551
kaygen,17,12,29,34.48275862068966
paxton,2075,27199,29274,171.64719546355127
lennell,15,128,143,158.04195804195805
rosanne,14740,5,14745,199.86436080027127
guy,470,90529,90999,197.93404323124432
jace,859,88418,89277,196.15130436730627
javanni,5,131,136,185.29411764705884
nelda,20129,5,20134,199.90066554087613
carrington,2646,1811,4457,37.46914965223244
donnel,47,776,823,177.15674362089914
brett,3393,158979,162372,191.64141600768605
magin,69,5,74,172.97297297297297
isra,1622,17,1639,195.8511287370348
jamaria,1312,42,1354,187.59231905465288
dylan,15929,412422,428351,185.12528277043828
sekhani,5,56,61,167.21311475409837
arzo,5,39,44,154.54545454545453
rochell,1619,92,1711,178.49210987726477
mychel,10,10,20,0.0
jordynn,5070,99,5169,192.3389437028439
dessiah,17,77,94,127.65957446808511
bell,2488,130,2618,180.13750954927426
arius,42,1071,1113,184.9056603773585
mars,175,1213,1388,149.56772334293947
jacqui,876,13,889,194.15073115860517
tae,103,440,543,124.12523020257827
harlym,402,87,489,128.83435582822085
riplee,48,31,79,43.037974683544306
loel,5,284,289,193.07958477508652
noe,421,23150,23571,192.855627678079
karmen,7167,15,7182,199.16457811194653
geordan,55,582,637,165.46310832025117
merlin,904,14987,15891,177.244981436033
jermani,815,155,970,136.08247422680412
makaiah,212,35,247,143.31983805668017
romyn,13,194,207,174.87922705314008
hollan,120,37,157,105.73248407643312
christia,737,82,819,159.95115995115995
vale,327,183,510,56.470588235294116
sunnie,2471,53,2524,191.60063391442154
yong,124,301,425,83.29411764705881
sopheap,80,46,126,53.96825396825397
dajon,70,1711,1781,184.27849522740033
tayon,5,455,460,195.65217391304347
marce,169,111,280,41.42857142857143
torrey,1266,5053,6319,119.86073745845862
kevan,52,3479,3531,194.10931747380346
kenyell,22,7,29,103.44827586206897
gilberto,58,28526,28584,199.18835712286594
dakotah,2278,3123,5401,31.29050175893353
laura,800987,2579,803566,198.7162224384805
leone,6175,430,6605,173.95912187736565
keanu,225,8264,8489,189.39804452821298
maysun,96,5,101,180.1980198019802
laine,3904,2029,5933,63.20579807854374
martha,551325,1991,553316,198.56067780436496
nocona,6,11,17,58.82352941176471
mojolaoluwa,36,6,42,142.85714285714286
charly,2469,1299,3768,62.101910828025474
brandan,96,5670,5766,193.34027055150884
tilar,20,13,33,42.42424242424242
raegen,905,5,910,197.8021978021978
denym,375,294,669,24.2152466367713
ross,422,81752,82174,197.94582227955314
ares,263,7120,7383,185.75104970879045
an,1357,1101,2458,20.82994304312449
allante,131,486,617,115.07293354943273
lenyx,237,221,458,6.986899563318777
kaycen,48,1475,1523,187.39330269205516
fatima,38006,46,38052,199.5164511720803
harlan,463,26026,26489,193.0084185888482
nathan,1769,582484,584253,198.7888808444287
kevi,11,10,21,9.523809523809524
gwendell,50,5,55,163.63636363636365
reynolds,123,1656,1779,172.34401349072513
le,878,775,1653,12.462189957652752
amey,851,53,904,176.5486725663717
jeryn,61,138,199,77.38693467336684
gurjot,6,178,184,186.95652173913044
sienna,37207,10,37217,199.89252223446275
paxten,31,294,325,161.84615384615384
chawn,40,187,227,129.51541850220266
kendal,9073,4664,13737,64.19159933027589
dione,2373,567,2940,122.85714285714286
drake,83,36489,36572,199.09220168434868
talen,44,1960,2004,191.21756487025948
vera,147970,398,148368,198.92699234336243
shion,38,126,164,107.31707317073172
keola,31,575,606,179.53795379537954
sumner,212,2427,2639,167.86661614247822
egan,49,1192,1241,184.20628525382756
janell,15713,23,15736,199.41535332994405
kirat,82,6,88,172.72727272727272
vandy,193,299,492,43.08943089430895
jayme,14056,3883,17939,113.41769329394057
zyrie,31,76,107,84.11214953271028
ki,109,426,535,118.50467289719626
emery,40609,20100,60709,67.56494094780015
linda,1454832,3756,1458588,198.96996273107965
clennie,22,27,49,20.408163265306122
oriah,397,5,402,195.02487562189054
berkley,5208,2169,7377,82.39121594143961
kyel,5,284,289,193.07958477508652
kaena,71,23,94,102.12765957446808
neylan,261,113,374,79.14438502673798
rhodes,172,2230,2402,171.3572023313905
shree,1005,13,1018,194.89194499017682
joany,59,5,64,168.75
jonelle,3230,21,3251,197.41617963703476
bailor,38,57,95,40.0
thao,1040,192,1232,137.66233766233768
kaori,1309,68,1377,180.2469135802469
olin,5,9842,9847,199.7968924545547
janae,17928,6,17934,199.86617597858816
lynnox,424,182,606,79.86798679867987
razi,5,123,128,184.375
kili,117,11,128,165.625
jissie,10,45,55,127.27272727272727
ryelee,283,57,340,132.94117647058823
amarea,125,6,131,181.6793893129771
ananda,1624,111,1735,174.4092219020173
kiki,1099,25,1124,191.10320284697508
neymar,5,2844,2849,199.2979992979993
coleman,29,17451,17480,199.33638443935925
nhan,5,361,366,194.53551912568307
wanya,17,484,501,186.42714570858283
hollin,102,20,122,134.4262295081967
swayde,31,154,185,132.97297297297297
yahari,30,6,36,133.33333333333331
aurelio,6,8233,8239,199.70870251244085
kollin,5,2738,2743,199.270871308786
juri,258,10,268,185.07462686567163
lo,53,33,86,46.51162790697674
caelan,659,2426,3085,114.5542949756888
prue,78,6,84,171.42857142857142
joslin,1401,10,1411,197.16513111268603
milton,615,117807,118422,197.9226832852004
tiara,23770,61,23831,198.97612353657001
torryn,228,156,384,37.5
adolph,20,18745,18765,199.57367439381827
ayven,198,975,1173,132.48081841432224
michael,21865,4418526,4440391,198.0303536332724
nakita,2990,28,3018,196.2889330682571
roche,15,26,41,53.65853658536586
delmer,16,7649,7665,199.16503587736466
amanda,790015,2136,792151,198.92141775999778
cristin,4269,120,4389,189.06356801093642
ade,34,363,397,165.74307304785893
stonie,28,25,53,11.320754716981133
dian,5368,198,5566,185.77075098814228
yanis,134,621,755,129.0066225165563
lark,1830,266,2096,149.23664122137404
kyliann,10,5,15,66.66666666666666
martinez,29,1126,1155,189.95670995670994
kajun,5,5,10,0.0
kaimi,26,43,69,49.275362318840585
oyindamola,89,5,94,178.72340425531914
kayani,277,6,283,191.51943462897526
rosalie,82239,96,82335,199.53361267990525
bobie,420,377,797,10.790464240903388
pheonix,431,558,989,25.68250758341759
hani,199,720,919,113.3841131664853
story,1778,149,1927,169.07109496626882
dameron,15,39,54,88.88888888888889
clarion,10,113,123,167.47967479674796
hollen,42,5,47,157.4468085106383
kmani,17,15,32,12.5
ala,779,142,921,138.32790445168294
keontae,27,1177,1204,191.0299003322259
bailyn,281,15,296,179.72972972972974
deandra,4920,857,5777,140.66124285961573
darrein,7,28,35,120.0
gursanjh,34,5,39,148.71794871794873
joann,156833,564,157397,198.56668170295495
taron,90,2699,2789,187.09214772319828
raygan,1037,51,1088,181.25
mays,48,132,180,93.33333333333333
clydie,853,22,875,189.94285714285715
dejuan,40,5491,5531,197.10721388537337
harland,24,5740,5764,198.33448993754337
mayne,5,10,15,66.66666666666666
estelle,55887,159,56046,198.86521785676052
ary,472,349,821,29.963459196102317
kyrie,4223,17187,21410,121.10228865016349
marni,3386,5,3391,199.41020347979946
verdell,2085,1340,3425,43.503649635036496
terell,38,2690,2728,194.42815249266863
jane,378486,1133,379619,198.8061714508494
cletis,159,1603,1762,163.90465380249717
raunak,11,181,192,177.08333333333331
colbi,571,69,640,156.875
arel,6,290,296,191.89189189189187
gaby,1401,26,1427,192.71198318149965
baily,1399,417,1816,108.14977973568283
jamisyn,255,34,289,152.94117647058823
andrell,134,321,455,82.19780219780219
robert,20116,4845891,4866007,198.34640599571682
donshay,28,64,92,78.26086956521739
robbin,8590,1794,10384,130.89368258859784
avri,555,36,591,175.63451776649745
arcie,53,17,70,102.85714285714285
judea,468,145,613,105.38336052202284
keran,25,5,30,133.33333333333331
aditya,5,5317,5322,199.62420142803455
worthy,47,393,440,157.27272727272728
jermany,300,134,434,76.49769585253456
carey,12742,16865,29607,27.85152159962171
bronte,914,18,932,192.27467811158797
bronxx,5,51,56,164.28571428571428
taydem,106,29,135,114.07407407407408
tyjah,180,58,238,102.52100840336134
marty,4076,32135,36211,154.9750075943774
jadrian,50,573,623,167.89727126805778
alizay,1033,10,1043,196.16490891658677
tylee,1549,395,1944,118.72427983539096
mishawn,117,76,193,42.487046632124354
mardell,2170,94,2264,183.3922261484099
braxten,5,1815,1820,198.90109890109892
sherl,349,5,354,194.3502824858757
ruby,372975,3099,376074,196.70384020166244
nellie,152122,593,152715,198.44677994957928
zhavia,1058,7,1065,197.37089201877936
ashden,16,339,355,181.9718309859155
lessie,14072,945,15017,174.8285276686422
gladis,3060,5,3065,199.347471451876
saxon,166,1532,1698,160.89517078916373
lovette,467,10,477,191.61425576519918
orva,508,105,613,131.48450244698208
elisabeth,47729,27,47756,199.77385040623167
brycen,26,13706,13732,199.24264491698221
trent,102,51465,51567,199.20879632322996
paisley,61817,82,61899,199.4701045251135
valery,8457,102,8559,195.23308797756746
leola,28112,52,28164,199.26146854140038
jahmiah,35,17,52,69.23076923076923
rashawn,709,6371,7080,159.94350282485877
jaskirat,49,107,156,74.35897435897436
lukas,19,42878,42897,199.82283143343358
lavon,6242,5067,11309,20.779909806348925
rocklin,5,136,141,185.81560283687944
lakoda,94,173,267,59.176029962546814
rin,377,74,451,134.3680709534368
wallace,582,83024,83606,197.2155108485037
harleigh,5131,5,5136,199.6105919003115
rexley,5,5,10,0.0
oscar,1070,211463,212533,197.98619508499857
kaimani,41,214,255,135.68627450980392
lace,417,16,433,185.21939953810625
chatham,44,155,199,111.55778894472361
rabaab,21,6,27,111.11111111111111
margaret,1262307,3745,1266052,198.81679425489634
kaitlyn,166341,232,166573,199.44288690243917
kimble,232,601,833,88.5954381752701
searcy,11,226,237,181.43459915611814
ada,105475,278,105753,198.94849318695452
march,103,155,258,40.310077519379846
nolyn,164,783,947,130.7286166842661
rubin,16,7038,7054,199.09271335412532
mearl,428,1210,1638,95.48229548229548
refugio,863,3974,4837,128.63345048583832
quran,34,1942,1976,193.1174089068826
brees,38,215,253,139.92094861660078
damarie,44,120,164,92.6829268292683
barrett,952,31284,32236,188.1871199900732
bradly,11,9332,9343,199.5290591886974
karly,10800,5,10805,199.8149005090236
haigen,6,44,50,152.0
addis,152,435,587,96.42248722316864
jemini,90,48,138,60.86956521739131
sakani,61,122,183,66.66666666666666
kimball,140,2001,2141,173.84399813171416
taler,68,5,73,172.6027397260274
whitten,22,473,495,182.22222222222223
michiel,5,1040,1045,198.08612440191388
topaz,300,6,306,192.15686274509804
tyree,735,14747,15482,181.01020539981914
dondi,375,766,1141,68.53637160385627
jamaine,16,1334,1350,195.25925925925927
roberta,171485,782,172267,198.1842140398335
wakely,97,10,107,162.61682242990653
juliet,36821,5,36826,199.94569054472385
pa,1338,5,1343,198.5107967237528
dorrian,31,480,511,175.73385518591
lacie,10712,42,10754,198.43779058954806
gavin,395,188131,188526,199.16191931086428
areyon,33,15,48,75.0
lenard,7,9992,9999,199.71997199719974
jarin,33,1015,1048,187.40458015267177
heli,130,15,145,158.6206896551724
rahi,176,52,228,108.77192982456141
min,243,395,638,47.64890282131661
hasel,400,6,406,194.08866995073893
bridge,5,129,134,185.07462686567163
sa,48,25,73,63.013698630136986
hiawatha,303,925,1228,101.30293159609121
jamir,20,8814,8834,199.09440796920987
aaron,4377,610370,614747,197.15199911508313
ensley,3470,16,3486,198.16408491107288
francis,29710,289720,319430,162.7962307860877
kayron,66,290,356,125.84269662921348
kacee,2234,290,2524,154.04120443740095
iyanuoluwa,95,38,133,85.71428571428571
dallie,578,10,588,193.1972789115646
tyren,5,2157,2162,199.07493061979648
cullen,106,16394,16500,197.43030303030304
donny,40,12857,12897,198.7594014111809
gillie,322,191,513,51.07212475633528
munroe,5,13,18,88.88888888888889
emerie,6331,15,6346,199.0545225338796
jian,35,577,612,177.12418300653593
dorsey,817,5411,6228,147.52729608220938
darryan,19,15,34,23.52941176470588
coye,42,425,467,164.02569593147751
ashley,858007,15837,873844,192.75065114597115
desire,5253,119,5372,191.13924050632912
roddie,5,303,308,193.5064935064935
milagros,10333,5,10338,199.80653898239504
tobey,758,1690,2448,76.1437908496732
dash,81,4082,4163,192.2171510929618
raylee,4836,94,4930,192.37322515212983
khamani,395,737,1132,60.42402826855123
naveen,339,1436,1775,123.60563380281691
emsley,755,10,765,194.77124183006535
fallon,11284,604,11888,179.67698519515477
kelsea,5997,5,6002,199.66677774075308
kiowa,70,228,298,106.04026845637584
morton,5,12336,12341,199.83793857872135
wriley,39,17,56,78.57142857142857
tylo,13,46,59,111.86440677966101
zalyn,11,96,107,158.87850467289718
jaid,168,5,173,188.43930635838151
brand,18,289,307,176.54723127035828
maciah,141,198,339,33.6283185840708
tahje,43,77,120,56.666666666666664
tane,159,17,176,161.36363636363635
ivonne,6099,14,6113,199.08391951578602
alonza,6,3315,3321,199.27732610659442
wadie,96,90,186,6.451612903225806
kolsyn,24,235,259,162.93436293436295
braven,31,1009,1040,188.07692307692307
early,373,3979,4352,165.71691176470588
rakhi,54,21,75,88.0
brixton,278,4196,4474,175.1452838623156
marrion,378,620,998,48.49699398797595
flay,5,80,85,176.47058823529412
aire,19,54,73,95.8904109589041
karl,915,100733,101648,196.39933889501023
kruze,5,553,558,196.415770609319
hao,5,442,447,195.52572706935123
gwynne,1397,30,1427,191.5907498248073
brin,413,37,450,167.11111111111111
mckayla,13173,5,13178,199.8482319016543
marquita,11010,30,11040,198.91304347826087
khamoni,52,55,107,5.607476635514018
ozzie,922,3088,4010,108.02992518703243
brylan,77,1227,1304,176.38036809815952
shayd,5,26,31,135.48387096774192
gianna,104625,73,104698,199.72110259985865
velmer,220,190,410,14.634146341463413
caymen,18,280,298,175.83892617449663
dannell,234,142,376,48.93617021276596
yue,131,86,217,41.474654377880185
olivier,21,1936,1957,195.70771589167094
emmer,2155,11,2166,197.9686057248384
wray,23,859,882,189.5691609977324
gamble,5,113,118,183.05084745762713
december,1586,11,1597,197.24483406386975
karter,4330,28187,32517,146.73555371036687
rooney,774,643,1417,18.489767113620324
hinata,424,12,436,188.9908256880734
azazel,11,393,404,189.1089108910891
holy,166,22,188,153.19148936170214
infant,3890,4206,8096,7.806324110671936
berle,11,331,342,187.13450292397658
nolie,292,7,299,190.63545150501673
dyson,5,1564,1569,198.7253027405991
soua,105,56,161,60.86956521739131
quinlyn,480,6,486,195.06172839506172
angelus,25,365,390,174.35897435897436
tajah,858,76,934,167.45182012847965
ashante,1458,172,1630,157.7914110429448
shian,419,6,425,194.3529411764706
kayde,337,593,930,55.053763440860216
amadi,214,224,438,4.5662100456621
musa,31,5454,5485,197.73928896991794
cleary,8,10,18,22.22222222222222
elizha,5,8,13,46.15384615384615
jayoni,33,5,38,147.36842105263156
llewyn,11,517,528,191.66666666666669
tatumn,367,5,372,194.6236559139785
tommy,2907,178307,181214,193.58327723023606
mertis,466,10,476,191.5966386554622
little,218,1573,1791,151.31211613623674
maryan,1567,33,1600,191.75
tobi,2923,600,3523,131.87624183934147
judah,812,33489,34301,190.5308883122941
novie,360,6,366,193.44262295081967
vincent,1415,360001,361416,198.4339376231268
itzae,402,890,1292,75.54179566563467
shawntrell,50,8,58,144.82758620689654
hardeep,25,72,97,96.90721649484536
tavi,177,151,328,15.853658536585366
channa,873,5,878,197.72209567198178
kezlin,6,6,12,0.0
sutton,10965,6330,17295,53.59930615784909
elvia,7651,31,7682,198.38583702160895
charlemagne,6,44,50,152.0
jaylein,16,5,21,104.76190476190477
safi,87,183,270,71.11111111111111
kyza,37,27,64,31.25
quincey,748,1904,2652,87.17948717948718
kindall,596,45,641,171.91887675507022
vonda,10312,11,10323,199.5737673157028
crue,53,2258,2311,190.8264820424059
lorrin,244,215,459,12.636165577342048
gerald,2385,448793,451178,197.88553519896803
wilsie,267,27,294,163.26530612244898
fernanda,19575,26,19601,199.4694148257742
bless,310,476,786,42.23918575063613
natalia,83089,52,83141,199.74982259053897
teigen,429,401,830,6.746987951807229
sheron,3379,389,3768,158.70488322717623
henny,990,58,1048,177.86259541984734
clarence,1859,303445,305304,197.56439483269133
eslie,60,60,120,0.0
tegen,5,32,37,145.94594594594594
terriel,5,32,37,145.94594594594594
lona,10895,17,10912,199.37683284457478
kehlani,12487,46,12533,198.5318758477619
brittani,11754,22,11776,199.25271739130434
edmond,7,24820,24827,199.8872195593507
jeriyah,232,38,270,143.70370370370372
brownie,727,504,1231,36.230706742485786
rupert,16,5567,5583,198.8536629052481
gabriela,85206,371,85577,198.26588919920073
kellie,50734,354,51088,197.22831193235203
kamrin,450,1219,1669,92.15098861593769
britton,1931,6291,8222,106.05692045730966
michiah,88,66,154,28.57142857142857
andry,11,352,363,187.87878787878788
tavon,78,4050,4128,192.4418604651163
jayni,173,30,203,140.88669950738918
anzel,5,132,137,185.4014598540146
tatiana,35017,35,35052,199.60059340408534
schell,5,7,12,33.33333333333333
mervyn,5,1581,1586,198.73896595208072
jerelle,12,198,210,177.14285714285714
bronx,134,2198,2332,177.0154373927959
royal,4190,19413,23603,128.99207727831208
aerian,5,5,10,0.0
weylyn,24,197,221,156.5610859728507
cordero,9,1795,1804,198.00443458980044
madix,6,470,476,194.9579831932773
seeley,158,496,654,103.36391437308869
cillian,6,3486,3492,199.3127147766323
raini,516,53,569,162.74165202108964
audre,870,40,910,182.41758241758242
jurney,238,5,243,191.76954732510288
maxiel,18,6,24,100.0
tallyn,79,49,128,46.875
hemi,95,186,281,64.76868327402136
barber,5,18,23,113.04347826086956
althea,17807,5,17812,199.88771614641814
bayden,6,313,319,192.47648902821317
azuriah,10,86,96,158.33333333333331
kaimoni,5,7,12,33.33333333333333
aalijah,149,294,443,65.46275395033861
elaan,5,5,10,0.0
jazaiah,20,24,44,18.181818181818183
kadynn,64,13,77,132.46753246753246
boe,22,1043,1065,191.73708920187792
quinnlan,27,118,145,125.51724137931035
cleao,10,5,15,66.66666666666666
azzie,947,22,969,190.91847265221878
jo,179020,1846,180866,195.91741952605796
marvell,323,1147,1470,112.10884353741497
shelly,84398,2190,86588,189.88312468240403
joset,5,11,16,75.0
lavere,94,340,434,113.36405529953917
gregg,112,36507,36619,198.7765913869849
jorian,32,390,422,169.66824644549763
ellyot,10,5,15,66.66666666666666
meco,43,43,86,0.0
kinley,19544,354,19898,192.8837069052166
marisela,10282,29,10311,198.87498787702452
deshane,17,238,255,173.33333333333334
akhari,56,159,215,95.81395348837209
kail,36,606,642,177.57009345794393
dominek,5,17,22,109.09090909090908
ciel,371,292,663,23.83107088989442
ryna,76,20,96,116.66666666666667
sahib,53,756,809,173.79480840543883
jarod,5,11791,11796,199.83045100033908
kenia,10035,12,10047,199.5222454464019
lamoyne,75,139,214,59.813084112149525
marvin,1615,253786,255401,197.47064420264604
gerri,5446,17,5463,198.75526267618525
stav,21,19,40,10.0
jaylon,252,10100,10352,190.26275115919628
eh,272,421,693,43.001443001443
andera,735,18,753,190.4382470119522
shade,863,1144,2007,28.001993024414553
shavonta,141,10,151,173.50993377483442
starley,50,10,60,133.33333333333331
stellar,192,64,256,100.0
savya,22,5,27,125.92592592592592
mackensie,904,5,909,197.79977997799782
maciel,198,58,256,109.375
ritchie,50,4092,4142,195.1714147754708
chevi,141,5,146,186.3013698630137
mya,61595,59,61654,199.61721867194342
susie,85677,278,85955,198.7062998080391
leal,23,24,47,4.25531914893617
waver,69,11,80,145.0
stephanie,744596,2638,747234,198.58785868951358
void,9,24,33,90.9090909090909
talyn,953,852,1805,11.191135734072022
jere,1159,4278,5437,114.73238918521243
makyah,770,43,813,178.84378843788437
jackson,762,290561,291323,198.95373863375016
stephane,1128,702,1830,46.557377049180324
atha,1441,99,1540,174.28571428571428
shiva,284,518,802,58.35411471321695
jun,149,1413,1562,161.84379001280408
saher,175,5,180,188.88888888888889
ragen,583,15,598,189.9665551839465
maxey,5,286,291,193.12714776632302
brenley,1007,27,1034,189.55512572533848
scotti,646,119,765,137.77777777777777
shamone,213,22,235,162.5531914893617
gerry,6657,14460,21117,73.90254297485438
daniella,33228,6,33234,199.92778479870012
ward,84,14983,15067,197.7699608415743
deejay,5,168,173,188.43930635838151
tamaris,32,26,58,20.689655172413794
aldyn,31,75,106,83.01886792452831
jamile,204,224,428,9.345794392523365
aner,7,19,26,92.3076923076923
koy,34,927,961,185.8480749219563
tasha,35515,106,35621,198.80969091266388
katlin,5335,126,5461,190.77092107672587
gabriel,6839,389106,395945,193.09095960297515
amazi,19,159,178,157.30337078651687
don,1207,167538,168745,197.13887818898337
rene,21828,50740,72568,79.68250468526072
emma,763546,1718,765264,199.1020092412553
carlis,178,1221,1399,149.10650464617584
krue,66,1288,1354,180.50221565731167
kodey,11,684,695,193.66906474820144
cordy,41,32,73,24.65753424657534
armen,5,2101,2106,199.0503323836657
negan,6,266,272,191.1764705882353
francies,952,13,965,194.61139896373055
zaidyn,31,1587,1618,192.33621755253398
marina,39021,51,39072,199.47788697788698
reven,6,68,74,167.56756756756758
tj,10,2109,2119,198.11231713072203
jomari,59,365,424,144.33962264150944
felice,4188,700,4888,142.71685761047465
jolani,91,5,96,179.16666666666669
arlyn,2308,2165,4473,6.393919069975408
ferol,618,10,628,193.63057324840764
hudson,1799,105663,107462,193.3036794401742
myer,38,1047,1085,185.99078341013825
teague,32,1686,1718,192.54947613504075
tieler,35,199,234,140.17094017094016
brixx,8,128,136,176.47058823529412
alfonsa,11,144,155,171.61290322580643
monserrat,7920,26,7946,198.691165366222
rodrigo,5,27139,27144,199.92631889183613
tiffany,338560,1191,339751,198.5977966216435
ebbie,346,317,663,8.74811463046757
marli,2762,5,2767,199.27719551861222
karsen,1723,3390,5113,65.20633678857813
thyme,58,6,64,162.5
adyson,4089,34,4123,196.70143099684697
kesiah,58,15,73,117.8082191780822
reginald,757,111400,112157,197.3002130941448
aylen,1224,110,1334,167.01649175412294
diante,20,1366,1386,194.22799422799423
jordane,160,7,167,183.23353293413174
sergio,355,81157,81512,198.2579252134655
azaya,226,10,236,183.05084745762713
kashmere,494,541,1035,9.082125603864734
shandale,109,5,114,182.45614035087718
bond,6,264,270,191.11111111111111
lorell,305,42,347,151.58501440922188
sang,47,671,718,173.81615598885793
barbara,1436402,4135,1440537,198.85181706544157
tully,178,1031,1209,141.10835401157982
zamarie,19,5,24,116.66666666666667
eriyon,10,11,21,9.523809523809524
raffie,23,5,28,128.57142857142858
helen,1023527,3105,1026632,198.790218890508
amore,1173,262,1435,126.96864111498259
jaton,62,55,117,11.965811965811966
nijah,1219,184,1403,147.54098360655738
cyril,97,11993,12090,196.79073614557484
kekoa,22,1991,2013,195.62841530054644
majesty,2448,694,3142,111.64863144493953
nor,34,6,40,140.0
majestic,277,214,491,25.661914460285136
nasri,5,98,103,180.58252427184468
taber,28,413,441,174.6031746031746
jerico,8,889,897,196.4325529542921
roper,8,607,615,194.7967479674797
zaide,105,192,297,58.58585858585859
leander,28,6802,6830,198.3601756954612
armari,45,115,160,87.5
jovan,1079,9890,10969,160.6527486553013
romell,98,1461,1559,174.8556767158435
abiah,109,14,123,154.47154471544715
rune,118,623,741,136.30229419703105
edan,174,1495,1669,158.29838226482923
laquan,217,2466,2683,167.6481550503168
trenell,144,286,430,66.04651162790698
trayce,208,585,793,95.08196721311475
khori,678,147,825,128.72727272727275
monyae,58,5,63,168.25396825396825
bentlie,150,87,237,53.16455696202531
sherwood,11,5670,5681,199.22548847033974
terrence,527,72305,72832,197.10566783831283
shanice,9579,5,9584,199.7913188647746
sherone,40,10,50,120.0
alene,8743,5,8748,199.77137631458618
yassin,13,1109,1122,195.36541889483067
yasin,5,2619,2624,199.2378048780488
khyri,18,439,457,184.24507658643324
avante,38,796,834,181.77458033573143
raydell,10,151,161,175.1552795031056
melinda,135724,337,136061,199.00926790189695
malcolm,119,68941,69060,199.31074428033594
khy,5,142,147,186.39455782312925
brylyn,126,22,148,140.54054054054055
sharron,16856,370,17226,191.40833623592243
djuan,7,1512,1519,198.15668202764977
tiler,59,286,345,131.59420289855072
blessin,512,25,537,181.3780260707635
selene,9240,5,9245,199.7836668469443
chancey,505,1221,1726,82.96639629200465
seoul,10,9,19,10.526315789473683
chia,214,69,283,102.47349823321554
brixten,10,126,136,170.58823529411765
lilo,413,5,418,195.2153110047847
rudi,475,753,1228,45.27687296416938
valrie,909,5,914,197.81181619256017
carver,86,3042,3128,189.00255754475702
travon,28,6618,6646,198.3147758049955
jaspreet,385,252,637,41.75824175824176
amery,604,106,710,140.28169014084506
chiloh,14,15,29,6.896551724137931
tarik,11,4145,4156,198.94128970163618
sylar,57,812,869,173.76294591484464
dontia,36,13,49,93.87755102040816
wandell,5,82,87,177.01149425287358
jd,30,1407,1437,191.64926931106473
gaylon,218,3478,3696,176.4069264069264
keli,4349,49,4398,195.54342883128695
kashton,50,6848,6898,197.10060887213686
libby,17760,5,17765,199.88741908246553
joss,250,428,678,52.50737463126843
deondre,15,4030,4045,198.5166872682324
chayanne,223,394,617,55.42949756888168
bly,10,50,60,133.33333333333331
jaedynn,150,16,166,161.44578313253012
darrion,149,4377,4526,186.8316394167035
deonte,41,8140,8181,197.99535509106465
gal,245,143,388,52.57731958762887
kase,7,4649,4656,199.39862542955328
reyhan,98,134,232,31.03448275862069
zyion,194,1354,1548,149.87080103359173
alcie,353,10,363,188.98071625344352
grace,529733,1393,531126,198.95090807077793
jalon,74,2447,2521,188.25862752875844
valor,167,1332,1499,155.43695797198131
liron,44,89,133,67.66917293233082
verneal,171,5,176,188.63636363636365
jaquae,6,93,99,175.75757575757575
deneen,3603,7,3610,199.22437673130193
sherri,83653,176,83829,199.1601951591931
mercy,10313,207,10520,192.1292775665399
mateja,67,29,96,79.16666666666666
cael,13,3652,3665,198.581173260573
khalei,34,7,41,131.70731707317074
katari,6,16,22,90.9090909090909
marris,6,62,68,164.70588235294116
george,9957,1484412,1494369,197.33479481975337
juana,18605,88,18693,198.1169421708661
rhone,35,277,312,155.12820512820514
olivia,553664,781,554445,199.4365536707879
musiq,44,71,115,46.95652173913044
branson,5,8059,8064,199.75198412698413
savanna,32745,15,32760,199.8168498168498
deleon,14,959,973,194.24460431654674
kendre,64,275,339,124.48377581120944
esther,268912,967,269879,198.56676510584373
vanessa,260793,984,261777,198.4964301676618
unkown,42,49,91,15.384615384615385
konley,21,13,34,47.05882352941176
zayd,5,4445,4450,199.5505617977528
nogivenname,18,28,46,43.47826086956522
hannon,10,62,72,144.44444444444443
domonique,5172,1881,7053,93.32199064227989
wren,12300,2063,14363,142.54682169463203
linzey,325,16,341,181.2316715542522
seattle,127,5,132,184.84848484848484
daylin,1898,1801,3699,5.244660719113274
franki,1115,84,1199,171.976647206005
kru,27,517,544,180.14705882352942
micky,562,2573,3135,128.29346092503988
rhemi,209,16,225,171.55555555555554
deyon,11,538,549,191.98542805100183
tennie,2777,19,2796,197.28183118741057
jolin,425,47,472,160.16949152542372
nickita,40,21,61,62.295081967213115
carroll,5916,35431,41347,142.76731080852298
migdalia,4289,5,4294,199.53423381462505
gefen,15,5,20,100.0
mercury,94,196,290,70.34482758620689
francisco,954,141117,142071,197.31401904681462
shawntel,1135,17,1152,194.09722222222223
kaelyn,15435,82,15517,197.8861893407231
quyen,335,42,377,155.43766578249335
limmie,33,300,333,160.36036036036037
colby,4123,53512,57635,171.3854428732541
huntyr,53,26,79,68.35443037974683
kilian,27,2512,2539,195.74635683339898
jaire,35,1107,1142,187.74080560420313
ahmiri,21,52,73,84.93150684931507
regen,10,6,16,50.0
rhowan,5,5,10,0.0
xailyn,5,17,22,109.09090909090908
ertis,10,5,15,66.66666666666666
honore,225,27,252,157.14285714285714
shavontae,94,5,99,179.7979797979798
chance,1364,53890,55254,190.12560176638794
mikael,300,5761,6061,180.20128691635045
amahri,32,96,128,100.0
nyia,671,5,676,197.0414201183432
cortlyn,376,15,391,184.65473145780052
altonia,5,7,12,33.33333333333333
ahnyx,6,31,37,135.13513513513513
darlyn,2032,33,2065,193.60774818401939
chrome,7,28,35,120.0
antwaun,5,1461,1466,198.63574351978173
zuri,15895,753,16648,181.90773666506487
lashane,106,10,116,165.51724137931035
jamara,926,45,971,181.46240988671474
ercell,257,125,382,69.10994764397905
josue,185,56652,56837,198.69803121206257
lindsy,2153,5,2158,199.0732159406858
jakaylen,6,38,44,145.45454545454547
rayden,367,6270,6637,177.8815729998493
elison,11,91,102,156.86274509803923
potter,5,20,25,120.0
nira,777,6,783,196.93486590038313
lonnie,6972,94394,101366,172.487816427599
nickolas,47,39235,39282,199.52140929687897
eliya,799,178,977,127.12384851586489
jadyn,11824,3651,15475,105.62843295638127
ledell,21,541,562,185.05338078291814
bawi,41,217,258,136.43410852713177
jahaan,5,233,238,191.5966386554622
adel,1462,1487,2949,1.69548999660902
gearld,5,4281,4286,199.5333644423705
michel,3545,10516,14061,99.15368750444492
alohi,53,5,58,165.51724137931035
eartha,2920,32,2952,195.6639566395664
allen,1866,271282,273148,197.2674154670728
donn,62,6553,6615,196.25094482237338
marchell,578,6,584,195.8904109589041
asriel,12,168,180,173.33333333333334
jamonie,6,53,59,159.32203389830508
harlie,4422,778,5200,140.15384615384616
mckinnon,16,139,155,158.70967741935485
hikaru,18,162,180,160.0
ryelle,346,5,351,194.3019943019943
cayton,27,118,145,125.51724137931035
luvern,107,266,373,85.25469168900804
dreux,57,289,346,134.10404624277456
li,251,132,383,62.14099216710183
lawrene,15,21,36,33.33333333333333
arleen,12592,6,12598,199.809493570408
gaige,127,4408,4535,188.79823594266813
baley,333,103,436,105.50458715596329
fischer,19,2093,2112,196.40151515151516
hayes,873,18673,19546,182.13445206180293
sovanna,29,6,35,131.42857142857142
damani,638,2565,3203,120.324695597877
stefan,42,20972,21014,199.20053297801465
syven,48,37,85,25.882352941176475
success,117,87,204,29.411764705882355
davian,105,6575,6680,193.7125748502994
manpreet,338,203,541,49.90757855822551
tyonne,16,33,49,69.38775510204081
cuba,569,47,616,169.4805194805195
kamil,542,2059,2601,116.64744329104191
harriet,90076,121,90197,199.46339678703282
quentin,190,43226,43416,198.2494932743689
amorie,372,48,420,154.2857142857143
benjie,31,917,948,186.9198312236287
mychael,242,1341,1583,138.85028427037273
macaiah,71,36,107,65.42056074766354
dareen,450,10,460,191.30434782608697
siren,137,5,142,185.91549295774647
jawara,5,274,279,192.831541218638
sia,2574,5,2579,199.22450562233425
jimin,42,81,123,63.41463414634146
danon,30,261,291,158.76288659793815
ellery,4556,2252,6808,67.68507638072856
kennon,30,1781,1811,193.37382661512976
brylee,10908,491,11399,182.77041845775946
kamea,1064,10,1074,196.2756052141527
evern,17,36,53,71.69811320754717
anyx,10,27,37,91.8918918918919
jamary,5,21,26,123.07692307692308
mosley,75,19,94,119.14893617021276
shaden,248,305,553,20.61482820976492
josiah,449,143338,143787,198.75093019535842
raleigh,2952,9213,12165,102.93464858199752
teshawn,26,350,376,172.3404255319149
corky,51,610,661,169.1376701966717
clark,336,50015,50351,197.33073821771166
jericho,359,5704,6063,176.31535543460333
bralyn,331,521,852,44.60093896713615
houston,425,17699,18124,190.62017214742883
witten,57,974,1031,177.88554801163917
wai,88,174,262,65.64885496183206
ruger,12,2244,2256,197.87234042553192
darriel,154,600,754,118.30238726790452
jedi,5,296,301,193.35548172757476
rui,75,838,913,167.14129244249727
shone,51,335,386,147.1502590673575
lory,2258,267,2525,157.7029702970297
teylor,346,45,391,153.96419437340154
claudia,128093,760,128853,197.64072237355745
autrey,21,213,234,164.1025641025641
jhream,156,16,172,162.7906976744186
glenn,2136,248517,250653,196.59130351521824
yardley,107,99,206,7.766990291262135
misael,16,10034,10050,199.36318407960198
ifechukwu,5,28,33,139.3939393939394
karyn,14135,5,14140,199.85855728429988
lakee,7,6,13,15.384615384615385
shyler,164,102,266,46.616541353383454
rylyn,674,205,879,106.71217292377702
davan,78,253,331,105.74018126888218
jailan,32,148,180,128.88888888888889
correy,46,1099,1145,183.9301310043668
haram,52,5,57,164.91228070175438
sharell,1366,16,1382,195.36903039073806
khepri,75,70,145,6.896551724137931
dailin,138,26,164,136.58536585365854
rizzo,5,50,55,163.63636363636365
joslyn,11161,28,11189,198.99901689158997
nema,345,18,363,180.16528925619835
janeil,216,23,239,161.50627615062763
crimson,1250,539,1789,79.48574622694242
jaxon,397,110514,110911,198.5682213666814
lovel,7,96,103,172.8155339805825
kamarii,213,219,432,2.7777777777777777
meaghan,14036,7,14043,199.8006124047568
amanie,181,5,186,189.247311827957
jahani,14,36,50,88.0
laykin,549,60,609,160.59113300492612
rose,498158,2118,500276,198.3065347927944
martell,36,2618,2654,194.5742275810098
verlie,2282,178,2460,171.05691056910567
caliber,17,247,264,174.24242424242425
kerian,24,21,45,13.333333333333334
burney,5,883,888,197.74774774774775
dacota,188,491,679,89.24889543446245
ly,280,119,399,80.7017543859649
hosie,11,1231,1242,196.4573268921095
chey,72,76,148,5.405405405405405
roen,106,938,1044,159.3869731800766
kyren,89,3485,3574,190.03917179630665
kailee,12823,28,12851,199.12847249241304
nasim,119,487,606,121.45214521452145
bay,516,203,719,87.0653685674548
chidera,527,233,760,77.36842105263158
benjamin,2474,816962,819436,198.79234009733523
melanie,260544,614,261158,199.05957313197376
kanari,126,57,183,75.40983606557377
kashe,40,78,118,64.40677966101694
yesenia,39359,314,39673,196.8341189221889
rashun,18,564,582,187.62886597938143
diarra,348,78,426,126.7605633802817
jameel,18,3021,3039,197.6307996051333
maclain,5,413,418,195.2153110047847
remey,15,15,30,0.0
tremayne,39,3943,3982,196.08237066800604
carlen,466,101,567,128.74779541446208
jostyn,12,62,74,135.13513513513513
jashawn,34,2306,2340,194.18803418803418
kallen,352,2593,2945,152.19015280135824
montrell,28,3955,3983,197.18804920913882
jhai,10,49,59,132.20338983050848
donyell,398,509,907,24.476295479603085
chan,212,1028,1240,131.61290322580646
earon,5,163,168,188.0952380952381
parys,313,5,318,193.71069182389937
charis,4294,60,4354,194.48782728525492
bryn,7438,1317,8755,139.8286693318104
kwame,38,3913,3951,196.1528726904581
jaydin,1129,3134,4263,94.06521229181327
everly,40659,38,40697,199.62650809641988
coy,866,17222,18088,180.84918177797437
lavar,11,2067,2078,197.8825794032724
kristain,237,66,303,112.87128712871286
blu,302,459,761,41.26149802890933
alayan,6,5,11,18.181818181818183
kerry,48652,49911,98563,2.5547111999431835
blane,11,4420,4431,199.0069961633943
korei,21,6,27,111.11111111111111
ajee,301,35,336,158.33333333333331
kacy,5037,988,6025,134.40663900414938
kamori,503,203,706,84.98583569405099
nikko,177,4373,4550,184.43956043956044
marquise,392,10541,10933,185.6580993322967
kove,115,351,466,101.28755364806867
zina,5048,10,5058,199.20917358639778
tela,693,7,700,196.0
roshell,593,12,605,192.06611570247932
kartier,181,1524,1705,157.5366568914956
lexi,27641,5,27646,199.9276568038776
jessee,313,1645,1958,136.05720122574056
loverne,5,10,15,66.66666666666666
zaiden,44,11079,11123,198.41769306841678
kaedyn,672,1514,2186,77.03568161024702
lavette,1185,5,1190,198.31932773109244
sagan,421,731,1152,53.81944444444444
elly,4456,10,4466,199.10434393193012
berlin,1757,1616,3373,8.360509931811444
lijah,10,200,210,180.95238095238096
roo,26,5,31,135.48387096774192
ladale,10,298,308,187.012987012987
shondel,24,24,48,0.0
hosea,20,5414,5434,198.5277880014722
greg,143,77692,77835,199.26511209610072
damonie,93,262,355,95.2112676056338
excell,5,412,417,195.20383693045565
goldie,38082,443,38525,195.40038935756004
loretto,923,10,933,195.71275455519827
iram,102,902,1004,159.3625498007968
wylee,163,434,597,90.78726968174205
tien,506,800,1306,45.0229709035222
erian,159,174,333,9.00900900900901
jonny,131,3367,3498,185.02001143510577
rian,3464,5464,8928,44.80286738351255
kymari,214,468,682,74.48680351906158
kallan,373,741,1114,66.06822262118493
ernesto,121,44417,44538,198.91328752974988
kache,57,111,168,64.28571428571429
enzo,37,30378,30415,199.51339799441067
derrell,16,5855,5871,198.90989609947198
adriane,6146,274,6420,182.92834890965733
inti,13,63,76,131.57894736842107
darcus,358,11,369,188.07588075880759
cyan,1097,376,1473,97.89545145960624
isadore,195,5699,5894,186.76620291822192
ahsen,12,6,18,66.66666666666666
griffin,737,49411,50148,194.121400654064
samori,5,66,71,171.83098591549296
tavin,23,1865,1888,195.1271186440678
ruah,152,12,164,170.73170731707316
ronnie,8079,182718,190797,183.0626267708612
tayne,5,11,16,75.0
braedyn,291,2282,2573,154.76097940147687
rmoni,117,23,140,134.28571428571428
true,2025,2266,4291,11.232812864134234
poet,212,113,325,60.92307692307693
naseem,255,1261,1516,132.71767810026384
april,242361,667,243028,198.90218411047286
addyson,16738,33,16771,199.2129270765011
jariah,1340,298,1638,127.22832722832722
meccah,6,5,11,18.181818181818183
deone,182,110,292,49.31506849315068
kashindi,5,11,16,75.0
braylen,777,12880,13657,177.24243977447463
britney,35449,83,35532,199.0656309805246
keaire,15,26,41,53.65853658536586
haleigh,14250,9,14259,199.74752787713024
dena,32444,56,32500,199.3107692307692
mekka,47,5,52,161.53846153846155
esteban,31,34913,34944,199.6451465201465
sora,1699,600,2299,95.60678555893867
glendal,5,184,189,189.41798941798942
macayle,56,5,61,167.21311475409837
deen,5,915,920,197.82608695652172
shermaine,508,173,681,98.38472834067548
phan,15,20,35,28.57142857142857
michaiah,409,132,541,102.40295748613678
miami,331,6,337,192.87833827893175
lemmie,150,666,816,126.47058823529412
chantelle,6667,8,6675,199.52059925093633
brier,330,584,914,55.57986870897156
caesare,10,42,52,123.07692307692308
nox,5,302,307,193.48534201954396
polly,29600,24,29624,199.67593842830138
estes,49,545,594,167.003367003367
easton,979,76216,77195,194.9271325863074
luxx,23,92,115,120.0
harmanpreet,7,6,13,15.384615384615385
peja,61,23,84,90.47619047619048
rhode,5,14,19,94.73684210526315
kali,31568,887,32455,189.06794022492682
leshan,16,11,27,37.03703703703704
jaron,48,11171,11219,198.28861752384347
clever,7,119,126,177.77777777777777
brodi,162,797,959,132.42961418143898
erie,1476,1960,3436,28.172293364377182
claudell,302,576,878,62.414578587699324
deoveon,22,6,28,114.28571428571428
finnley,2351,5316,7667,77.34446328420503
maesyn,426,32,458,172.05240174672488
dashaun,32,2866,2898,195.58316080055212
oshyn,69,17,86,120.93023255813952
rafa,67,121,188,57.446808510638306
rohan,49,11796,11845,198.3452933727311
estefania,6949,5,6954,199.712395743457
fern,37477,529,38006,194.43245803294215
adae,10,5,15,66.66666666666666
pearley,673,178,851,116.3337250293772
arly,805,67,872,169.26605504587155
larren,22,79,101,112.87128712871286
norris,523,16441,16964,187.66800282952133
ben,467,85049,85516,197.81561345245333
edell,249,45,294,138.77551020408163
meron,394,50,444,154.95495495495496
doyle,252,30390,30642,196.71039749363618
artha,542,117,659,128.9833080424886
ademide,22,118,140,137.14285714285714
damond,5,2137,2142,199.06629318394025
wyatt,1217,201916,203133,197.60354053748037
willet,6,94,100,176.0
tan,11,586,597,192.62981574539364
quincee,324,31,355,165.07042253521126
myra,63483,51,63534,199.67891207857213
azriah,17,21,38,21.052631578947366
lyann,286,5,291,193.12714776632302
tennison,7,44,51,145.09803921568627
lisa,966965,2784,969749,198.85166161553144
eleven,69,36,105,62.857142857142854
antonella,9477,5,9482,199.78907403501373
amy,700417,1853,702270,198.9445654805132
caiden,521,22859,23380,191.0863986313088
marquez,5,5594,5599,199.64279335595643
lynex,18,23,41,24.390243902439025
jinan,238,5,243,191.76954732510288
andrea,444089,6013,450102,194.65632234471298
barrie,1708,1337,3045,24.367816091954023
aundra,427,838,1265,64.9802371541502
gennie,2541,199,2740,170.94890510948906
nael,44,1194,1238,185.78352180936994
tyller,46,142,188,102.12765957446808
laquarius,5,42,47,157.4468085106383
asha,8904,58,8962,197.41129212229413
larsen,187,526,713,95.09116409537167
kerrion,18,140,158,154.43037974683546
dustyn,60,2653,2713,191.15370438628824
yuki,1042,554,1596,61.152882205513784
tao,10,417,427,190.63231850117094
arline,17590,36,17626,199.1830250765914
elvira,27111,44,27155,199.35186890075494
jemiah,211,105,316,67.08860759493672
shamika,5061,6,5067,199.52634695085848
campbell,6826,5877,12703,14.94135243643234
carmine,481,13735,14216,186.4659538548115
chosen,445,1703,2148,117.13221601489758
banksy,26,5,31,135.48387096774192
raul,484,87592,88076,197.80189836050684
kaziah,520,73,593,150.75885328836424
lola,95745,275,96020,198.85440533222246
trina,32555,30,32585,199.631732392205
chanler,176,458,634,88.95899053627761
cartier,296,2328,2624,154.8780487804878
natha,250,27,277,161.01083032490976
elizah,774,570,1344,30.357142857142854
blayne,537,4007,4544,152.72887323943664
cola,259,81,340,104.70588235294119
marquell,19,1556,1575,195.1746031746032
gracie,82748,45,82793,199.7825903156064
machael,5,195,200,190.0
murrell,190,1098,1288,140.9937888198758
ashlon,68,5,73,172.6027397260274
estevan,10,8891,8901,199.55061229075383
winifred,44809,1106,45915,190.36480453010998
ive,33,9,42,114.28571428571428
kalan,242,1320,1562,138.0281690140845
ellison,5465,2865,8330,62.42496998799519
amaree,800,989,1789,21.12912241475685
joshlin,23,7,30,106.66666666666667
inari,529,23,552,183.33333333333331
clemence,539,418,957,25.287356321839084
toi,1493,53,1546,186.28719275549804
zay,6,270,276,191.30434782608697
ivan,649,147869,148518,198.25206372291575
demond,25,5833,5858,198.29293274155003
mycah,820,827,1647,0.8500303582270795
jenny,91956,605,92561,197.38550793530754
tuong,5,6,11,18.181818181818183
aseel,1163,151,1314,154.03348554033485
jhonnie,16,163,179,164.24581005586592
mikey,10,1522,1532,197.38903394255877
jovoni,5,101,106,181.13207547169813
laurance,5,1932,1937,198.9674754775426
joud,339,267,606,23.762376237623762
dakodah,44,59,103,29.126213592233007
pau,18,417,435,183.44827586206895
rea,1849,190,2039,162.72682687591958
zaia,543,17,560,187.85714285714286
edy,185,675,860,113.95348837209302
ziaire,79,803,882,164.17233560090702
andrew,4953,1324893,1329846,198.51020343708973
deundra,102,163,265,46.0377358490566
amando,134,1246,1380,161.1594202898551
olamide,306,292,598,4.682274247491638
jamy,750,384,1134,64.55026455026454
kreedence,5,27,32,137.5
anibal,22,3890,3912,197.75051124744377
deven,1315,10627,11942,155.95377658683637
jaclyn,49569,103,49672,199.17055886616203
jury,123,6,129,181.3953488372093
azzure,75,5,80,175.0
tylin,252,949,1201,116.0699417152373
taite,115,129,244,11.475409836065573
eniola,345,39,384,159.375
sawyer,17277,62873,80150,113.77666874610107
gaylan,46,481,527,165.0853889943074
dheera,23,27,50,16.0
giavanni,316,112,428,95.32710280373831
cassidy,60279,3684,63963,176.96168097181183
axton,5,5406,5411,199.63038255405655
myron,463,45268,45731,195.95023069690146
harnoor,349,97,446,113.00448430493273
olayinka,61,49,110,21.818181818181817
laquinn,5,53,58,165.51724137931035
jung,151,154,305,1.9672131147540985
hilery,36,73,109,67.88990825688074
skyy,1840,138,1978,172.09302325581396
janas,41,5,46,156.52173913043478
braiden,152,7591,7743,192.14774635154333
zacari,188,807,995,124.42211055276383
darly,113,104,217,8.294930875576037
janis,48830,174,49004,198.57970777895682
kale,226,7368,7594,188.09586515670267
delancey,94,28,122,108.19672131147541
mckay,360,2265,2625,145.14285714285714
alix,3560,978,4538,113.79462318201851
koi,585,773,1358,27.68777614138439
shomari,71,1121,1192,176.1744966442953
kelcey,2123,697,2820,101.13475177304964
phung,163,16,179,164.24581005586592
makiya,3017,14,3031,198.15242494226328
daune,218,64,282,109.21985815602837
bennett,2050,66225,68275,187.98974734529477
kendry,38,479,517,170.59961315280466
khai,453,3006,3459,147.6149176062446
silva,901,10,911,195.60922063666303
lindsey,157390,7735,165125,181.26267978803935
jaryn,335,578,913,53.231106243154436
mackey,6,607,613,196.0848287112561
koren,1519,254,1773,142.69599548787366
elmar,20,294,314,174.52229299363057
lian,1084,3824,4908,111.65444172779135
micaela,14803,6,14809,199.8379363900331
riven,188,255,443,30.248306997742663
kallahan,11,93,104,157.69230769230768
zannie,140,144,284,2.8169014084507045
cyrus,66,27908,27974,199.0562665332094
meba,22,135,157,143.94904458598725
danya,3616,29,3645,196.81755829903977
jaylee,8298,129,8427,193.876824492702
blake,19024,185455,204479,162.78542050772938
mare,8,331,339,190.56047197640117
varian,5,403,408,195.09803921568627
loice,52,6,58,158.6206896551724
ilay,7,180,187,185.02673796791444
melvyn,10,4360,4370,199.08466819221968
langley,652,163,815,120.0
alanna,25906,7,25913,199.89194612742637
ashai,36,94,130,89.23076923076924
kie,5,135,140,185.71428571428572
kalee,3875,74,3949,192.50443150164597
arnette,1055,33,1088,187.86764705882354
raymie,185,112,297,49.158249158249156
mechel,70,219,289,103.11418685121107
styles,7,674,681,195.88839941262847
soo,193,18,211,165.87677725118485
mehtab,26,276,302,165.56291390728478
wilmer,743,15883,16626,182.12438349572957
loma,2289,5,2294,199.128160418483
edil,5,58,63,168.25396825396825
tania,28796,61,28857,199.15445125965968
cevyn,110,76,186,36.55913978494624
sunshine,5674,45,5719,196.85259660779857
felipe,133,31577,31710,198.32229580573951
jerzy,140,177,317,23.34384858044164
xael,12,71,83,142.16867469879517
olle,5,12,17,82.35294117647058
greylyn,40,10,50,120.0
hildreth,789,97,886,156.2076749435666
edmund,60,51883,51943,199.5379550661302
kierra,15616,18,15634,199.53946526800564
loddie,6,7,13,15.384615384615385
lotus,2653,189,2842,173.39901477832512
anabel,9746,35,9781,198.56865351191084
manning,38,1822,1860,191.8279569892473
oluwasemilore,85,98,183,14.207650273224044
leon,1436,180022,181458,196.83452920234984
rondie,5,31,36,144.44444444444443
chanon,62,26,88,81.81818181818183
jacyn,36,48,84,28.57142857142857
lavish,11,5,16,75.0
kampbell,80,62,142,25.352112676056336
erinn,3418,143,3561,183.93709632125808
thailand,16,155,171,162.5730994152047
shaquel,78,73,151,6.622516556291391
aeden,7,1145,1152,197.56944444444443
karim,58,6688,6746,196.56092499258818
callyn,545,18,563,187.21136767317938
yasiah,5,76,81,175.30864197530863
adrine,64,5,69,171.0144927536232
neftali,380,2243,2623,142.05108654212734
maysen,709,604,1313,15.993907083015992
chayce,328,2128,2456,146.57980456026058
qi,10,28,38,94.73684210526315
saige,11476,1097,12573,165.099817068321
jaren,253,5067,5320,180.97744360902254
lowen,393,623,1016,45.2755905511811
rush,12,3311,3323,198.55552211856755
azariah,6920,5906,12826,15.811632621238111
espen,133,686,819,135.04273504273505
graycen,774,618,1392,22.413793103448278
yuri,3629,2367,5996,42.09472981987992
shamar,249,6120,6369,184.3617522373999
detrick,25,1509,1534,193.48109517601043
desean,11,4007,4018,198.90492782478844
sherrick,5,166,171,188.30409356725147
leotha,367,119,486,102.05761316872429
truc,226,17,243,172.0164609053498
darien,1849,10851,12700,141.76377952755905
carlon,187,863,1050,128.76190476190476
bralen,5,348,353,194.33427762039662
oneil,17,1749,1766,196.14949037372594
korbin,173,9153,9326,192.57988419472443
eunique,623,10,633,193.68088467614535
ladell,433,1023,1456,81.04395604395604
kele,75,89,164,17.073170731707318
lashaw,5,5,10,0.0
mattingly,309,53,362,141.43646408839777
eden,49029,10408,59437,129.95608795867895
graison,36,421,457,168.49015317286654
yori,86,6,92,173.91304347826087
aida,13624,5,13629,199.8532540905422
braydee,103,5,108,181.4814814814815
dejour,19,300,319,176.1755485893417
kaley,13642,25,13667,199.26831052901147
nicko,8,284,292,189.04109589041096
homer,367,60891,61258,197.60357830813936
liza,17512,14,17526,199.68047472326828
ellis,6913,48988,55901,150.5339797141375
shy,420,51,471,156.687898089172
croix,16,1120,1136,194.3661971830986
dyllan,493,3290,3783,147.8720592122654
kaycee,8478,481,8959,178.5243888826878
opie,99,678,777,149.034749034749
delynn,719,99,818,151.58924205378975
masiah,122,1142,1264,161.39240506329114
shammah,39,66,105,51.42857142857142
mozel,223,5,228,191.2280701754386
jasmon,128,74,202,53.46534653465347
toree,418,30,448,173.21428571428572
dewayne,107,26435,26542,198.38746138196066
chaka,841,262,1103,104.98640072529466
vanesa,6510,5,6515,199.69301611665387
ryle,35,432,467,170.02141327623127
jaaziah,12,215,227,178.85462555066078
arlis,797,1949,2746,83.90386016023307
blessen,185,5,190,189.4736842105263
kelani,1571,66,1637,183.87293830177154
hser,78,31,109,86.23853211009175
boots,125,28,153,126.79738562091502
rosaire,10,327,337,188.13056379821958
camdynn,73,22,95,107.36842105263158
khoa,5,794,799,197.49687108886107
lorna,28475,22,28497,199.6911955644454
anthym,6,5,11,18.181818181818183
camarri,5,19,24,116.66666666666667
florentine,666,12,678,192.92035398230087
delona,267,5,272,192.64705882352942
dandrea,915,174,1089,136.08815426997245
sunia,12,6,18,66.66666666666666
elham,335,92,427,113.81733021077282
nicola,5066,2981,8047,51.820554243817575
nijay,35,41,76,15.789473684210526
xin,210,31,241,148.54771784232366
luverne,847,1066,1913,22.895974908520646
jeel,5,5,10,0.0
october,1204,87,1291,173.04415182029436
dagan,10,1076,1086,196.31675874769797
jones,112,5051,5163,191.32287429788883
calyn,727,86,813,157.68757687576874
getsemani,612,12,624,192.30769230769232
devonn,23,432,455,179.7802197802198
starlin,41,226,267,138.57677902621722
emmanuelle,1403,285,1688,132.46445497630333
kaidence,3301,534,3835,144.3024771838331
ivo,5,837,842,197.624703087886
dalys,17,7,24,83.33333333333334
chaya,15170,10,15180,199.7364953886693
zhi,17,176,193,164.76683937823836
monty,279,15238,15517,192.80788812270413
kanyon,113,1335,1448,168.78453038674033
eries,5,22,27,125.92592592592592
namari,273,367,640,29.375
nghi,22,5,27,125.92592592592592
nadine,53255,43,53298,199.6772862021089
marcel,992,19767,20759,180.88539910400308
jensyn,758,266,1024,96.09375
conny,413,159,572,88.81118881118881
tracee,3413,10,3423,198.8314344142565
keagen,22,1047,1069,191.76800748362956
earle,285,11505,11790,190.33078880407123
tary,30,57,87,62.06896551724138
ezell,411,3243,3654,155.008210180624
jeremia,10,706,716,194.41340782122904
wardie,13,49,62,116.12903225806453
savon,66,1700,1766,185.05096262740656
lyndel,182,425,607,80.0658978583196
ishmeet,10,5,15,66.66666666666666
jaqui,17,23,40,30.0
tegan,6706,2526,9232,90.55459272097053
bernard,983,199948,200931,198.04310932608706
wydell,5,50,55,163.63636363636365
di,57,13,70,125.71428571428571
carliss,304,85,389,112.59640102827764
brian,4563,1172762,1177325,198.44970590108932
zonnie,165,11,176,175.0
kiyo,107,17,124,145.16129032258064
xan,123,132,255,7.0588235294117645
calan,20,940,960,191.66666666666669
tonnie,684,473,1157,36.47363872082973
shonnon,31,23,54,29.629629629629626
dezzie,242,5,247,191.90283400809716
lorraine,209668,935,210603,198.22414685450823
darrell,1186,159669,160855,197.05076000124336
kameo,121,10,131,169.4656488549618
carol,816838,8656,825494,195.80566303328672
robi,356,116,472,101.69491525423729
maywood,6,26,32,125.0
regina,183476,563,184039,198.77634631790002
edi,29,371,400,171.0
chozen,172,980,1152,140.27777777777777
ariyon,178,285,463,46.220302375809936
seely,19,5,24,116.66666666666667
keelyn,857,297,1154,97.05372616984403
wells,161,6040,6201,189.61457829382357
isai,34,7151,7185,198.107167710508
shamere,188,105,293,56.655290102389074
laney,13599,336,13935,190.3552206673843
zoey,111856,224,112080,199.2005710206995
elmo,247,10091,10338,190.44302573031536
rosell,152,28,180,137.77777777777777
marvine,542,8,550,194.1818181818182
colton,203,148509,148712,199.45397815912636
clare,31172,3053,34225,164.31848064280496
zakariya,47,2321,2368,192.0608108108108
suriya,240,10,250,184.0
carla,150163,425,150588,198.87109198608124
karion,5,89,94,178.72340425531914
reili,5,6,11,18.181818181818183
daisy,155493,632,156125,198.38078462770216
clary,302,177,479,52.19206680584551
vianney,2576,10,2586,198.45320959010053
harman,63,1040,1103,177.1532184950136
abigayle,6157,5,6162,199.6754300551769
oluwanifemi,236,156,392,40.816326530612244
odell,4151,14860,19011,112.66109094734627
vernice,7290,789,8079,160.93575937616043
coen,17,4372,4389,198.45067213488267
sun,498,490,988,1.6194331983805668
von,459,5481,5940,169.0909090909091
dmoni,11,139,150,170.66666666666669
leonel,5,26116,26121,199.92343325293825
pax,54,971,1025,178.9268292682927
darius,272,53677,53949,197.98328050566278
hayden,32710,111803,144513,109.46143253548124
kerrie,8584,104,8688,195.21178637200737
virdell,97,17,114,140.35087719298244
harlin,113,1855,1968,177.03252032520325
latrail,13,107,120,156.66666666666666
zaryn,33,55,88,50.0
ranny,5,275,280,192.85714285714286
wrenley,6077,110,6187,192.88831420720868
tuli,5,16,21,104.76190476190477
cameren,211,1341,1552,145.6185567010309
yaphet,5,261,266,192.4812030075188
kyi,33,135,168,121.42857142857142
logahn,7,5,12,33.33333333333333
shukri,255,15,270,177.77777777777777
kaizen,26,2138,2164,195.19408502772643
ruka,20,21,41,4.878048780487805
damir,5,3208,3213,199.37752878929348
aspen,23536,2753,26289,158.11175776940928
royse,10,26,36,88.88888888888889
yara,6945,24,6969,198.62247094274645
chicago,42,110,152,89.47368421052632
odalis,2633,51,2684,192.39940387481371
torri,3080,352,3432,158.97435897435898
kila,926,5,931,197.8517722878625
jeremya,7,19,26,92.3076923076923
marian,141726,1351,143077,196.22301278332645
mikel,995,11476,12471,168.08595942586803
doyne,63,449,512,150.78125
lynkin,6,178,184,186.95652173913044
corey,9033,184687,193720,181.34833780714433
preslee,3574,63,3637,193.07121253780588
quilla,164,16,180,164.44444444444443
kei,186,637,823,109.59902794653706
terryn,587,214,801,93.13358302122347
mauricio,6,23812,23818,199.89923587202955
brandy,106502,2297,108799,191.55506943997648
grasyn,21,92,113,125.66371681415929
irah,55,78,133,34.58646616541353
luann,15498,6,15504,199.8452012383901
milan,9193,17180,26373,60.56952185947749
rease,67,80,147,17.687074829931973
amaya,41782,22,41804,199.7894938283418
erike,17,11,28,42.857142857142854
amillian,52,10,62,135.48387096774192
savannah,189330,222,189552,199.5315269688529
araya,3949,10,3959,198.98964384945694
sol,3708,8099,11807,74.37960531887863
tillie,15558,27,15585,199.3070259865255
lilia,13995,5,14000,199.85714285714286
pennington,18,12,30,40.0
rhylee,2418,257,2675,161.57009345794393
nain,5,289,294,193.1972789115646
toluwani,71,79,150,10.666666666666668
ledger,31,4424,4455,197.21661054994388
wylder,206,2103,2309,164.31355565179732
shylan,29,5,34,141.1764705882353
myaire,44,108,152,84.21052631578947
terence,170,34243,34413,198.02400255717316
tam,897,984,1881,9.250398724082935
woodie,338,1924,2262,140.22988505747128
rhylan,344,669,1013,64.16584402764067
micheal,1836,154587,156423,195.30503826163672
ofelia,8905,5,8910,199.77553310886645
jamar,73,15892,15965,198.17099906044473
dijon,69,1443,1512,181.74603174603175
tajee,34,80,114,80.7017543859649
monta,907,492,1399,59.32809149392423
dayln,6,89,95,174.73684210526318
carmin,858,129,987,147.72036474164133
arrow,822,1639,2461,66.39577407557903
abyan,43,129,172,100.0
atreya,54,39,93,32.25806451612903
kesley,660,67,727,163.13617606602475
jodi,79661,955,80616,195.26148655353776
domenique,540,194,734,94.27792915531336
raheel,74,256,330,110.3030303030303
kinsler,31,300,331,162.5377643504532
verlynn,5,5,10,0.0
aziyah,1593,90,1683,178.6096256684492
sabali,34,23,57,38.59649122807017
carmelo,5,12789,12794,199.8436767234641
alaia,15356,11,15367,199.71367215461703
yajaira,5641,5,5646,199.64576691462983
estefani,4396,16,4412,198.5494106980961
quinzel,42,12,54,111.11111111111111
audie,2414,4400,6814,58.2917522747285
videl,225,29,254,154.3307086614173
esa,102,607,709,142.45416078984485
kline,6,238,244,190.1639344262295
mccartney,313,119,432,89.81481481481481
mayar,882,38,920,183.47826086956522
amonti,5,55,60,166.66666666666669
lanie,5519,35,5554,197.47929420237668
ryelin,16,23,39,35.8974358974359
dani,9970,1060,11030,161.55938349954667
niger,25,11,36,77.77777777777779
alec,337,54916,55253,197.56031346714204
erik,666,156900,157566,198.3092799207951
joal,25,97,122,118.0327868852459
fiore,35,465,500,172.0
aadyn,16,595,611,189.5253682487725
ermal,342,261,603,26.865671641791046
jeremie,70,4289,4359,193.57650837348015
lesley,34272,4798,39070,150.87791144100333
ako,5,22,27,125.92592592592592
remington,9534,22860,32394,82.27449527690312
guadlupe,27,22,49,20.408163265306122
yamil,77,1501,1578,180.48162230671736
paytin,552,36,588,175.51020408163265
dekota,349,834,1183,81.9949281487743
hershel,5,10279,10284,199.805523142746
arlee,1232,435,1667,95.62087582483503
braelyn,10746,1302,12048,156.77290836653387
cayse,20,75,95,115.78947368421053
manu,5,677,682,197.0674486803519
chase,3762,179216,182978,191.77606051000666
corian,21,313,334,174.85029940119762
trevor,611,160758,161369,198.48545879320068
crystal,331907,1185,333092,198.57696972608167
sonam,481,118,599,121.20200333889817
tateum,25,47,72,61.111111111111114
bridger,67,6490,6557,195.91276498398656
jermaine,967,41907,42874,190.97821523534077
brielle,47748,5,47753,199.95811781458755
deja,16215,86,16301,197.88970001840377
genevieve,123119,151,123270,199.5100186582299
shavon,3899,368,4267,165.50269510194516
vern,485,11490,11975,183.79958246346555
samnang,28,139,167,132.93413173652695
dioni,33,28,61,16.39344262295082
avanti,347,57,404,143.56435643564356
deondra,1354,415,1769,106.16167326172979
westley,56,9664,9720,197.6954732510288
aman,180,2391,2571,171.9953325554259
jaie,29,5,34,141.1764705882353
cameron,31613,308280,339893,162.7965271423654
channon,729,412,1141,55.56529360210342
khylin,53,318,371,142.85714285714286
kelis,2845,6,2851,199.15819010873378
calloway,115,596,711,135.30239099859352
lawton,5,2825,2830,199.29328621908127
keante,13,213,226,176.99115044247787
osinachi,41,99,140,82.85714285714286
hoover,7,1120,1127,197.51552795031054
haden,167,3856,4023,183.39547601292568
chasten,5,332,337,194.06528189910978
creed,5,5504,5509,199.6369577055727
blaze,575,8175,8750,173.71428571428572
marvelle,442,75,517,141.97292069632493
royce,2488,32543,35031,171.59087665210814
fong,5,301,306,193.4640522875817
berry,370,5733,6103,175.74963132885466
brionne,449,15,464,187.06896551724137
dot,1359,22,1381,193.6278059377263
makayla,107474,153,107627,199.43136945190335
morrissey,5,22,27,125.92592592592592
jamie,270619,88138,358757,101.72958297677815
semon,5,12,17,82.35294117647058
annis,2914,7,2921,199.04142416980486
kalet,5,127,132,184.84848484848484
kay,98583,3914,102497,184.72540659726627
nasai,5,124,129,184.49612403100775
yared,87,684,771,154.863813229572
verble,80,57,137,33.57664233576642
delijah,42,47,89,11.235955056179774
nigel,85,12211,12296,197.23487312947302
ihsan,40,612,652,175.46012269938652
shontel,771,19,790,190.37974683544303
kamari,5638,11722,17360,70.09216589861751
tore,11,81,92,152.17391304347828
evan,4675,285259,289934,193.550256265219
meryle,397,32,429,170.16317016317015
acey,58,441,499,153.50701402805612
destry,145,1501,1646,164.76306196840827
satya,378,218,596,53.691275167785236
ahmani,513,95,608,137.5
mari,16447,59,16506,198.5702168908276
billie,103252,31624,134876,106.21311426792018
jacoby,119,11035,11154,195.73247265554957
kyndall,6327,211,6538,187.0908534720098
kerem,7,628,635,195.59055118110237
naz,94,69,163,30.67484662576687
florence,338289,1454,339743,198.28811778314787
aubree,48933,56,48989,199.54275449590725
mitchelle,502,160,662,103.32326283987916
seton,10,45,55,127.27272727272727
estel,467,2374,2841,134.24850404787048
tziah,12,38,50,104.0
tama,1433,13,1446,196.40387275242045
daina,2512,5,2517,199.20540325784663
remyngton,17,13,30,26.666666666666668
nazari,117,81,198,36.36363636363637
jaden,13574,80689,94263,142.39945683884451
aubra,37,310,347,157.3487031700288
ge,5,51,56,164.28571428571428
cashmir,6,146,152,184.21052631578948
cecilia,108992,177,109169,199.35146424351237
shea,12363,8427,20790,37.86435786435787
sabar,11,11,22,0.0
peyten,508,131,639,117.99687010954617
ruble,65,291,356,126.96629213483146
kaidyn,1309,2671,3980,68.44221105527637
kaylen,7087,1317,8404,137.3155640171347
terran,566,1521,2087,91.51892668902731
maddax,13,554,567,190.8289241622575
nile,362,3609,3971,163.5356333417275
boyce,58,5510,5568,195.83333333333331
rossie,1811,768,2579,80.88406359053897
lanny,67,9577,9644,197.2210700953961
adi,927,755,1682,20.451843043995243
chace,140,5358,5498,189.81447799199708
quinlan,713,2532,3245,112.11093990755008
ziggy,257,1378,1635,137.12538226299694
curlie,360,172,532,70.67669172932331
remmington,266,411,677,42.836041358936484
hermie,305,12,317,184.85804416403786
danie,267,544,811,68.3107274969174
braily,43,5,48,158.33333333333331
bradleigh,471,11,482,190.8713692946058
emoni,2826,215,3041,171.71982900361724
makala,3398,5,3403,199.4122832794593
asuncion,122,76,198,46.464646464646464
mclaren,19,103,122,137.70491803278688
lovett,6,319,325,192.6153846153846
shaylan,328,60,388,138.1443298969072
shari,40921,46,40967,199.5508580076647
mahin,16,164,180,164.44444444444443
shantae,1583,6,1589,198.4896161107615
binnie,368,100,468,114.52991452991452
shakai,5,136,141,185.81560283687944
miraj,20,166,186,156.98924731182794
jessica,1050306,3578,1053884,198.64197577722027
ziyah,1292,47,1339,185.9596713965646
camran,18,295,313,176.9968051118211
angelique,29967,6,29973,199.91992793514163
arlynn,586,61,647,162.28748068006183
jaedyn,2590,2097,4687,21.036910603797736
earlie,1329,2263,3592,52.00445434298441
saran,643,25,668,185.02994011976048
sharan,1190,53,1243,182.9444891391794
culture,13,15,28,14.285714285714285
azziah,6,5,11,18.181818181818183
dailey,269,102,371,90.02695417789758
chrisna,10,6,16,50.0
san,1868,621,2489,100.2008838891121
karina,61097,253,61350,198.35044824775875
kevon,56,5405,5461,195.8981871452115
ayrian,28,12,40,80.0
harry,2018,423531,425549,198.10315615828026
kiri,969,5,974,197.94661190965093
luciel,581,11,592,192.56756756756758
mickey,6533,27553,34086,123.33509358680983
offie,72,151,223,70.85201793721974
antone,10,5956,5966,199.32953402614817
bianca,76962,195,77157,198.98907422528092
azra,1216,110,1326,166.81749622926094
shilo,1822,1128,2950,47.05084745762712
argyle,24,118,142,132.3943661971831
kia,7601,196,7797,189.94485058355778
bunnie,800,62,862,171.22969837587007
keagan,1728,8674,10402,133.55124014612574
leoni,266,10,276,185.5072463768116
cheney,209,124,333,51.051051051051054
jontel,20,31,51,43.13725490196079
plumer,24,72,96,100.0
mazzi,8,134,142,177.46478873239437
dannel,20,120,140,142.85714285714286
martrice,123,11,134,167.1641791044776
kharis,276,5,281,192.88256227758006
dana,193311,53261,246572,113.59765099038009
finnlee,127,206,333,47.44744744744745
jaheim,5,4019,4024,199.50298210735588
xavia,739,11,750,194.13333333333333
kobee,47,260,307,138.76221498371336
graylyn,122,5,127,184.251968503937
sanchez,17,976,993,193.1520644511581
cleophus,19,2023,2042,196.27815866797258
jatori,19,10,29,62.06896551724138
avrie,1048,10,1058,196.21928166351609
jolan,134,278,412,69.90291262135922
rolla,65,1306,1371,181.03574033552152
jaxsen,6,1904,1910,198.7434554973822
octavious,5,1651,1656,198.79227053140096
kadynce,981,6,987,197.56838905775075
mariko,1309,6,1315,198.17490494296578
kazu,5,10,15,66.66666666666666
daurice,85,5,90,177.77777777777777
bari,1806,158,1964,167.82077393075357
sione,6,1471,1477,198.3750846310088
allyn,1908,3223,5131,51.257064899629704
jayln,232,425,657,58.75190258751902
luxe,163,123,286,27.972027972027973
glen,1348,125629,126977,195.75356166864864
trey,97,40196,40293,199.03705358250815
jules,1996,9251,11247,129.0121810260514
wallie,57,362,419,145.58472553699283
gearl,64,236,300,114.66666666666667
safari,354,129,483,93.16770186335404
jovon,289,2712,3001,161.4795068310563
murle,189,286,475,40.8421052631579
samon,66,11,77,142.85714285714286
jailyn,5032,768,5800,147.0344827586207
ozzi,22,20,42,9.523809523809524
thanh,650,1099,1749,51.34362492853059
ferrell,162,1911,2073,168.7409551374819
roslyn,18492,10,18502,199.78380715598314
imo,903,5,908,197.79735682819384
raahi,159,18,177,159.32203389830508
carrey,47,6,53,154.7169811320755
hendrixx,6,439,445,194.6067415730337
doye,20,106,126,136.5079365079365
rielyn,226,5,231,191.34199134199136
maron,33,377,410,167.8048780487805
jwan,92,141,233,42.06008583690987
levon,429,5636,6065,171.70651277823578
kazi,143,502,645,111.31782945736435
jophiel,8,24,32,100.0
timmy,168,25738,25906,197.4060063305798
elois,2642,10,2652,198.49170437405732
kristin,179286,1638,180924,196.37858990515355
lynnix,258,23,281,167.25978647686833
montra,11,11,22,0.0
elester,12,310,322,185.09316770186334
ezriah,10,52,62,135.48387096774192
shanti,1874,140,2014,172.19463753723932
mirza,135,537,672,119.64285714285714
dezire,931,19,950,192.0
keven,130,8737,8867,194.13555881357846
milani,10575,10,10585,199.62210675484175
lina,18952,5,18957,199.89449807458985
ryatt,173,2124,2297,169.87374836743578
talis,16,94,110,141.8181818181818
ayron,5,326,331,193.95770392749245
khmari,10,141,151,173.50993377483442
arona,15,6,21,85.71428571428571
ovi,85,34,119,85.71428571428571
zephyr,666,2355,3021,111.81727904667329
lonie,1677,1078,2755,43.48457350272233
quillie,36,47,83,26.506024096385545
maurice,2611,136109,138720,192.47116493656287
dushon,6,34,40,140.0
valentina,59761,7,59768,199.95315218846207
rhemy,34,10,44,109.09090909090908
cora,153577,387,153964,198.99457015925802
kassandra,33312,16,33328,199.80796927508402
juniper,19219,233,19452,195.2087188977997
reggie,539,12191,12730,183.0636292223095
elder,52,2221,2273,190.849098108227
lucero,7587,212,7799,189.12681112963202
caydan,5,284,289,193.07958477508652
lindley,987,628,1615,44.45820433436533
brylie,2132,5,2137,199.06410856340665
tomi,2793,131,2924,182.0793433652531
lenny,675,8170,8845,169.4742792538157
len,102,4506,4608,191.14583333333331
nessiah,49,249,298,134.2281879194631
lucchese,19,24,43,23.25581395348837
bentura,5,43,48,158.33333333333331
rylie,22623,1193,23816,179.9630500503863
makayden,39,23,62,51.61290322580645
bradlie,67,11,78,143.5897435897436
saylor,13059,823,13882,176.28583777553666
patterson,20,534,554,185.5595667870036
ariana,118125,200,118325,199.32389604901755
rey,502,9431,9933,179.78455652874257
brailyn,1061,388,1449,92.89164941338855
kiante,182,471,653,88.51454823889739
kane,36,18818,18854,199.2362363424207
pema,225,12,237,179.74683544303798
demetrie,17,308,325,179.07692307692307
phi,45,474,519,165.31791907514452
choyce,241,183,424,27.358490566037734
olly,21,117,138,139.1304347826087
azari,1683,751,2434,76.58175842235005
ziya,1727,63,1790,185.9217877094972
jamaal,45,8516,8561,197.89744188762995
rayvin,369,6,375,193.6
denim,1020,2447,3467,82.31900778771272
kaire,19,187,206,163.10679611650485
pam,33125,23,33148,199.7224568601424
katina,11306,34,11340,198.80070546737215
grover,92,27089,27181,198.64611309370517
prabhjot,23,133,156,141.02564102564102
noel,15120,51456,66576,109.15645277577507
evie,20688,92,20780,198.22906641000964
jahni,164,91,255,57.25490196078431
jimmi,281,49,330,140.6060606060606
taitum,469,102,571,128.54640980735553
trystyn,80,217,297,92.25589225589226
yahli,17,19,36,11.11111111111111
sham,215,36,251,142.62948207171314
delano,71,5506,5577,194.90765644611798
lunnie,11,16,27,37.03703703703704
eldred,294,3746,4040,170.89108910891088
giordan,14,114,128,156.25
niki,7035,229,7264,187.38986784140968
luis,1534,290440,291974,197.89844301204903
keating,6,21,27,111.11111111111111
jahnari,19,5,24,116.66666666666667
savi,201,11,212,179.24528301886792
ara,3517,1291,4808,92.59567387687187
adali,674,24,698,186.2464183381089
khyle,24,325,349,172.49283667621776
dionna,3767,5,3772,199.4697773064687
chad,1039,240640,241679,198.280363622822
landen,238,26602,26840,196.45305514157974
oakie,10,10,20,0.0
jenifer,25536,22,25558,199.65568510838094
allure,563,5,568,196.47887323943664
hany,11,37,48,108.33333333333333
basil,343,13095,13438,189.79014734335468
kahne,5,199,204,190.19607843137254
bellamy,3401,2634,6035,25.418392709196354
cameran,1315,954,2269,31.820185103569855
iver,102,1621,1723,176.3203714451538
kyrin,154,2012,2166,171.56048014773776
darl,63,1819,1882,186.60998937300744
aoi,199,36,235,138.72340425531914
acelin,19,135,154,150.64935064935065
natori,377,6,383,193.733681462141
abraham,208,102276,102484,199.1881659576129
shae,5972,1617,7589,114.77137962840953
vernelle,1245,5,1250,198.4
rudolph,197,53413,53610,198.53012497668345
farrel,38,831,869,182.50863060989644
carsen,1101,3981,5082,113.34120425029516
kofi,10,1506,1516,197.36147757255938
mallie,3408,407,3815,157.32634338138925
avion,304,2631,2935,158.56899488926746
bentlee,910,4107,5017,127.44668128363563
staci,25481,60,25541,199.06033436435536
linzie,570,338,908,51.10132158590308
cedar,1402,2464,3866,54.940506983962756
elvyn,11,83,94,153.19148936170214
kentlee,66,19,85,110.58823529411765
raedyn,266,179,445,39.10112359550561
finn,415,33229,33644,195.06598501961716
jole,53,5,58,165.51724137931035
kaison,11,6621,6632,199.33655006031364
demetrias,49,127,176,88.63636363636364
kourage,21,23,44,9.090909090909092
carrie,266286,1190,267476,198.22040108271398
khamari,603,2319,2922,117.45379876796716
hikari,269,5,274,192.7007299270073
levian,13,65,78,133.33333333333331
kimari,532,381,913,33.07776560788609
yanni,271,764,1035,95.26570048309179
jaylani,3184,89,3273,189.12312862816987
maheen,632,6,638,196.23824451410658
charle,132,929,1061,150.23562676720076
jahan,38,790,828,181.6425120772947
fennec,5,117,122,183.60655737704917
masa,497,12,509,190.56974459724952
edris,706,383,1089,59.32047750229569
oakley,13419,10685,24104,22.685031530036508
italy,2113,10,2123,198.11587376354217
adason,5,5,10,0.0
aaliyah,107314,106,107420,199.60528765593
ashly,12000,122,12122,195.97426167299125
graye,17,16,33,6.0606060606060606
anjel,403,1179,1582,98.10366624525916
liliana,71836,157,71993,199.12769297014987
laparis,139,5,144,186.11111111111111
pistol,19,63,82,107.31707317073172
elvin,234,20830,21064,195.55639954424612
dylin,134,633,767,130.11734028683182
kadri,10,24,34,82.35294117647058
kiley,19110,1097,20207,178.28475280843273
denzil,68,3775,3843,192.92219620088474
debbie,187828,435,188263,199.07576103642245
lillie,158489,873,159362,197.80876244023042
gilbert,673,129999,130672,197.93988000489776
alister,5,1561,1566,198.7228607918263
sok,8,28,36,111.11111111111111
demetra,4197,12,4209,198.85958660014256
emmerson,2413,589,3002,121.51898734177216
cori,12098,1226,13324,163.1942359651756
armonni,32,5,37,145.94594594594594
donnie,7132,60839,67971,158.0291594944903
addie,45183,718,45901,193.74305570684734
corie,3703,1021,4724,113.54784081287046
preston,788,121812,122600,197.42903752039152
knowledge,113,2222,2335,180.64239828693792
giavonni,263,115,378,78.3068783068783
dexter,218,36186,36404,197.60465882870017
dailynn,421,15,436,186.23853211009174
damian,336,106683,107019,198.7441482353601
danta,10,398,408,190.19607843137254
justyce,2459,668,3127,114.55068755996163
darryn,49,1716,1765,188.89518413597733
makena,6503,84,6587,194.8990435706695
donyae,233,320,553,31.464737793851715
buster,5,8161,8166,199.7550820475141
malikah,943,84,1027,167.28334956183056
monica,250900,983,251883,198.43895777007577
gus,5,19972,19977,199.89988486759773
lana,56666,15,56681,199.89414442229318
tris,132,59,191,76.43979057591623
uriah,885,11645,12530,171.74780526735833
shaughn,5,387,392,194.89795918367346
breland,83,437,520,136.15384615384616
brody,282,80174,80456,198.59799144874216
cam,393,2661,3054,148.52652259332024
avory,497,362,859,31.431897555296857
jahdai,112,71,183,44.80874316939891
santana,5849,7494,13343,24.657123585400583
konya,62,6,68,164.70588235294116
kaii,6,104,110,178.1818181818182
ivon,1157,580,1737,66.4363845710996
mikkel,24,865,889,189.20134983127107
montique,41,34,75,18.666666666666668
lyrik,1259,841,2100,39.80952380952381
darean,26,56,82,73.17073170731707
kevonne,6,43,49,151.0204081632653
song,206,76,282,92.19858156028369
kellis,104,111,215,6.511627906976744
azariyah,1042,106,1148,163.06620209059233
janee,3250,6,3256,199.26289926289925
brilyn,363,60,423,143.26241134751774
aijalon,95,102,197,7.1065989847715745
lue,6474,695,7169,161.2219277444553
jovanny,16,4816,4832,198.6754966887417
chigozie,6,143,149,183.89261744966444
marsha,104176,251,104427,199.03856282379078
janette,32147,42,32189,199.47808257479264
loraine,17259,340,17599,192.27228819819308
darae,12,6,18,66.66666666666666
mike,662,205707,206369,198.71686154412726
grier,404,326,730,21.36986301369863
charleston,1257,2467,3724,64.98388829215897
cassandra,170543,376,170919,199.12005101831863
roxana,11916,26,11942,199.12912409981578
maxim,6,6878,6884,199.65136548518302
kaida,646,7,653,195.71209800918837
adoree,94,35,129,91.47286821705426
verlon,326,1698,2024,135.57312252964425
malka,6250,5,6255,199.6802557953637
antonia,34042,2618,36660,171.43480632842335
malek,6,2965,2971,199.19219118142038
tokyo,82,22,104,115.38461538461537
corde,5,609,614,196.74267100977198
demari,267,2704,2971,164.0525075732077
germany,471,206,677,78.28655834564255
harlo,404,277,681,37.29809104258444
domanique,375,146,521,87.90786948176583
devann,148,8,156,179.4871794871795
rashi,213,129,342,49.122807017543856
kendy,505,16,521,187.71593090211132
jovy,26,5,31,135.48387096774192
keelan,351,3534,3885,163.86100386100387
ramie,690,257,947,91.4466737064414
manmeet,77,41,118,61.016949152542374
akiba,87,5,92,178.26086956521738
sequoya,493,5,498,195.98393574297188
avi,816,5788,6604,150.57540884312536
hansel,5,3529,3534,199.43406904357667
austen,1247,8069,9316,146.45770717045943
dakari,194,4031,4225,181.63313609467454
keerat,143,10,153,173.8562091503268
terryl,717,740,1457,3.157172271791352
mesiyah,12,52,64,125.0
kawena,176,15,191,168.58638743455495
macklin,42,2301,2343,192.82970550576184
jewelz,360,115,475,103.15789473684211
tijay,5,6,11,18.181818181818183
knox,227,22294,22521,195.96820745082368
sevyn,3411,1918,5329,56.033026834302866
torian,225,1533,1758,148.80546075085323
joby,68,1174,1242,178.09983896940417
rama,1122,265,1387,123.57606344628695
anais,8911,107,9018,195.25393657130184
lisbon,11,5,16,75.0
arias,50,318,368,145.65217391304347
ekin,6,186,192,187.5
phelan,68,576,644,157.76397515527952
saman,118,288,406,83.74384236453201
cheyne,115,909,1024,155.078125
modell,187,9,196,181.6326530612245
kaiden,1582,51057,52639,187.97849503220044
ziah,874,312,1186,94.77234401349072
shan,864,2224,3088,88.08290155440415
maxx,105,3982,4087,189.72351357964277
demeter,5,5,10,0.0
armand,6,15315,15321,199.84335226160172
davion,216,12968,13184,193.44660194174756
berthel,30,63,93,70.96774193548387
ariell,884,5,889,197.75028121484814
dudley,120,11863,11983,195.99432529416674
villa,722,27,749,185.5807743658211
charmaine,15375,20,15395,199.48035076323484
daelynn,920,64,984,173.98373983739836
curran,30,1151,1181,189.83911939034718
shayon,7,102,109,174.3119266055046
maitland,126,226,352,56.81818181818182
bennie,9875,52692,62567,136.8676778493455
rochelle,46966,401,47367,196.61367618806344
waylin,55,367,422,147.86729857819904
keon,152,9014,9166,193.3667903120227
starr,9776,324,10100,187.16831683168317
humberto,10,16899,16909,199.7634395883849
kaymen,13,227,240,178.33333333333334
devery,82,265,347,105.47550432276658
pharaoh,5,1917,1922,198.95941727367327
jiraiya,110,2044,2154,179.57288765088208
eugenia,29867,15,29882,199.79921022689246
mang,72,150,222,70.27027027027027
destiny,151282,526,151808,198.61403878583474
vadis,87,5,92,178.26086956521738
landyn,1531,11690,13221,153.6797519098404
ferrin,95,28,123,108.9430894308943
laylan,19,5,24,116.66666666666667
chiquita,6218,6,6224,199.61439588688944
truman,26,15835,15861,199.34430363785384
tija,114,5,119,183.19327731092437
braydan,10,1171,1181,196.6130397967824
gregoria,2250,6,2256,198.93617021276594
brooklin,2026,5,2031,199.01526341703595
jessamyn,727,5,732,197.26775956284152
merrill,2069,12974,15043,144.9843781160673
vollie,74,378,452,134.5132743362832
lou,34043,4006,38049,157.88588399169493
rayen,167,115,282,36.87943262411347
burdell,56,321,377,140.58355437665782
taylen,1192,2065,3257,53.60761436905127
kawaii,35,10,45,111.11111111111111
jadeen,15,5,20,100.0
earl,2247,289108,291355,196.91510356781245
yoon,39,80,119,68.90756302521008
curly,6,230,236,189.83050847457628
haben,21,51,72,83.33333333333334
kersey,52,19,71,92.95774647887323
akari,1028,723,1751,34.837235865219874
kavya,2071,6,2077,198.84448724121327
lino,6,4130,4136,199.41972920696324
reiss,64,199,263,102.6615969581749
isaiah,683,248633,249316,198.9042018963885
essie,39635,1212,40847,188.13131931353587
orea,32,10,42,104.76190476190477
indy,1974,789,2763,85.77633007600434
cj,133,1396,1529,165.20601700457814
lashone,396,56,452,150.44247787610618
sibley,117,18,135,146.66666666666666
lincoln,1974,100181,102155,192.27056923302823
khalia,3465,7,3472,199.19354838709677
marquelle,84,267,351,104.27350427350429
nami,1016,13,1029,194.94655004859086
aydenn,13,698,711,192.68635724331926
kleo,332,29,361,167.86703601108033
cameo,1501,218,1719,149.27283304246654
daniela,67499,168,67667,199.00690144383526
aleksis,68,5,73,172.6027397260274
bree,9225,17,9242,199.26422852196495
garrison,5,8415,8420,199.7624703087886
shiloh,14003,8183,22186,52.46551879563689
oluwademilade,113,229,342,67.83625730994152
opeyemi,30,19,49,44.89795918367347
tawn,270,32,302,157.6158940397351
clevie,119,29,148,121.62162162162163
marshon,15,627,642,190.65420560747663
neyamiah,6,5,11,18.181818181818183
quayshawn,5,172,177,188.70056497175142
kemori,5,9,14,57.14285714285714
jonta,33,216,249,146.9879518072289
annabelle,66632,10,66642,199.93997779178295
angelica,92808,321,93129,198.6212672744258
ragan,1860,394,2254,130.0798580301686
uhuru,5,28,33,139.3939393939394
corin,1689,985,2674,52.655198204936426
chosyn,205,175,380,15.789473684210526
loye,173,448,621,88.56682769726248
gina,152963,404,153367,198.94631830837142
penrose,12,21,33,54.54545454545454
wailyn,6,21,27,111.11111111111111
ludie,2687,270,2957,163.47649644910382
torren,39,824,863,181.92352259559675
embree,436,10,446,191.03139013452915
pure,50,19,69,89.85507246376811
minnie,159224,787,160011,198.03263525632613
shayron,11,5,16,75.0
lauri,11056,183,11239,193.4869650324762
lashan,512,87,599,141.90317195325542
lillian,471024,1429,472453,198.79014420482036
carin,4516,80,4596,193.03742384682332
kanani,882,5,887,197.74520856820743
mickie,3568,610,4178,141.59885112494018
mckenzie,64250,2255,66505,186.43710999172995
agape,112,41,153,92.81045751633987
elliotte,952,63,1015,175.17241379310343
sibi,5,5,10,0.0
atlas,1185,21457,22642,179.06545358183905
maki,211,510,721,82.94036061026353
irene,355004,1350,356354,198.48465290132847
earnestine,16072,61,16133,198.48757205727392
tajay,10,77,87,154.02298850574712
ayin,5,10,15,66.66666666666666
kingslee,169,250,419,38.66348448687351
torino,12,45,57,115.78947368421053
jaydn,377,689,1066,58.536585365853654
raen,20,11,31,58.06451612903226
hasani,11,1159,1170,196.23931623931622
kashmiere,6,9,15,40.0
ashtan,119,131,250,9.6
sothea,8,18,26,76.92307692307693
parminder,15,21,36,33.33333333333333
brenn,78,76,154,2.5974025974025974
gene,6997,126812,133809,179.08361918854487
jolly,119,348,467,98.07280513918629
swae,38,38,76,0.0
abiola,183,50,233,114.16309012875536
siyan,7,48,55,149.0909090909091
gwendolyn,123533,333,123866,198.92464437375875
vickie,110044,388,110432,198.59461025789628
kyan,164,3711,3875,183.07096774193548
katelyn,133817,157,133974,199.53125233254215
jinx,196,11,207,178.743961352657
jaxson,134,66136,66270,199.19118756601782
lyncoln,191,447,638,80.25078369905955
amira,23429,5,23434,199.9146539216523
chaise,365,1083,1448,99.17127071823204
rhyse,96,226,322,80.74534161490683
stewart,85,31176,31261,198.9123828412399
verda,8062,7,8069,199.6529929359276
qamar,320,165,485,63.91752577319587
adin,86,3221,3307,189.59782280012095
sasha,38071,1698,39769,182.92137091704595
ruel,5,1906,1911,198.9534275248561
lionel,44,33366,33410,199.47321161328944
karver,13,425,438,188.12785388127853
kami,8879,52,8931,197.67103347889375
jamani,319,402,721,23.02357836338419
trevon,25,14230,14255,199.29849175727813
israel,1593,70134,71727,191.1163160316199
francie,1890,6,1896,198.73417721518987
ayrion,6,6,12,0.0
natalie,376303,769,377072,199.18424067552084
kyrian,5,401,406,195.07389162561577
alyric,349,12,361,186.70360110803324
arielle,30250,51,30301,199.3267548925778
knoxly,6,5,11,18.181818181818183
kelynn,63,26,89,83.14606741573034
elga,120,10,130,169.23076923076923
braley,311,11,322,186.33540372670808
dakkota,6,41,47,148.93617021276594
murriel,513,120,633,124.17061611374407
willmer,6,309,315,192.38095238095238
hades,5,218,223,191.03139013452915
keyleth,8,28,36,111.11111111111111
kaleb,202,85483,85685,199.0570111454747
paytan,170,7,177,184.18079096045196
arsh,5,721,726,197.24517906336087
austin,5570,434891,440461,194.94166339358082
tishawn,52,228,280,125.71428571428571
daney,77,11,88,150.0
da,116,186,302,46.35761589403973
adan,140,30848,30988,198.1928488447141
landynn,54,179,233,107.29613733905579
luv,105,81,186,25.806451612903224
darle,10,57,67,140.2985074626866
connelly,230,117,347,65.12968299711815
chanda,6078,16,6094,198.94978667541844
brenda,608331,2120,610451,198.61086311595852
montanna,896,28,924,187.87878787878788
cristal,15842,55,15897,198.6160910863685
arri,58,33,91,54.94505494505495
seville,83,50,133,49.62406015037594
rudra,32,1610,1642,192.20462850182705
kreed,5,1218,1223,198.36467702371218
peighton,2717,93,2810,186.76156583629893
kaiyden,5,171,176,188.63636363636365
xyion,5,43,48,158.33333333333331
landan,5,2365,2370,199.15611814345993
kailynn,4654,15,4669,198.71492825016063
latrice,9132,17,9149,199.256749371516
brandel,18,52,70,97.14285714285714
juell,17,86,103,133.98058252427185
cove,372,1050,1422,95.35864978902954
francesca,34337,33,34370,199.61594413732905
astin,157,441,598,94.98327759197325
fynnley,51,38,89,29.213483146067414
cheyney,28,5,33,139.3939393939394
stefanie,37130,43,37173,199.53729857692412
akarri,5,20,25,120.0
almer,322,559,881,53.802497162315554
donne,117,80,197,37.56345177664975
brione,54,11,65,132.3076923076923
braidyn,83,594,677,150.96011816838995
eric,4293,887636,891929,198.07473464816147
innis,5,38,43,153.48837209302326
efrain,29,18439,18468,199.37188650638944
malaki,5,4624,4629,199.56794124000865
keylin,1126,315,1441,112.56072172102706
kamara,2029,26,2055,194.93917274939173
arren,21,301,322,173.91304347826087
cimarron,6,42,48,150.0
liberty,15050,154,15204,195.94843462246777
javonni,84,500,584,142.46575342465752
jazari,127,78,205,47.80487804878049
lakota,1646,1528,3174,7.435412728418401
jimena,16516,8,16524,199.80634229000242
jacey,7968,487,8455,176.96037847427556
maris,2623,232,2855,167.49562171628722
adedoyin,17,5,22,109.09090909090908
michah,17,380,397,182.87153652392948
shanon,4817,1732,6549,94.21285692472134
monique,78735,377,79112,198.09384164222874
rashea,145,5,150,186.66666666666666
aayden,5,1701,1706,198.82766705744433
carles,5,681,686,197.08454810495627
drew,9093,78045,87138,158.25931281415686
reyce,12,69,81,140.74074074074073
peace,723,319,1042,77.54318618042227
ronique,329,10,339,188.20058997050145
kairy,200,6,206,188.3495145631068
raylon,17,1247,1264,194.62025316455694
johan,135,14133,14268,196.215306980656
shanika,5599,11,5610,199.2156862745098
ernestine,44032,159,44191,198.56079292163562
terrance,751,70058,70809,195.75760143484587
avian,328,1799,2127,138.316878232252
amrit,421,573,994,30.58350100603622
nemiah,80,230,310,96.7741935483871
danny,1676,286194,287870,197.67117101469412
rudell,378,394,772,4.145077720207254
cortez,89,10797,10886,196.7297446261253
atlantis,529,75,604,150.33112582781456
dashay,304,24,328,170.73170731707316
kirie,46,5,51,160.7843137254902
angelita,11685,37,11722,198.73741682306775
rayli,108,20,128,137.5
palmer,8055,9035,17090,11.46869514335869
irwin,12,15934,15946,199.69898407124043
tressie,5355,6,5361,199.5523223279239
baxley,59,54,113,8.849557522123893
jamaris,77,391,468,134.18803418803418
jacklyn,16927,5,16932,199.8818804630286
gola,306,5,311,193.56913183279744
carmell,152,12,164,170.73170731707316
beebe,31,5,36,144.44444444444443
mikal,591,3303,3894,139.29121725731895
wilmeth,5,5,10,0.0
robbe,6,23,29,117.24137931034481
hartley,2070,1582,3652,26.72508214676889
meiko,112,135,247,18.62348178137652
jordann,1042,59,1101,178.5649409627611
shawntae,854,15,869,193.09551208285384
nuri,1078,488,1566,75.35121328224777
loren,12783,46439,59222,113.66046401675054
temitope,260,128,388,68.04123711340206
laurie,166428,1954,168382,195.35817367652123
alfie,128,976,1104,153.6231884057971
kinnick,5,497,502,196.0159362549801
orville,155,35051,35206,198.23893654490712
caeden,29,2151,2180,194.67889908256882
kelli,74875,301,75176,198.39842502926467
ishi,112,7,119,176.47058823529412
gage,246,60555,60801,198.38160556569792
pierce,369,19646,20015,192.6255308518611
alli,3787,5,3792,199.47257383966243
maisyn,1595,99,1694,176.62337662337663
everson,28,754,782,185.6777493606138
gurman,13,189,202,174.25742574257427
jastin,14,238,252,177.77777777777777
yoltzin,101,87,188,14.893617021276595
zaelynn,526,22,548,183.94160583941607
jaimee,4558,48,4606,195.8315240990013
khyree,34,1865,1899,192.83833596629805
geoffrey,140,54369,54509,198.97264671889045
skeeter,13,126,139,162.58992805755398
verne,878,5841,6719,147.73031701146004
nelly,7619,70,7689,196.35843412667447
keymoni,106,64,170,49.411764705882355
brilee,1321,23,1344,193.1547619047619
mikelle,912,77,989,168.85743174924167
elgie,529,814,1343,42.44229337304542
coree,395,166,561,81.63992869875223
redell,73,248,321,109.03426791277258
taylour,497,29,526,177.9467680608365
keshun,7,637,644,195.65217391304347
keshaun,51,2361,2412,191.54228855721394
loise,818,37,855,182.69005847953218
shantel,10252,59,10311,197.71118223256715
llewellyn,330,3398,3728,164.5922746781116
teryn,1373,261,1634,136.1077111383109
kristina,136639,353,136992,198.96928287783228
reynaldo,23,20449,20472,199.55060570535366
tyrice,29,959,988,188.25910931174087
daphne,42434,7,42441,199.93402605970644
ethelbert,5,178,183,189.07103825136613
yohana,1367,7,1374,197.96215429403205
kailyn,14098,132,14230,196.2895291637386
cincere,133,725,858,137.995337995338
corbin,656,40520,41176,193.62735574120848
montez,737,3183,3920,124.79591836734694
kamry,963,23,986,190.66937119675455
lavoris,163,212,375,26.13333333333333
zaylyn,110,175,285,45.614035087719294
yarin,33,31,64,6.25
yuli,370,5,375,194.66666666666669
ariella,20602,5,20607,199.90294560100935
stacey,147693,13974,161667,165.4252259273692
vanna,1951,59,2010,188.25870646766168
wyzdom,5,6,11,18.181818181818183
viridiana,4245,5,4250,199.52941176470588
elden,11,5885,5896,199.2537313432836
javoni,26,324,350,170.28571428571428
ervie,41,193,234,129.9145299145299
oluwaferanmi,31,118,149,116.7785234899329
codey,28,3214,3242,196.54534238124614
gertrude,177083,568,177651,198.7210879758628
danari,45,48,93,6.451612903225806
koli,8,13,21,47.61904761904761
linell,293,159,452,59.29203539823009
khloe,48758,20,48778,199.8359916355734
kelsie,19507,345,19852,193.0485593391094
ekko,57,59,116,3.4482758620689653
cailean,17,68,85,120.0
nasiyah,383,6,389,193.83033419023135
nikia,3727,246,3973,175.23282154543168
byntlee,5,27,32,137.5
milian,74,52,126,34.92063492063492
davonte,5,4640,4645,199.56942949407966
erioluwa,66,62,128,6.25
se,12,6,18,66.66666666666666
ayomikun,59,129,188,74.46808510638297
tonee,170,5,175,188.57142857142856
lexie,16623,436,17059,189.7766574828536
larri,203,62,265,106.41509433962264
lyda,4968,5,4973,199.59782827267242
brina,1361,5,1366,198.53587115666178
deshawn,1183,15970,17153,172.41298898151928
juel,653,1052,1705,46.80351906158358
elienai,288,6,294,191.83673469387753
dalton,426,85003,85429,198.00536117711783
tillman,7,3705,3712,199.2456896551724
terren,169,559,728,107.14285714285714
tullie,5,17,22,109.09090909090908
jady,221,5,226,191.1504424778761
suede,84,281,365,107.94520547945206
khalin,6,157,163,185.2760736196319
jaydee,596,543,1139,9.306409130816505
randy,5005,329266,334271,194.01084748602182
derek,909,237860,238769,198.47718924986074
candace,84888,159,85047,199.25217820734417
kailin,1206,189,1395,145.80645161290323
presley,30411,4857,35268,144.91323579448792
tanya,116812,405,117217,198.6179479085798
erion,113,590,703,135.70412517780937
zacharee,5,97,102,180.3921568627451
jen,318,86,404,114.85148514851484
finnly,15,76,91,134.06593406593404
nylan,105,539,644,134.7826086956522
anshu,138,10,148,172.97297297297297
nhia,32,213,245,147.75510204081633
jiayi,112,60,172,60.46511627906976
nijae,184,15,199,169.84924623115577
joyden,5,5,10,0.0
adly,24,5,29,131.0344827586207
vick,5,601,606,196.6996699669967
zihan,42,57,99,30.303030303030305
emmory,179,5,184,189.1304347826087
taymar,32,42,74,27.027027027027028
powell,6,1476,1482,198.38056680161944
domani,5,590,595,196.63865546218486
dashiell,16,2773,2789,197.70527070634637
eren,197,1964,2161,163.53540027764925
andres,449,94525,94974,198.10895613536337
kennison,60,44,104,30.76923076923077
danel,147,341,488,79.50819672131148
beni,70,147,217,70.96774193548387
cade,140,33374,33514,198.32905651369578
dariell,10,112,122,167.21311475409837
shyloh,637,205,842,102.61282660332543
jamine,325,137,462,81.38528138528139
melody,111788,170,111958,199.39262937887423
taige,78,104,182,28.57142857142857
tavita,34,161,195,130.25641025641025
oreoluwa,261,164,425,45.64705882352941
anakin,44,5410,5454,196.77301063439677
zee,37,84,121,77.68595041322314
meena,1540,12,1552,196.9072164948454
shameek,5,239,244,191.80327868852459
mikai,15,739,754,192.04244031830237
alice,584578,1959,586537,198.66402290051607
daylynn,378,40,418,161.7224880382775
ebby,28,5,33,139.3939393939394
herbert,1117,228211,229328,198.05169887671806
javani,14,166,180,168.88888888888889
navdeep,125,147,272,16.176470588235293
ramon,534,77133,77667,197.24979721117077
bai,10,5,15,66.66666666666666
brooke,197517,2025,199542,195.94070421264695
shamonte,22,17,39,25.64102564102564
virginia,652372,2009,654381,198.77196923504806
shamichael,5,10,15,66.66666666666666
amadis,59,7,66,157.57575757575756
lavern,6845,10203,17048,39.39465039887377
cashmere,691,613,1304,11.96319018404908
terrie,19728,338,20066,193.26223462573506
ercel,186,156,342,17.543859649122805
keshawn,342,5988,6330,178.38862559241707
alexis,343984,67485,411469,134.39602983456834
hillis,13,408,421,187.64845605700714
delia,37173,62,37235,199.33395998388613
ludy,212,21,233,163.94849785407726
hildred,2404,421,2825,140.38938053097345
shiya,206,48,254,124.40944881889764
maxtyn,5,133,138,185.5072463768116
dreamer,101,12,113,157.52212389380531
kayton,167,173,340,3.5294117647058822
wilbur,290,56880,57170,197.9709637921987
marshay,765,5,770,197.4025974025974
ann,470033,1364,471397,198.84258915521312
syx,25,88,113,111.50442477876106
rainer,16,1225,1241,194.84286865431105
jaycen,5,1304,1309,198.47211611917496
rhyan,3049,1496,4545,68.33883388338833
darrian,971,3436,4407,111.86748354889949
zi,62,65,127,4.724409448818897
herman,795,135914,136709,197.6738912580737
shiah,124,81,205,41.951219512195124
deaveon,30,69,99,78.78787878787878
lavan,5,285,290,193.10344827586206
kalyn,7393,381,7774,180.3961924363262
ugonna,47,177,224,116.07142857142858
cloud,25,711,736,186.41304347826087
davy,306,2661,2967,158.74620829120323
leotis,5,887,892,197.7578475336323
rick,135,81792,81927,199.34087663407666
eliana,67858,37,67895,199.78201634877385
irin,5,5,10,0.0
ody,5,12,17,82.35294117647058
varenya,110,6,116,179.31034482758622
avyn,324,276,600,16.0
eknoor,167,28,195,142.56410256410257
deaundra,318,120,438,90.41095890410958
izamar,625,7,632,195.56962025316454
salem,5774,4284,10058,29.628156691191094
hailey,178851,271,179122,199.39482587286875
shem,5,740,745,197.31543624161074
august,5998,64194,70192,165.81946660588102
diavion,99,15,114,147.36842105263156
will,658,45781,46439,194.3323499644695
khoi,50,681,731,172.64021887824896
emeka,17,472,489,186.09406952965236
taye,48,571,619,168.9822294022617
yabsera,15,11,26,30.76923076923077
takari,98,335,433,109.46882217090071
josefina,13824,35,13859,198.98982610577966
maxi,142,156,298,9.395973154362416
breece,47,83,130,55.38461538461539
kasani,87,35,122,85.24590163934425
antoni,5,2291,2296,199.12891986062718
dietrich,149,2034,2183,172.69812185066422
ali,10455,33255,43710,104.32395332875772
craig,1012,299522,300534,198.65306421236866
kahmari,135,437,572,105.5944055944056
lizeth,9082,9,9091,199.6040039599604
hillary,28977,1262,30239,183.30632626740302
terraine,5,5,10,0.0
aura,4679,5,4684,199.5730145175064
armie,72,5,77,174.02597402597402
keyshawn,24,4027,4051,197.63021476178722
braylan,61,1312,1373,182.2286962855062
katlyn,18421,5,18426,199.89145772278303
bernell,750,1558,2308,70.01733102253033
jaidyn,5759,3408,9167,51.29268026617214
aryeh,5,3339,3344,199.4019138755981
mckinney,38,35,73,8.21917808219178
sierra,100111,269,100380,198.92807332137878
fredie,40,1189,1229,186.98128559804718
lexus,6558,263,6821,184.57704148951765
kevyn,240,2135,2375,159.57894736842104
burnell,593,2790,3383,129.88471770617795
marchel,73,56,129,26.356589147286826
ahari,12,5,17,82.35294117647058
rasheen,95,1390,1485,174.41077441077442
diamonte,32,486,518,175.28957528957528
rileigh,3807,50,3857,194.81462276380609
cobie,261,405,666,43.24324324324324
chozynn,28,5,33,139.3939393939394
keoni,359,3131,3490,158.8538681948424
roderick,263,47088,47351,197.7782940170218
hale,14,1269,1283,195.6352299298519
markee,110,724,834,147.242206235012
katsumi,5,265,270,192.59259259259258
oria,259,29,288,159.72222222222223
silvia,21084,51,21135,199.0347764371895
caylon,12,252,264,181.8181818181818
jing,125,22,147,140.1360544217687
lucia,56309,91,56400,199.354609929078
delore,10,31,41,102.4390243902439
hue,89,476,565,136.99115044247787
ramah,260,18,278,174.10071942446044
nikola,651,3341,3992,134.76953907815633
phalon,37,15,52,84.61538461538461
braxlee,27,64,91,81.31868131868131
aeris,1797,71,1868,184.796573875803
delacy,20,5,25,120.0
dah,17,20,37,16.216216216216218
ashlen,1065,13,1078,195.17625231910947
tomie,476,904,1380,62.02898550724638
aunyx,20,30,50,40.0
elgene,70,48,118,37.28813559322034
maddix,375,2053,2428,138.22075782537067
beverley,13050,407,13457,187.9022070297986
willett,34,127,161,115.527950310559
shantrell,620,10,630,193.65079365079364
hagan,163,1427,1590,158.9937106918239
nix,5,85,90,177.77777777777777
kavon,41,2751,2792,194.12607449856733
auburn,1304,723,2027,57.326097681302414
kaidin,11,418,429,189.74358974358972
ku,6,33,39,138.46153846153845
lesile,45,5,50,160.0
schuyler,1305,4160,5465,104.48307410795974
lynwood,5,4163,4168,199.5201535508637
pasha,498,397,895,22.56983240223464
jahzeel,47,194,241,121.99170124481329
peytin,217,23,240,161.66666666666666
leavy,6,169,175,186.28571428571428
rena,39048,123,39171,198.74396875239336
stratton,28,1489,1517,192.61700725115358
shevy,398,17,415,183.6144578313253
bethel,5176,1010,6186,134.69123827998706
mauri,833,159,992,135.88709677419354
skylin,927,53,980,178.3673469387755
dymond,1871,81,1952,183.4016393442623
yolanda,112863,537,113400,198.1058201058201
gudalupe,27,5,32,137.5
larell,5,378,383,194.77806788511748
montie,935,1695,2630,57.79467680608364
brently,18,1405,1423,194.9402670414617
disney,157,5,162,187.6543209876543
maurie,317,98,415,105.54216867469879
burnis,90,842,932,161.3733905579399
bryant,237,51550,51787,198.16942475910943
hong,450,198,648,77.77777777777779
harrie,52,417,469,155.6503198294243
jalani,1441,654,2095,75.13126491646777
tyrea,88,13,101,148.5148514851485
shamaine,197,5,202,190.0990099009901
gwen,32232,294,32526,196.38443091680503
karron,376,175,551,72.95825771324864
gari,485,158,643,101.71073094867806
gaberial,16,445,461,186.117136659436
teal,1591,289,1880,138.51063829787233
jasiri,71,181,252,87.3015873015873
mikayla,56339,11,56350,199.92191659272405
blanche,87408,223,87631,198.9820953772067
sheikh,15,405,420,185.71428571428572
jordyan,77,23,100,108.0
rya,1766,19,1785,195.7422969187675
demonie,6,80,86,172.09302325581396
luster,12,1120,1132,195.75971731448763
earlee,134,44,178,101.12359550561798
thoma,20,78,98,118.36734693877551
rosamond,3283,6,3289,199.27029492246885
keonte,55,1509,1564,185.93350383631713
denvyr,10,5,15,66.66666666666666
millie,42553,212,42765,198.01707003390624
kijana,137,264,401,63.34164588528678
ice,6,40,46,147.82608695652172
asaiah,110,1743,1853,176.25472207231516
baraka,23,369,392,176.53061224489795
inioluwa,186,130,316,35.44303797468354
elouise,11052,5,11057,199.81911911006603
deva,964,22,986,191.07505070993915
angelia,22438,22,22460,199.60819234194122
dannie,2289,9110,11399,119.67716466356697
demetria,10936,141,11077,194.90836869188408
jaisyn,5,15,20,100.0
dustie,916,11,927,195.2535059331176
olivet,99,5,104,180.76923076923077
tanveer,37,148,185,120.0
paxtyn,454,462,916,1.7467248908296942
roman,454,98435,98889,198.1635975689915
harper,132214,6692,138906,180.72941413617843
barry,766,181155,181921,198.31575244199405
lura,9550,5,9555,199.7906855049712
lakisha,12310,12,12322,199.61045284856354
aydrian,56,380,436,148.62385321100916
hans,5,15531,15536,199.8712667353244
reve,73,27,100,92.0
deryn,201,33,234,143.5897435897436
doyce,172,946,1118,138.46153846153845
skyland,22,30,52,30.76923076923077
alonte,6,462,468,194.87179487179486
cassander,24,6,30,120.0
truu,75,133,208,55.769230769230774
veronica,223039,834,223873,198.50986943490284
rickey,674,61666,62340,195.6753288418351
florine,11254,5,11259,199.8223643307576
nahid,23,12,35,62.857142857142854
tahja,233,15,248,175.80645161290323
selmer,10,759,769,194.79843953185957
emilee,23908,8,23916,199.8661983609299
munachiso,64,17,81,116.0493827160494
dennise,3481,83,3564,190.68462401795736
gregorio,5,10782,10787,199.81459163808287
almar,5,5,10,0.0
malikai,5,1954,1959,198.97907095456867
griselda,9075,61,9136,197.3292469352014
alwyn,19,711,730,189.58904109589042
tylei,25,5,30,133.33333333333331
lish,7,24,31,109.6774193548387
jailin,315,207,522,41.37931034482759
aivan,5,98,103,180.58252427184468
io,185,31,216,142.59259259259258
conrad,16,38509,38525,199.83387410772227
emry,2214,914,3128,83.12020460358056
na,223,34,257,147.08171206225683
seann,5,517,522,196.1685823754789
say,62,30,92,69.56521739130434
jakkia,16,8,24,66.66666666666666
khayden,23,541,564,183.68794326241135
rigley,43,156,199,113.5678391959799
talan,51,3948,3999,194.89872468117028
cannie,225,5,230,191.30434782608697
martin,1476,314547,316023,198.1317815475456
lindal,5,30,35,142.85714285714286
sari,3360,40,3400,195.2941176470588
theodore,962,303761,304723,198.73721379744882
nissan,5,88,93,178.49462365591398
junnie,168,26,194,146.39175257731958
jackey,43,683,726,176.3085399449036
nickie,3158,1438,4596,74.84769364664926
colyn,10,700,710,194.3661971830986
sterling,3504,36521,40025,164.98188632104936
khazi,16,183,199,167.8391959798995
lev,75,2770,2845,189.45518453427067
norvel,5,840,845,197.63313609467457
iverson,93,2008,2101,182.29414564493098
janie,75428,276,75704,198.54168868223607
jennifer,1471191,4837,1476028,198.68918475801271
ezeriah,7,221,228,187.71929824561403
hayley,51223,46,51269,199.64110866215452
edlin,289,14,303,181.5181518151815
barney,91,16085,16176,197.74975272007913
terrian,119,282,401,81.29675810473816
chante,3956,33,3989,196.69089997493106
jose,4220,588779,592999,197.15345219806443
demian,14,2051,2065,197.28813559322035
sakari,624,264,888,81.08108108108108
phong,5,1006,1011,198.0217606330366
tamar,6083,885,6968,149.1963260619977
hiyab,209,63,272,107.35294117647058
jaidan,580,1064,1644,58.88077858880778
levyn,22,26,48,16.666666666666664
germain,42,985,1027,183.64167478091528
addington,10,8,18,22.22222222222222
tanisha,19322,21,19343,199.5657343741922
kedron,5,145,150,186.66666666666666
khairi,10,506,516,192.24806201550388
rolando,78,24302,24380,198.7202625102543
florian,55,3638,3693,194.04278364473328
glory,4785,98,4883,191.97214826950645
jennie,127102,479,127581,198.49820898096112
jari,374,278,652,29.447852760736197
detrich,11,117,128,165.625
uzziah,7,1068,1075,197.3953488372093
hanna,41418,132,41550,198.7292418772563
gussie,13084,1098,14182,169.03116626709914
ryu,5,1624,1629,198.77225291589932
levarn,6,15,21,85.71428571428571
keimari,24,113,137,129.92700729927006
dayne,206,3863,4069,179.74932415826984
mills,111,873,984,154.8780487804878
narvell,26,22,48,16.666666666666664
dai,85,122,207,35.748792270531396
mackenzy,1083,119,1202,160.39933444259566
demeatrice,41,18,59,77.96610169491525
jeeva,18,5,23,113.04347826086956
lesly,15131,504,15635,187.10585225455708
mattie,132813,780,133593,197.66454829220095
lorene,39361,113,39474,198.85494249379337
ronin,204,9670,9874,191.73587198703666
aimen,41,61,102,39.21568627450981
darlin,810,82,892,163.22869955156952
aryan,743,7831,8574,165.33706554700257
richie,419,7059,7478,177.58759026477668
naylan,5,10,15,66.66666666666666
lauris,132,167,299,23.411371237458194
paulette,46947,65,47012,199.4469497149664
keahi,30,315,345,165.2173913043478
oma,9598,181,9779,192.5963799979548
tracey,86505,8682,95187,163.51602634813577
dymon,369,22,391,177.4936061381074
kaymari,29,15,44,63.63636363636363
taiyari,61,34,95,56.84210526315789
brynn,29046,388,29434,194.72718624719712
elmi,5,10,15,66.66666666666666
orland,5,2081,2086,199.0412272291467
rhettley,5,49,54,162.96296296296296
chantel,14970,11,14981,199.70629463987717
brexley,513,59,572,158.74125874125875
micaiah,1517,2949,4466,64.12897447380206
yeray,5,432,437,195.4233409610984
gable,6,786,792,196.96969696969697
iona,12186,10,12196,199.67202361429977
clemmie,2637,972,3609,92.26932668329178
ryman,21,184,205,159.02439024390245
williard,5,1081,1086,198.158379373849
geral,148,224,372,40.86021505376344
romi,1475,112,1587,171.77063642091997
braylee,6675,82,6757,195.14577475210893
arlene,142880,361,143241,198.99190874121234
camen,10,55,65,138.46153846153845
genuine,5,37,42,152.38095238095238
mayson,1149,4745,5894,122.02239565659994
danna,24315,134,24449,197.80768129575853
sway,226,102,328,75.60975609756098
apache,10,16,26,46.15384615384615
burley,40,2310,2350,193.1914893617021
kaelen,340,726,1066,72.42026266416511
solace,210,179,389,15.938303341902312
kensley,8581,320,8901,185.61959330412316
javin,5,2397,2402,199.16736053288926
coma,17,5,22,109.09090909090908
khrystian,15,115,130,153.84615384615387
toccara,966,14,980,194.28571428571428
roma,8143,568,8711,173.91803466880955
rogelio,65,25693,25758,198.99060486062584
nichelle,5536,5,5541,199.63905432232448
rieley,203,111,314,58.59872611464968
arley,864,3556,4420,121.80995475113122
nieves,986,595,1581,49.46236559139785
megan,439765,1104,440869,198.99834191108923
vestal,125,367,492,98.3739837398374
ames,10,1763,1773,197.74393683023123
devine,769,820,1589,6.419131529263687
tristine,201,5,206,190.29126213592232
natay,11,7,18,44.44444444444444
shakil,5,172,177,188.70056497175142
chloe,248112,345,248457,199.44457189775292
daijon,5,747,752,197.3404255319149
hana,12568,11,12579,199.6502106685746
sonnie,723,866,1589,17.99874134675897
flor,7524,92,7616,195.16806722689074
eleazar,7,5960,5967,199.53075247192896
seraphim,215,105,320,68.75
aubri,4986,5,4991,199.599278701663
hartford,53,442,495,157.17171717171715
tannis,317,5,322,193.7888198757764
ferran,18,127,145,150.3448275862069
shirl,1323,448,1771,98.81422924901186
brelynn,1022,5,1027,198.05258033106134
nathalie,20521,6,20527,199.8830808203829
sundance,10,65,75,146.66666666666666
jevon,91,4949,5040,192.77777777777777
deior,12,10,22,18.181818181818183
cherokee,2566,337,2903,153.5652772993455
patsey,507,5,512,196.09375
honest,301,256,557,16.15798922800718
kin,6,271,277,191.33574007220219
nola,25927,9,25936,199.86119679210364
andri,5,146,151,186.75496688741723
mancy,15,5,20,100.0
mavin,22,123,145,139.3103448275862
gia,21617,5,21622,199.90750161872165
prayer,96,14,110,149.0909090909091
kendyn,7,218,225,187.55555555555557
aren,348,2176,2524,144.84944532488115
jazz,610,897,1507,38.08891838088918
massie,251,99,350,86.85714285714286
lenox,473,1961,2434,122.26787181594084
harlem,1596,3199,4795,66.86131386861314
kauai,11,32,43,97.67441860465115
nori,2833,213,3046,172.0288903479974
greta,27496,5,27501,199.92727537180465
destine,1222,199,1421,143.98311048557352
ayaan,229,8238,8467,189.18152828628794
ori,315,1540,1855,132.0754716981132
davene,234,5,239,191.63179916317992
acelyn,631,52,683,169.54612005856515
hael,10,16,26,46.15384615384615
tharon,167,483,650,97.23076923076923
jarie,11,6,17,58.82352941176471
lenin,5,1679,1684,198.81235154394298
kaleigh,16184,6,16190,199.85176034589253
terra,15353,5,15358,199.86977471024875
ysabel,1476,225,1701,147.0899470899471
earlene,14165,5,14170,199.8588567395907
chigozirim,6,33,39,138.46153846153845
brenner,10,1200,1210,196.69421487603307
remmy,290,619,909,72.38723872387239
tanitoluwa,11,5,16,75.0
avy,447,16,463,186.17710583153348
khozen,7,21,28,100.0
emersyn,20123,291,20414,194.29803076320172
torance,39,42,81,7.4074074074074066
royel,33,99,132,100.0
lonell,23,763,786,188.29516539440203
jaelan,39,273,312,150.0
fidelis,114,49,163,79.75460122699386
criston,19,102,121,137.19008264462812
ronny,478,14533,15011,187.26267403903805
kaeden,158,5049,5207,187.86249279815632
michell,6988,588,7576,168.9545934530095
makay,42,35,77,18.181818181818183
anik,17,399,416,183.65384615384613
javonne,361,318,679,12.665684830633284
abney,10,5,15,66.66666666666666
semaja,163,22,185,152.43243243243242
ainsley,19845,418,20263,191.7485071312244
addisen,1203,6,1209,198.014888337469
angeles,3379,77,3456,191.08796296296296
margene,1687,5,1692,198.81796690307328
grae,157,160,317,1.8927444794952681
gerardo,239,54612,54851,198.25709649778491
sherrel,768,112,880,149.0909090909091
whitley,7727,755,8482,164.3951898137232
quante,6,294,300,192.0
seraphine,694,10,704,194.3181818181818
talley,352,81,433,125.17321016166281
kasiah,274,152,426,57.27699530516433
kaidan,72,1119,1191,175.81863979848868
dion,1244,18758,20002,175.12248775122487
yves,50,1184,1234,183.79254457050243
zera,678,10,688,194.1860465116279
rehmat,301,13,314,183.4394904458599
versai,5,62,67,170.1492537313433
laury,874,51,925,177.94594594594594
jaye,2455,1106,3561,75.76523448469531
draper,5,432,437,195.4233409610984
camry,1393,125,1518,167.06192358366272
aymen,17,472,489,186.09406952965236
brexlee,214,5,219,190.8675799086758
jessel,174,10,184,178.26086956521738
clair,4281,12041,16322,95.08638647224605
chapin,45,233,278,135.25179856115108
sahej,71,50,121,34.710743801652896
lenell,343,540,883,44.620611551528874
shonta,1604,74,1678,182.35995232419546
zayne,203,12197,12400,193.45161290322582
tyrie,41,835,876,181.2785388127854
ever,2777,4294,7071,42.90765096874558
kamyrn,58,18,76,105.26315789473684
radell,5,6,11,18.181818181818183
jhordyn,107,15,122,150.81967213114754
landy,255,606,861,81.53310104529616
daris,608,1244,1852,68.68250539956804
beatrice,194331,733,195064,198.49690358036335
gatlin,40,4251,4291,196.27126543929154
dominick,267,66721,66988,198.40568460022692
sylas,62,8160,8222,196.9837022622233
eppie,245,44,289,139.10034602076124
cambell,198,73,271,92.25092250922509
semajae,5,10,15,66.66666666666666
kaylee,139199,176,139375,199.49488789237668
senica,27,72,99,90.9090909090909
belvin,7,415,422,193.3649289099526
dene,572,223,795,87.79874213836479
embry,686,379,1065,57.65258215962441
parks,12,1389,1401,196.57387580299786
antwana,5,7,12,33.33333333333333
jonatha,29,311,340,165.8823529411765
jorie,1317,14,1331,195.79263711495116
monnie,1861,258,2119,151.2977819726286
lawson,549,17698,18247,187.96514495533512
esli,435,150,585,97.43589743589743
enid,9204,6,9210,199.73941368078175
blaise,845,8553,9398,164.03490104277506
camrin,226,1046,1272,128.9308176100629
florida,3527,5,3532,199.43374858437147
remingtyn,165,24,189,149.20634920634922
mendy,2160,847,3007,87.32956434985036
jahriah,8,5,13,46.15384615384615
shya,354,5,359,194.42896935933146
farin,97,17,114,140.35087719298244
tommi,1778,22,1800,195.11111111111111
tramaine,561,1881,2442,108.10810810810811
shayvon,28,5,33,139.3939393939394
tavyn,12,176,188,174.468085106383
arian,1567,6474,8041,122.0494963313021
ajae,30,21,51,35.294117647058826
moo,49,72,121,38.01652892561984
everyn,42,5,47,157.4468085106383
weslyn,559,128,687,125.4730713245997
may,49216,699,49915,194.3984774115997
kylann,14,19,33,30.303030303030305
grey,1021,5832,6853,140.40566175397635
dareon,7,433,440,193.63636363636363
samuela,45,42,87,6.896551724137931
coby,381,9397,9778,184.41399059112294
liam,519,337540,338059,199.3859060104893
asonte,6,10,16,50.0
jobie,60,448,508,152.75590551181102
breckyn,889,314,1203,95.59434746467166
taelor,2235,190,2425,168.659793814433
constantine,42,6569,6611,197.4587808198457
ozie,1235,933,2168,27.85977859778598
jamelle,382,809,1191,71.70445004198153
vi,955,125,1080,153.7037037037037
lennis,537,1217,1754,77.53705815279362
zavia,251,6,257,190.6614785992218
seraph,21,37,58,55.172413793103445
chas,10,3208,3218,198.7569919204475
jeramy,5,4519,4524,199.5579133510168
alison,116237,590,116827,197.97991902556774
turi,19,5,24,116.66666666666667
opha,427,12,439,189.06605922551253
brienne,1497,5,1502,198.66844207723037
khemani,9,8,17,11.76470588235294
woodrow,139,39005,39144,198.57960351522584
kc,838,1933,2771,79.03284012991699
kya,6185,13,6198,199.16101968376896
kilyn,158,33,191,130.89005235602093
khristian,553,2757,3310,133.17220543806647
grady,731,51619,52350,194.414517669532
landree,907,11,918,195.20697167755992
aireon,5,75,80,175.0
jesse,12419,430392,442811,188.78166983205026
lundin,33,5,38,147.36842105263156
shande,7,12,19,52.63157894736842
jadan,343,1184,1527,110.15062213490505
rigby,106,373,479,111.48225469728601
tipton,5,256,261,192.33716475095787
dang,6,310,316,192.40506329113924
dannon,92,503,595,138.15126050420167
gavyn,120,5193,5313,190.9655561829475
brenyn,37,113,150,101.33333333333334
gray,654,5038,5692,154.0407589599438
jakai,206,3534,3740,177.96791443850267
amilian,29,7,36,122.22222222222223
payden,695,1332,2027,62.85150468672916
ajay,5,4524,4529,199.55840141311546
arizona,3454,153,3607,183.03299140560023
sadler,38,182,220,130.9090909090909
nora,186719,778,187497,198.34024011050843
tsering,85,33,118,88.13559322033898
lexani,443,5,448,195.53571428571428
remmi,474,34,508,173.22834645669292
paris,33157,9200,42357,113.11943716504946
casmir,14,336,350,184.0
quill,21,384,405,179.25925925925924
elnora,21345,27,21372,199.49466591802357
rise,1099,59,1158,179.62003454231436
carry,1359,300,1659,127.66726943942135
dre,5,839,844,197.63033175355451
esmeralda,50743,180,50923,198.5861005832335
ashay,27,29,56,7.142857142857142
palak,289,5,294,193.1972789115646
keyren,5,58,63,168.25396825396825
cheron,635,99,734,146.04904632152588
tee,51,407,458,155.45851528384281
brittney,82177,265,82442,198.71424759224666
verdi,5,11,16,75.0
riko,108,88,196,20.408163265306122
mikail,15,1180,1195,194.97907949790795
olean,853,17,870,192.183908045977
rien,29,96,125,107.2
wiley,371,18234,18605,192.0236495565708
alvine,117,5,122,183.60655737704917
gervase,5,197,202,190.0990099009901
markel,121,4670,4791,189.89772490085576
rajdeep,11,41,52,115.38461538461537
scot,11,13715,13726,199.67944047792508
kaname,5,16,21,104.76190476190477
markai,10,91,101,160.39603960396042
courteney,1124,5,1129,198.22852081488043
railyn,867,6,873,197.25085910652922
ebenezer,33,1164,1197,188.97243107769424
devlyn,268,341,609,23.973727422003286
sador,21,5,26,123.07692307692308
chancellor,5,2618,2623,199.23751429660695
francine,36362,11,36373,199.879031149479
raylan,566,6540,7106,168.13960033774276
ralph,1840,413799,415639,198.2292325792334
corda,567,12,579,191.7098445595855
elbie,10,81,91,156.04395604395606
krist,37,170,207,128.50241545893718
loney,280,505,785,57.324840764331206
celia,56289,74,56363,199.4748327803701
kadian,87,69,156,23.076923076923077
emeril,16,70,86,125.5813953488372
ozel,5,11,16,75.0
desmond,233,39186,39419,197.63565793145438
toryn,390,454,844,15.165876777251185
anjolaoluwa,265,21,286,170.6293706293706
tamarr,5,12,17,82.35294117647058
ziv,5,236,241,191.701244813278
lon,20,9836,9856,199.18831168831167
colbe,6,113,119,179.83193277310926
dorcie,42,10,52,123.07692307692308
finlay,196,1051,1247,137.12910986367282
fredrick,255,64430,64685,198.42312746386335
roshun,15,70,85,129.41176470588235
kolby,1308,11484,12792,159.09943714821765
kenneth,5338,1282809,1288147,198.3424252045768
kenai,68,2013,2081,186.9293608841903
jabree,70,341,411,131.87347931873478
parris,1661,1898,3559,13.31834785051981
marjon,59,15,74,118.91891891891892
braxtynn,10,58,68,141.1764705882353
tiernan,195,1452,1647,152.64116575591987
adna,574,12,586,191.80887372013652
gabriella,135054,68,135122,199.79870043368214
eurie,5,10,15,66.66666666666666
kearston,424,6,430,194.41860465116278
jeremiah,690,221735,222425,198.75913229178374
yoshimi,30,65,95,73.68421052631578
amaury,5,1444,1449,198.61973775017253
shawnell,248,21,269,168.7732342007435
bar,23,27,50,16.0
sophear,8,10,18,22.22222222222222
wavie,261,46,307,140.06514657980455
mitsuru,5,171,176,188.63636363636365
jerin,54,568,622,165.2733118971061
audin,10,25,35,85.71428571428571
jazmen,1074,5,1079,198.14643188137165
demetrius,1727,35899,37626,181.6403550736193
sherrell,2782,439,3221,145.4827693262962
scottland,7,13,20,60.0
dakarai,18,1462,1480,195.13513513513513
hessie,1118,16,1134,194.3562610229277
merrel,10,259,269,185.13011152416357
armone,10,58,68,141.1764705882353
lawren,1093,59,1152,179.51388888888889
chezare,5,15,20,100.0
ascencion,98,546,644,139.1304347826087
monell,18,5,23,113.04347826086956
marlin,1647,21078,22725,171.009900990099
catina,4178,8,4186,199.235547061634
lannie,1566,1858,3424,17.056074766355138
corrie,8534,1279,9813,147.8650769387547
addy,1467,22,1489,194.08999328408328
mathew,207,77298,77505,198.93168182697892
verbie,183,5,188,189.36170212765958
shirly,1042,27,1069,189.89710009354536
demetri,158,4063,4221,185.02724472873726
pauline,226348,775,227123,198.63510080440994
mccall,1111,125,1236,159.54692556634305
rivi,67,7,74,162.16216216216216
elzia,20,150,170,152.94117647058823
atlee,681,1365,2046,66.86217008797654
blessyn,1097,42,1139,185.2502194907814
keior,44,5,49,159.18367346938774
kallin,24,176,200,152.0
afton,5179,845,6024,143.89110225763613
cheri,36062,12,36074,199.86694017852193
klover,544,13,557,190.66427289048474
jade,100634,5795,106429,178.22022193199223
olen,13,7632,7645,199.3198168737737
brown,5,1467,1472,198.6413043478261
yee,202,281,483,32.71221532091098
dru,1823,2729,4552,39.80667838312829
yona,323,467,790,36.45569620253165
murrel,189,736,925,118.27027027027026
haydin,300,457,757,41.479524438573314
nairobi,1455,35,1490,190.60402684563758
pang,615,11,626,192.97124600638978
brodee,15,713,728,191.75824175824175
perle,243,86,329,95.44072948328267
kanyen,5,28,33,139.3939393939394
lenix,139,208,347,39.76945244956772
orange,18,598,616,188.31168831168833
kelechi,261,572,833,74.66986794717887
jamia,4459,6,4465,199.46248600223964
clois,271,725,996,91.16465863453816
azarya,133,46,179,97.20670391061452
izel,1463,390,1853,115.8121964382083
kyung,86,27,113,104.42477876106196
otto,100,38669,38769,198.968247826872
madeleine,45039,15,45054,199.8668264748968
thompson,18,2666,2684,197.31743666169896
ryan,27225,960560,987785,188.97533370115966
kolbe,58,1743,1801,187.11826762909493
austyn,4769,5115,9884,7.001214083367058
dustine,146,96,242,41.32231404958678
ronak,12,930,942,194.9044585987261
varnell,98,180,278,58.992805755395686
johny,26,3565,3591,197.1038707880813
teegan,1964,1561,3525,22.865248226950357
georgio,5,732,737,197.28629579375848
dalin,27,436,463,176.67386609071275
brittian,26,84,110,105.45454545454544
anel,1869,264,2133,150.49226441631504
dorcus,282,5,287,193.03135888501743
swayze,855,223,1078,117.25417439703153
azion,21,290,311,172.99035369774919
clay,273,39736,40009,197.27061411182484
levern,382,1901,2283,133.07052124397723
abbie,22101,330,22431,194.1152868797646
harjot,82,252,334,101.79640718562875
mildred,451312,1583,452895,198.60188343876618
nakari,133,184,317,32.17665615141956
aerion,24,127,151,136.42384105960267
audyn,146,10,156,174.35897435897436
magali,3531,6,3537,199.32145886344358
leshun,7,21,28,100.0
kalae,12,5,17,82.35294117647058
betty,1001019,3619,1004638,198.55908297317043
alyn,470,315,785,39.490445859872615
ardath,1326,22,1348,193.47181008902078
asta,198,139,337,35.01483679525222
lenzie,184,373,557,67.86355475763017
seraiah,364,11,375,188.26666666666668
paulina,19790,5,19795,199.89896438494569
jackie,91167,78836,170003,14.506802821126685
delmis,7,10,17,35.294117647058826
kairee,180,389,569,73.4622144112478
justise,264,66,330,120.0
consuelo,16942,90,17032,197.886331611085
haru,177,283,460,46.08695652173913
owen,643,238411,239054,198.9240924644641
harmon,30,6592,6622,198.1878586529749
sander,79,1547,1626,180.56580565805658
omni,327,91,418,112.91866028708132
adriann,960,140,1100,149.0909090909091
gere,22,11,33,66.66666666666666
harlen,104,3345,3449,187.93853290808931
delbert,126,46918,47044,198.92866252869655
devyn,9247,6746,15993,31.276183330206962
cambryn,164,38,202,124.75247524752476
ricky,1929,222882,224811,196.56778360489477
jordan,135084,398415,533499,98.7184605781829
dany,111,1394,1505,170.4983388704319
lux,1594,1351,2945,16.502546689303905
briante,89,5,94,178.72340425531914
seiko,11,24,35,74.28571428571429
theory,142,81,223,54.7085201793722
allison,316525,3819,320344,195.2313762705092
jaise,22,251,273,167.76556776556777
jakiah,456,90,546,134.06593406593404
marley,32082,5225,37307,143.97834186613773
tyronza,108,6,114,178.94736842105263
pilar,5457,753,6210,151.49758454106282
teagyn,276,18,294,175.51020408163265
chinemerem,10,38,48,116.66666666666667
brogan,867,4124,4991,130.51492686836306
algene,59,28,87,71.26436781609196
halsey,508,413,921,20.629750271444085
neddie,65,32,97,68.04123711340206
skyylar,67,5,72,172.22222222222223
huey,5,7055,7060,199.71671388101984
sylvan,117,3584,3701,187.3547689813564
vali,141,44,185,104.86486486486486
aran,27,936,963,188.78504672897196
kaylynn,12112,5,12117,199.83494264256828
vy,1267,37,1304,188.65030674846625
dawnte,6,5,11,18.181818181818183
serena,46500,16,46516,199.8624129331843
conlee,102,105,207,2.898550724637681
eris,2675,512,3187,135.73893944148102
xander,68,38928,38996,199.30249256333983
jae,1262,1657,2919,27.064063035286058
caro,269,5,274,192.7007299270073
key,10,166,176,177.27272727272728
kiann,15,10,25,40.0
liel,423,102,525,122.28571428571429
kaliyah,12146,5,12151,199.83540449345733
ling,197,18,215,166.51162790697674
penn,22,1160,1182,192.5549915397631
chung,11,198,209,178.94736842105263
terrelle,34,575,609,177.66830870279148
love,4527,967,5494,129.5959228248999
sina,1710,506,2216,108.66425992779783
damie,39,6,45,146.66666666666666
analu,5,15,20,100.0
verna,69061,525,69586,196.9821515822148
devon,20258,72448,92706,112.59249671002955
lyndan,22,5,27,125.92592592592592
asyah,247,29,276,157.97101449275362
janice,406375,1157,407532,198.864383655762
mackenzie,139918,7761,147679,178.97873089606512
kit,2107,3748,5855,56.05465414175917
adream,171,17,188,163.82978723404256
hazen,80,2237,2317,186.18903754855415
alana,66156,31,66187,199.81265203136567
raylyn,1093,84,1177,171.45284621920135
sonny,974,21184,22158,182.41718566657642
feliz,380,290,670,26.865671641791046
lotanna,5,48,53,162.26415094339623
jerol,10,130,140,171.42857142857142
tasi,82,30,112,92.85714285714286
bracey,20,29,49,36.734693877551024
ford,17,10364,10381,199.34495713322414
coda,165,917,1082,139.0018484288355
burdette,127,1714,1841,172.40630092341118
demetris,892,2606,3498,97.99885648942252
chenxi,39,5,44,154.54545454545453
camryn,30315,4633,34948,146.97264507267943
cleofas,50,161,211,105.2132701421801
casey,77869,115589,193458,38.99554425249925
benni,94,17,111,138.73873873873873
allah,16,175,191,166.49214659685865
ciaran,30,2092,2122,194.3449575871819
lexis,3308,44,3352,194.7494033412888
bowen,290,11889,12179,190.4754084900238
brooklyn,122847,1818,124665,194.16676693538685
lorde,11,31,42,95.23809523809523
laray,377,414,791,9.355246523388116
kairos,27,596,623,182.6645264847512
thien,29,1048,1077,189.22934076137417
kierin,17,37,54,74.07407407407408
jasi,32,58,90,57.77777777777777
eboni,6521,5,6526,199.6935335580754
heathe,51,24,75,72.0
lany,106,5,111,181.981981981982
kekeli,43,10,53,124.52830188679245
vessie,513,5,518,196.13899613899613
burl,19,7180,7199,198.94429781914155
holley,4445,204,4649,182.44783824478384
davida,4026,5,4031,199.5038451997023
cairee,5,57,62,167.74193548387098
artell,5,7,12,33.33333333333333
ethan,748,479451,480199,199.37692498318404
sandeep,115,806,921,150.0542888165038
payne,11,1291,1302,196.6205837173579
karem,233,129,362,57.4585635359116
gaylin,81,110,191,30.36649214659686
stevy,33,5,38,147.36842105263156
gaynor,105,95,200,10.0
yuxuan,16,35,51,74.50980392156863
jetty,256,24,280,165.71428571428572
asher,1396,103698,105094,194.6866614649742
evynn,310,5,315,193.65079365079364
okie,181,124,305,37.37704918032787
aj,43,2376,2419,192.88962381149236
kimmie,1263,131,1394,162.4103299856528
jua,8,20,28,85.71428571428571
kristyan,5,15,20,100.0
avril,3371,5,3376,199.40758293838863
kalijah,67,278,345,122.31884057971014
yilin,94,11,105,158.0952380952381
femi,45,32,77,33.76623376623377
harmony,35083,39,35122,199.55583395023064
harjas,17,74,91,125.27472527472527
gagan,6,62,68,164.70588235294116
shamaree,29,5,34,141.1764705882353
colie,101,567,668,139.52095808383234
cassian,14,2256,2270,197.53303964757708
zia,3080,311,3391,163.31465644352699
kristian,6812,20627,27439,100.69608950763511
jeri,22632,377,23009,193.44604285279675
devyne,121,55,176,75.0
burnes,5,57,62,167.74193548387098
briton,5,544,549,196.3570127504554
jayceon,35,13087,13122,198.93308946806889
tameka,12730,41,12771,198.71584057630568
keymani,173,109,282,45.39007092198582
aimee,54551,78,54629,199.428874773472
ryce,10,42,52,123.07692307692308
kameryn,2052,814,2866,86.39218422889044
devion,26,1859,1885,194.48275862068965
rande,188,428,616,77.92207792207793
jamiri,12,76,88,145.45454545454547
kramer,6,500,506,195.25691699604744
garrie,74,342,416,128.84615384615387
cassey,1691,155,1846,166.41386782231854
loni,3754,108,3862,188.81408596582082
marquee,34,227,261,147.8927203065134
charl,66,36,102,58.82352941176471
eldrid,5,23,28,128.57142857142858
loral,101,54,155,60.64516129032258
chesleigh,38,10,48,116.66666666666667
tucker,393,53133,53526,197.06310951687033
julani,82,30,112,92.85714285714286
makani,134,355,489,90.38854805725971
deyonce,58,7,65,156.92307692307693
junie,1739,160,1899,166.2980516061085
stephen,2930,863904,866834,198.64795335669805
sony,39,287,326,152.1472392638037
bryon,17,14703,14720,199.53804347826087
shaquille,387,5726,6113,174.6769180435138
lennyn,671,115,786,141.47582697201017
jacinth,12,16,28,28.57142857142857
memphis,2404,9740,12144,120.81686429512517
toye,388,21,409,179.46210268948656
auriel,856,98,954,158.90985324947587
lavonn,65,28,93,79.56989247311827
devone,122,730,852,142.72300469483568
saint,165,5994,6159,189.28397467121286
oluwateniola,90,6,96,175.0
deshay,290,183,473,45.243128964059196
nichola,864,127,991,148.73864783047426
modie,42,7,49,142.85714285714286
esly,398,19,417,181.77458033573143
hassan,7,11849,11856,199.7638326585695
brannigan,7,21,28,100.0
caprice,3369,180,3549,179.71259509721048
zimri,41,191,232,129.31034482758622
yuhan,40,17,57,80.7017543859649
cameryn,2803,808,3611,110.49570756023262
kala,7670,92,7762,195.25895387786653
ehren,17,1186,1203,194.3474646716542
elim,200,316,516,44.96124031007752
paycen,42,57,99,30.303030303030305
keeghan,84,354,438,123.28767123287672
willoughby,86,223,309,88.67313915857605
victorious,92,97,189,5.291005291005291
solstice,153,16,169,162.1301775147929
unknown,9775,9827,19602,0.5305581063156821
dace,18,508,526,186.31178707224333
zong,22,95,117,124.78632478632478
jakie,17,759,776,191.23711340206185
blakelee,1297,33,1330,190.07518796992483
nore,21,97,118,128.81355932203388
myair,10,46,56,128.57142857142858
takoda,129,1745,1874,172.46531483457844
bemnet,94,36,130,89.23076923076924
audry,4029,496,4525,156.15469613259668
jozy,107,19,126,139.68253968253967
jadian,16,131,147,156.4625850340136
canyon,250,3719,3969,174.8047367094986
skyelar,704,161,865,125.54913294797687
levester,6,838,844,197.1563981042654
jeran,8,492,500,193.6
velmar,54,22,76,84.21052631578947
jeffie,1012,677,1689,39.668442865600944
rahmatullah,5,11,16,75.0
linwood,5,12776,12781,199.84351772161804
corinthian,202,796,998,119.03807615230461
olee,37,28,65,27.692307692307693
khadijah,7443,7,7450,199.6241610738255
jalien,5,76,81,175.30864197530863
anis,70,348,418,133.01435406698565
jante,14,41,55,98.18181818181819
vee,269,10,279,185.663082437276
deandre,452,29315,29767,193.92615984143515
keyunta,5,10,15,66.66666666666666
hau,34,109,143,104.8951048951049
tierney,3941,23,3964,197.67911200807265
samir,69,10659,10728,197.42729306487695
verdie,2614,206,2820,170.78014184397162
vivian,224797,2578,227375,195.4647608576141
nour,2738,576,3314,130.4767652383826
pearson,126,1521,1647,169.39890710382514
thu,832,5,837,197.61051373954598
illinois,11,5,16,75.0
india,23868,27,23895,199.54802259887006
decota,5,36,41,151.21951219512195
shondell,237,262,499,10.02004008016032
adley,5816,612,6428,161.91661481020537
boluwatife,78,114,192,37.5
zabdi,146,33,179,126.25698324022345
jeshua,5,2570,2575,199.2233009708738
gee,17,64,81,116.0493827160494
agnes,159270,465,159735,198.83557141515635
donavan,5,8243,8248,199.75751697381185
brave,150,469,619,103.06946688206786
jasper,1204,59598,60802,192.07920792079207
cledith,240,207,447,14.76510067114094
leightyn,280,5,285,192.98245614035088
dennell,28,10,38,94.73684210526315
jhordan,78,212,290,92.41379310344827
randel,25,3651,3676,197.2796517954298
troi,831,224,1055,115.07109004739335
kessiah,58,60,118,3.389830508474576
callie,68429,637,69066,196.31077520053282
jason,5029,1049831,1054860,198.09301708283564
phil,72,20026,20098,198.56702159418847
munachi,81,33,114,84.21052631578947
phoebe,41758,5,41763,199.95211072001533
kindle,540,42,582,171.1340206185567
brekyn,99,52,151,62.251655629139066
layten,49,376,425,153.88235294117646
denali,1716,653,2369,89.74250738708317
dax,16,11524,11540,199.44540727902947
arbor,380,222,602,52.49169435215947
corley,360,255,615,34.146341463414636
darrien,361,3251,3612,160.0221483942414
yolando,468,5,473,195.77167019027485
rosio,2474,19,2493,196.95146409947856
jadyne,26,22,48,16.666666666666664
jaidynn,266,41,307,146.57980456026058
elve,28,16,44,54.54545454545454
laurel,46739,1860,48599,184.69104302557668
yixuan,28,10,38,94.73684210526315
ame,373,6,379,193.66754617414247
demauria,11,9,20,20.0
jair,11,7087,7098,199.38010707241475
braydin,11,1083,1094,195.9780621572212
kiden,11,5,16,75.0
aeron,65,620,685,162.04379562043795
chyler,295,52,347,140.05763688760806
iremide,100,130,230,26.08695652173913
marisol,34610,315,34925,196.39226914817468
edwin,1191,246744,247935,198.0785286466211
zaire,1425,8859,10284,144.57409568261377
serenity,75261,75,75336,199.60178400764573
kaysen,421,5865,6286,173.21030862233536
katelynn,30615,11,30626,199.85633122183765
elean,55,51,106,7.547169811320755
chao,36,284,320,155.0
cyre,39,26,65,40.0
scott,2608,774451,777059,198.65750219738786
farren,722,315,1037,78.49566055930569
woods,5,567,572,196.5034965034965
shamell,65,128,193,65.28497409326425
lourdes,14744,69,14813,198.13677175453995
akera,253,5,258,192.24806201550388
halley,4069,126,4195,187.98569725864124
ruairi,6,271,277,191.33574007220219
orel,136,556,692,121.38728323699422
alvin,1098,161108,162206,197.29233197292334
kellan,509,10537,11046,181.56798841209488
brianna,263402,438,263840,199.33596118859916
james,23826,5238570,5262396,198.1889618341151
marek,5,3086,3091,199.35296020705272
talbot,11,450,461,190.45553145336225
merwyn,10,786,796,194.9748743718593
tres,5,492,497,195.9758551307847
idris,47,4638,4685,195.9871931696905
koah,108,1019,1127,161.6681455190772
lilly,65475,24,65499,199.85343287683781
jourdan,2324,1861,4185,22.12664277180406
meddie,37,11,48,108.33333333333333
chandler,10088,36147,46235,112.72412674380881
chyanne,2932,5,2937,199.31903302689818
natividad,1931,1722,3653,11.442649876813578
idrissa,6,162,168,185.71428571428572
jasmond,43,81,124,61.29032258064516
talynn,706,10,716,194.41340782122904
karcyn,125,51,176,84.0909090909091
gwinn,5,18,23,113.04347826086956
darlene,204832,604,205436,198.8239646410561
debra,550662,1147,551809,199.16855288695908
acari,11,90,101,156.43564356435644
eldie,17,31,48,58.333333333333336
tirrell,13,774,787,193.39263024142312
brenden,42,25670,25712,199.34660858742998
dwann,5,20,25,120.0
markey,5,284,289,193.07958477508652
jorryn,85,77,162,9.876543209876543
clarissa,40268,21,40289,199.79150636650203
tacoma,42,204,246,131.70731707317074
deovion,43,71,114,49.122807017543856
kalel,15,4216,4231,198.58189553297092
racine,597,5,602,196.67774086378736
jeris,116,173,289,39.44636678200692
mako,65,241,306,115.03267973856208
marin,6003,990,6993,143.37194337194336
evann,336,436,772,25.906735751295333
willian,18,4054,4072,198.23182711198427
justine,38168,2412,40580,176.2247412518482
glendel,5,155,160,187.5
ayele,5,5,10,0.0
tyne,435,18,453,184.10596026490066
aleksei,12,444,456,189.4736842105263
bryar,710,1854,2564,89.2355694227769
bridget,91985,150,92135,199.3487816790579
gwin,52,133,185,87.56756756756758
karstin,5,10,15,66.66666666666666
jaalyn,5,6,11,18.181818181818183
mclain,19,217,236,167.79661016949152
gloria,414836,1737,416573,198.33210505721686
braden,277,46050,46327,197.60830617134718
hady,39,176,215,127.44186046511628
jeramie,41,3392,3433,195.22283716865715
kenly,532,98,630,137.77777777777777
shua,11,36,47,106.38297872340425
lesslie,499,142,641,111.38845553822152
jeryl,1029,802,1831,24.795193883123975
martez,6,4077,4083,199.4121969140338
mikki,2085,11,2096,197.90076335877862
racquel,4756,5,4761,199.57992018483512
jamell,75,2145,2220,186.48648648648648
kamarri,111,253,364,78.02197802197803
essa,216,708,924,106.49350649350649
jionni,49,1404,1453,186.51066758430832
atli,6,17,23,95.65217391304348
sloane,22586,404,22990,192.97085689430187
delorean,46,297,343,146.35568513119534
shanen,131,48,179,92.73743016759776
taysom,7,727,734,196.18528610354224
billyjo,44,34,78,25.64102564102564
melba,34866,52,34918,199.40431868950114
shawndell,146,258,404,55.44554455445545
kaedin,5,384,389,194.85861182519278
malakia,8,60,68,152.94117647058823
kolbie,1373,425,1798,105.45050055617354
mabry,1248,213,1461,141.68377823408625
oni,275,12,287,183.27526132404182
naseeb,72,5,77,174.02597402597402
alla,1187,10,1197,196.65831244778613
chene,64,11,75,141.33333333333334
richard,9530,2576005,2585535,198.52564362888145
kohen,137,7256,7393,192.5875828486406
sehaj,282,195,477,36.477987421383645
benito,31,14546,14577,199.14934485833848
frances,594729,5017,599746,196.65391682478918
chay,54,375,429,149.65034965034965
rayshawn,178,3967,4145,182.8226779252111
emer,77,25,102,101.96078431372548
carsten,10,2341,2351,198.29859634198212
weslynn,505,10,515,192.23300970873788
ajani,252,2174,2426,158.45012366034626
tasean,5,242,247,191.90283400809716
marguerite,93951,101,94052,199.57045038914643
kehinde,102,168,270,48.888888888888886
reuben,45,31851,31896,199.4356659142212
ulysses,25,18484,18509,199.45972229726078
gatsby,5,141,146,186.3013698630137
rosalinda,15538,5,15543,199.87132471208903
baelyn,118,11,129,165.89147286821705
kenyetta,2735,128,2863,182.1166608452672
taryn,25650,733,26383,188.88678315582004
lochlan,113,4413,4526,190.01325673884224
codi,3533,2009,5542,54.99819559725731
al,255,17068,17323,194.1118743866536
juliana,66534,49,66583,199.70563056636078
mattison,2320,222,2542,165.06687647521636
nuru,17,29,46,52.17391304347826
brayden,1058,134973,136031,196.88894443178393
santa,4357,40,4397,196.36115533318173
collyn,261,818,1079,103.24374420759963
jaloni,304,232,536,26.865671641791046
drexel,40,1393,1433,188.83461270062804
haskell,10,3700,3710,198.92183288409703
marcello,10,6342,6352,199.37027707808562
kyior,5,12,17,82.35294117647058
kapree,82,15,97,138.1443298969072
marcell,1126,4803,5929,124.03440715129025
katrell,43,467,510,166.27450980392157
courtny,499,5,504,196.03174603174602
jonathon,224,65497,65721,198.6366610368071
cambridge,77,80,157,3.821656050955414
dorian,4534,23627,28161,135.59887788075707
nyx,467,111,578,123.1833910034602
katie,240788,499,241287,199.17276935765292
kira,40018,27,40045,199.73030340866524
rahil,161,537,698,107.73638968481376
najja,41,44,85,7.0588235294117645
amari,20473,29973,50446,37.66403679181699
keilin,191,52,243,114.40329218106994
jerami,6,380,386,193.78238341968913
lundyn,956,6,962,197.50519750519751
merel,35,205,240,141.66666666666669
jaidence,104,37,141,95.0354609929078
shaune,335,444,779,27.984595635430036
windy,4965,12,4977,199.03556359252562
saphir,5,5,10,0.0
irie,2659,606,3265,125.75803981623277
josey,3168,992,4160,104.61538461538463
jonel,328,362,690,9.855072463768117
julez,41,212,253,135.17786561264822
in,21,5,26,123.07692307692308
delani,1922,65,1987,186.91494715651734
azel,88,443,531,133.70998116760828
mo,7,20,27,96.29629629629629
sloan,8061,2820,10881,96.3330576233802
joo,10,5,15,66.66666666666666
normani,340,5,345,194.20289855072463
gertis,23,5,28,128.57142857142858
thayer,79,1343,1422,177.77777777777777
aydan,448,6049,6497,172.4180390949669
shamire,12,10,22,18.181818181818183
benelli,217,22,239,163.17991631799163
glendell,92,491,583,136.87821612349916
mellow,33,21,54,44.44444444444444
charlis,22,102,124,129.03225806451613
shi,332,80,412,122.33009708737863
sailor,3396,646,4042,136.07125185551706
vada,12623,162,12785,194.93156042236996
merriel,91,13,104,150.0
naziah,312,173,485,57.319587628865975
jesie,38,26,64,37.5
devonta,36,3130,3166,195.4516740366393
bellemy,34,54,88,45.45454545454545
bentli,120,75,195,46.15384615384615
jovita,3284,5,3289,199.3919124353907
zaylin,295,730,1025,84.8780487804878
henley,6471,1478,7949,125.62586488866525
shamon,140,659,799,129.91239048811013
rory,12243,34067,46310,94.25178147268409
xian,87,356,443,121.44469525959367
jaeden,881,5245,6126,142.47469800848842
romee,443,5,448,195.53571428571428
darell,10,5333,5343,199.2513569155905
azai,15,1265,1280,195.3125
birdell,348,20,368,178.26086956521738
sameen,137,10,147,172.7891156462585
kamalei,117,30,147,118.36734693877551
peregrine,128,286,414,76.32850241545893
arlow,88,328,416,115.38461538461537
alver,5,119,124,183.8709677419355
krish,10,4656,4666,199.14273467638236
macallan,5,424,429,195.33799533799535
oluwatomi,27,28,55,3.6363636363636362
harin,13,17,30,26.666666666666668
zeriah,316,5,321,193.76947040498442
wrenly,802,15,817,192.65605875152997
tarrie,104,5,109,181.65137614678898
rotem,42,5,47,157.4468085106383
kiryn,56,23,79,83.54430379746836
jaycie,3949,5,3954,199.49418310571573
bently,81,2424,2505,187.06586826347305
caleb,653,319054,319707,199.18300193614778
skylier,48,62,110,25.454545454545453
cleatus,71,894,965,170.5699481865285
darris,98,1986,2084,181.19001919385798
ellington,945,674,1619,33.47745521927116
amber,374103,979,375082,198.95596162972365
cohen,352,21444,21796,193.54009910075243
gregory,2861,711405,714266,198.3977957791635
infinity,1000,15,1015,194.08866995073893
titus,12,25883,25895,199.81463603012165
dominie,6,137,143,183.2167832167832
tamu,285,5,290,193.10344827586206
jonni,1293,5,1298,198.45916795069337
reef,56,1234,1290,182.63565891472868
micki,2654,33,2687,195.08745813174545
tonie,2908,348,3256,157.24815724815724
criss,114,592,706,135.41076487252124
reise,119,122,241,2.4896265560165975
azeriah,54,22,76,84.21052631578947
areli,6445,107,6552,193.46764346764346
undrea,186,70,256,90.625
dung,287,469,756,48.148148148148145
minh,286,2071,2357,151.46372507424692
brendell,19,5,24,116.66666666666667
kree,517,567,1084,9.22509225092251
rossi,378,294,672,25.0
temidayo,21,85,106,120.75471698113208
barnett,6,1279,1285,198.13229571984436
leigh,40212,5107,45319,154.92398331825504
keiren,5,93,98,179.59183673469389
kollier,5,15,20,100.0
talmadge,36,5626,5662,197.45672907099964
alo,5,84,89,177.52808988764045
jayson,37,35543,35580,199.584035975267
amaris,9058,681,9739,172.02998254440908
rihan,72,318,390,126.15384615384615
ather,17,22,39,25.64102564102564
armanie,192,61,253,103.55731225296442
ananya,3958,5,3963,199.49533181932878
jaidin,189,317,506,50.59288537549407
nur,613,200,813,101.5990159901599
olsen,5,425,430,195.3488372093023
syree,5,22,27,125.92592592592592
yousef,5,6654,6659,199.69965460279323
townes,84,1256,1340,174.92537313432837
adiel,119,2758,2877,183.45498783454988
cristina,52299,270,52569,197.94555726759117
krystle,12939,44,12983,198.64438111376415
kawan,15,560,575,189.56521739130434
hadley,44328,2084,46412,182.03912781177283
jeff,263,120212,120475,199.12678979041294
catherine,666802,1822,668624,198.9100002392974
donovan,220,61070,61290,198.56420296948932
jazmon,225,36,261,144.82758620689654
roary,5,59,64,168.75
chancy,209,649,858,102.56410256410255
siaire,5,57,62,167.74193548387098
kylyn,391,141,532,93.98496240601504
akiva,138,2668,2806,180.327868852459
terah,1373,43,1416,187.85310734463278
nollie,360,86,446,122.86995515695067
mikayle,55,5,60,166.66666666666669
ramandeep,87,16,103,137.8640776699029
udell,134,489,623,113.96468699839485
saul,74,42751,42825,199.30881494454172
tylan,180,3717,3897,181.52424942263278
maguire,108,577,685,136.93430656934308
alham,5,5,10,0.0
charming,5,65,70,171.42857142857142
jamai,27,234,261,158.6206896551724
shyan,826,35,861,183.739837398374
aramis,196,2222,2418,167.57650951199338
chrishaun,5,281,286,193.006993006993
copper,151,387,538,87.73234200743495
addilyn,9598,5,9603,199.79173175049462
nova,51063,3077,54140,177.2663465090506
miquel,92,2031,2123,182.66603862458786
khamauri,10,76,86,153.48837209302326
lavie,31,77,108,85.18518518518519
nicholas,3139,922897,926036,198.64411318782422
east,5,65,70,171.42857142857142
paddy,248,93,341,90.9090909090909
cayce,1141,593,1734,63.206459054209915
gatlynn,55,13,68,123.52941176470588
stuart,314,68828,69142,198.18344855514738
jaliah,1148,6,1154,197.92027729636047
kauri,124,26,150,130.66666666666666
ramiro,28,25728,25756,199.56514986799192
ascension,52,92,144,55.55555555555556
carter,9357,200762,210119,182.18723675631426
alphonso,27,15166,15193,199.28914631738303
alton,376,47349,47725,196.848611838659
michal,3996,3766,7762,5.926307652666838
elyon,24,350,374,174.33155080213905
brendon,22,20033,20055,199.56120668162555
algia,46,58,104,23.076923076923077
itzel,20460,115,20575,197.76427703523694
andrean,20,5,25,120.0
merrit,98,183,281,60.4982206405694
reason,53,214,267,120.5992509363296
nevyn,5,146,151,186.75496688741723
vader,44,21,65,70.76923076923077
channing,3891,7205,11096,59.73323720259553
deshone,51,288,339,139.8230088495575
eirian,11,14,25,24.0
skilar,406,50,456,156.140350877193
kalle,325,33,358,163.12849162011173
merrik,5,304,309,193.5275080906149
masiyah,210,146,356,35.95505617977528
aris,1774,2607,4381,38.02784752339649
leandrea,692,5,697,197.13055954088952
ayodele,98,256,354,89.26553672316385
raphael,323,23439,23762,194.56274724349802
aryel,569,49,618,168.28478964401293
gemini,494,305,799,47.309136420525654
gailen,6,250,256,190.625
connolly,32,23,55,32.72727272727273
kayson,277,13880,14157,192.173483082574
dilpreet,37,38,75,2.666666666666667
kovah,5,5,10,0.0
domenik,5,263,268,192.53731343283582
keion,10,2822,2832,198.58757062146893
quest,54,1009,1063,179.68015051740358
korrie,793,30,823,185.41919805589308
courage,62,257,319,122.25705329153604
mathison,5,6,11,18.181818181818183
matilda,36428,10,36438,199.89022449091607
seven,1138,3239,4377,96.00182773589216
aja,8269,90,8359,195.69326474458668
cozy,122,21,143,141.25874125874125
brette,595,11,606,192.73927392739273
perryn,6,20,26,107.6923076923077
bevin,1037,136,1173,153.6231884057971
raevon,11,122,133,166.91729323308272
farron,114,607,721,136.75450762829405
lucian,32,13795,13827,199.07427496926303
yeab,5,78,83,175.9036144578313
taje,99,125,224,23.214285714285715
dristin,12,33,45,93.33333333333333
melvin,2139,244676,246815,196.53343597431274
kayce,3138,2468,5606,23.902961113093117
anant,22,364,386,177.2020725388601
conley,554,4008,4562,151.4248136782113
senai,176,136,312,25.64102564102564
avighna,11,15,26,30.76923076923077
adonijah,26,470,496,179.03225806451613
dmani,35,114,149,106.04026845637584
samie,177,631,808,112.37623762376239
leng,5,324,329,193.92097264437692
diego,239,123789,124028,199.22920630825297
theryn,16,43,59,91.52542372881356
kyree,906,7872,8778,158.71496924128502
blessing,4155,484,4639,158.26686785945247
christyn,1103,6,1109,197.83588818755635
aiven,8,436,444,192.7927927927928
english,265,186,451,35.033259423503324
dontrell,16,2809,2825,197.73451327433628
blaize,264,1840,2104,149.80988593155894
reid,958,39638,40596,190.5606463691004
aareon,10,33,43,106.9767441860465
jayde,8498,395,8893,182.2332171370741
javonnie,10,128,138,171.0144927536232
mana,678,128,806,136.47642679900744
arles,6,210,216,188.88888888888889
phuc,7,277,284,190.14084507042253
jadakiss,13,88,101,148.5148514851485
jovonn,5,22,27,125.92592592592592
elishah,27,233,260,158.46153846153845
watson,17,6474,6491,198.95239562471113
revan,84,949,1033,167.47337850919652
oluwalonimi,23,5,28,128.57142857142858
valen,482,1265,1747,89.63938179736691
messiah,1026,25371,26397,184.4527787248551
skipper,6,824,830,197.10843373493975
kemoni,420,380,800,10.0
ayden,2428,87801,90229,189.23627658513337
temeka,1414,5,1419,198.5905567300916
marki,364,34,398,165.82914572864323
kani,249,640,889,87.96400449943758
schuylar,28,18,46,43.47826086956522
augusta,16540,1693,18233,162.85855317281852
hally,702,5,707,197.17114568599717
jerrie,5251,345,5596,175.33952823445318
patti,44705,46,44751,199.58883600366474
bird,121,109,230,10.434782608695652
vinnie,3113,805,3918,117.81521184277692
olive,65312,387,65699,197.6437997534209
jaydis,19,158,177,157.06214689265536
lorain,1024,213,1237,131.1236863379143
amilleon,10,5,15,66.66666666666666
carris,21,17,38,21.052631578947366
kim,179781,34944,214725,134.9046454767726
derrick,997,145055,146052,197.26946566976144
chiante,74,5,79,174.68354430379748
abisai,90,1045,1135,168.28193832599118
chrisley,83,11,94,153.19148936170214
narin,16,32,48,66.66666666666666
teller,13,200,213,175.5868544600939
amerson,5,11,16,75.0
rhiley,901,285,1186,103.87858347386172
danila,181,49,230,114.78260869565217
cherron,317,5,322,193.7888198757764
bob,322,92978,93300,198.61950696677383
exie,2071,6,2077,198.84448724121327
danielle,371239,1895,373134,197.96855821233123
jas,13,111,124,158.06451612903226
miranda,114541,189,114730,199.3410616229408
son,5,1061,1066,198.12382739212006
bliss,1705,225,1930,153.36787564766837
larkie,5,5,10,0.0
kenta,5,704,709,197.17912552891397
demi,14062,45,14107,198.7240377117743
elyse,20959,19,20978,199.63771570216417
taylan,351,877,1228,85.66775244299674
miles,344,116752,117096,198.82489581198334
hilton,60,6912,6972,196.5576592082616
dare,65,63,128,3.125
lia,26966,15,26981,199.77762128905525
tywan,15,1259,1274,195.29042386185242
shann,214,281,495,27.070707070707073
myka,2749,436,3185,145.24332810047096
jesenia,4749,6,4755,199.49526813880126
rusty,565,17744,18309,187.6563438745972
zion,6928,44345,51273,145.9520605386851
kiel,30,2499,2529,195.25504151838672
keyonta,102,219,321,72.89719626168224
makkah,105,7,112,175.0
reedie,5,10,15,66.66666666666666
doni,679,144,823,130.01215066828675
dalynn,423,49,472,158.47457627118644
garry,179,47654,47833,198.50312545732024
anh,1562,706,2268,75.48500881834215
erice,30,234,264,154.54545454545453
javae,137,41,178,107.86516853932584
laverne,42869,13245,56114,105.58505898706206
krymson,54,5,59,166.10169491525423
zuma,140,16,156,158.97435897435898
pryor,56,467,523,157.17017208413003
toki,12,10,22,18.181818181818183
viper,5,5,10,0.0
taren,1177,505,1682,79.90487514863258
dominik,95,10004,10099,196.2372512129914
art,5,6108,6113,199.672828398495
ovel,5,28,33,139.3939393939394
dushawn,11,440,451,190.2439024390244
tash,15,22,37,37.83783783783784
kaya,10106,647,10753,175.93229796335905
jack,2728,748131,750859,198.54673114392983
chade,137,18,155,153.54838709677418
lowe,37,52,89,33.70786516853933
kishara,21,5,26,123.07692307692308
tatum,26979,11476,38455,80.62930698218698
bryson,279,80790,81069,198.623394885838
mekiah,110,71,181,43.0939226519337
bristin,12,6,18,66.66666666666666
john,21740,5174470,5196210,198.32647256365698
dasani,1156,431,1587,91.36735979836169
keith,2216,437592,439808,197.98457508731082
fatin,59,10,69,142.02898550724638
levonne,342,26,368,171.73913043478262
chane,128,322,450,86.22222222222223
ezra,4676,98544,103220,181.87948072079055
amouri,106,55,161,63.35403726708074
rex,141,60160,60301,199.0646921278254
mizan,11,11,22,0.0
francesc,19,10,29,62.06896551724138
darshan,11,757,768,194.27083333333331
nehemiah,610,21045,21655,188.73239436619718
doan,17,37,54,74.07407407407408
huxlee,102,264,366,88.52459016393442
keller,454,3623,4077,155.45744419916605
moon,413,149,562,93.95017793594306
favour,455,37,492,169.9186991869919
berkeley,2002,890,2892,76.9017980636238
abiyah,27,10,37,91.8918918918919
kaigen,5,33,38,147.36842105263156
altha,3365,21,3386,197.51919669226226
jonay,151,10,161,175.1552795031056
camaren,5,54,59,166.10169491525423
hailee,16318,6,16324,199.8529772114678
shaya,1004,1672,2676,49.92526158445441
oddie,257,343,600,28.666666666666668
anu,282,75,357,115.96638655462186
jessy,2070,4652,6722,76.82237429336507
dominga,4002,10,4012,199.00299102691926
niamiah,42,5,47,157.4468085106383
rhylen,79,179,258,77.51937984496125
lynox,31,41,72,27.77777777777778
hananiah,101,70,171,36.25730994152047
dashon,33,1609,1642,191.96102314250913
kelen,25,189,214,153.27102803738316
remii,139,5,144,186.11111111111111
naomi,186852,285,187137,199.39082062873723
france,1159,379,1538,101.43042912873864
jamarian,6,918,924,197.4025974025974
beckette,15,5,20,100.0
killian,600,15446,16046,185.0430013710582
roxy,3795,103,3898,189.43047716777835
jolene,35797,12,35809,199.865955486051
ivel,16,15,31,6.451612903225806
lajuan,739,1096,1835,38.910081743869206
nikolas,15,23658,23673,199.74654669877074
jireh,1195,1623,2818,30.376153300212916
keegan,3757,38063,41820,164.0650406504065
covington,11,27,38,84.21052631578947
hermon,79,3966,4045,192.18788627935723
kitt,284,261,545,8.440366972477065
bali,198,42,240,130.0
shakur,9,1582,1591,197.7372721558768
brittany,360387,1078,361465,198.80707675708575
ashanta,597,6,603,196.01990049751242
konnor,119,5711,5830,191.8353344768439
amaria,2800,5,2805,199.28698752228163
constant,26,360,386,173.05699481865284
kimothy,35,125,160,112.5
lyndol,12,99,111,156.75675675675674
lakelyn,2546,37,2583,194.2702284165699
kennis,76,560,636,152.20125786163524
hannan,468,132,600,112.00000000000001
tessie,9973,10,9983,199.59931884203147
desani,95,40,135,81.48148148148148
mariah,114380,183,114563,199.3610502518265
alyson,29572,10,29582,199.86478263809073
maxime,55,1077,1132,180.565371024735
ronnye,31,10,41,102.4390243902439
shayna,16190,5,16195,199.87650509416486
giselle,49377,44,49421,199.64387608506507
quanah,40,192,232,131.0344827586207
pearlie,18129,699,18828,185.14977692797962
navid,26,812,838,187.5894988066826
dayton,619,15562,16181,184.69810271305852
jeziah,41,632,673,175.63150074294205
zamauri,6,101,107,177.57009345794393
callum,30,13046,13076,199.08228816151728
emilio,58,51541,51599,199.55037888331168
tate,1395,25530,26925,179.27576601671308
suzette,16934,5,16939,199.8819292756361
mursal,50,17,67,98.50746268656717
jarrett,78,22835,22913,198.63832758695935
jasyah,19,107,126,139.68253968253967
uri,139,1212,1351,158.84529977794227
rebeca,14025,5,14030,199.85744832501783
ya,34,5,39,148.71794871794873
sid,5,3000,3005,199.33444259567386
dulce,19953,49,20002,199.02009799020098
ell,10,144,154,174.02597402597402
tilden,90,1304,1394,174.17503586800572
frenchie,292,73,365,120.0
kendell,1945,4774,6719,84.20895966661706
nevan,5,1169,1174,198.29642248722317
kyaire,50,1661,1711,188.31092928112213
markie,1586,336,1922,130.07284079084286
nou,352,56,408,145.09803921568627
jene,1572,646,2218,83.49864743011722
breckin,162,1237,1399,153.68120085775553
aradhya,354,5,359,194.42896935933146
avari,874,186,1060,129.81132075471697
shandel,365,10,375,189.33333333333334
tre,58,5844,5902,196.0691291087767
jin,385,1404,1789,113.91839016210173
skylen,236,150,386,44.559585492227974
latisha,18406,38,18444,199.1758837562351
khaos,6,170,176,186.36363636363635
shontae,842,10,852,195.30516431924883
attley,14,6,20,80.0
morley,48,518,566,166.07773851590107
litzy,7160,6,7166,199.66508512419762
claudette,18776,11,18787,199.76579549688614
payten,3330,631,3961,136.2787174955819
asian,16,11,27,37.03703703703704
duffy,16,627,643,190.0466562986003
carrell,64,427,491,147.86150712830957
legacie,298,16,314,179.61783439490446
barnell,6,97,103,176.6990291262136
pete,170,43474,43644,198.4419393272844
noir,70,51,121,31.40495867768595
jalyric,119,10,129,168.9922480620155
danell,1266,434,1700,97.88235294117648
warner,72,8416,8488,196.60697455230914
zyn,25,29,54,14.814814814814813
lester,1359,130579,131938,195.8798829753369
sylver,166,10,176,177.27272727272728
lucille,231246,750,231996,198.7068742564527
keala,842,22,864,189.8148148148148
ash,127,2360,2487,179.57378367511058
omarie,12,206,218,177.9816513761468
versace,6,20,26,107.6923076923077
kamdynn,70,34,104,69.23076923076923
chantell,3491,5,3496,199.4279176201373
lorena,44781,219,45000,198.0533333333333
bridgette,23815,16,23831,199.73144223910032
amoni,1413,267,1680,136.42857142857144
kenzie,21011,483,21494,191.0114450544338
shailen,5,75,80,175.0
kailor,56,138,194,84.5360824742268
maddox,1759,45438,47197,185.09227281395005
quetzal,89,69,158,25.31645569620253
kyri,512,413,925,21.405405405405407
zaiah,227,156,383,37.0757180156658
arryn,91,34,125,91.2
keelynn,87,5,92,178.26086956521738
tanvir,7,266,273,189.74358974358972
vitaly,5,219,224,191.07142857142858
ting,73,15,88,131.8181818181818
daelin,56,410,466,151.931330472103
adebola,45,15,60,100.0
trashawn,29,429,458,174.67248908296943
angie,65264,131,65395,199.19871549812677
bishop,103,6805,6908,194.03590040532717
onyxx,16,102,118,145.76271186440678
derion,49,1027,1076,181.78438661710038
alaska,1232,8,1240,197.41935483870967
romney,48,262,310,138.06451612903226
trenton,78,58334,58412,199.46586317879888
rainier,46,839,885,179.20903954802262
jaylynn,9248,578,9826,176.47058823529412
lyn,7211,1561,8772,128.81896944824442
brennyn,144,134,278,7.194244604316546
anael,202,56,258,113.17829457364341
tho,6,46,52,153.84615384615387
baran,89,182,271,68.63468634686348
amiri,1354,2830,4184,70.55449330783938
clem,54,4275,4329,195.010395010395
shelba,2136,5,2141,199.06585707613266
jasman,259,46,305,139.67213114754097
velvet,3083,5,3088,199.3523316062176
atlys,10,32,42,104.76190476190477
wilson,210,48403,48613,198.2720671425339
jru,199,724,923,113.75947995666304
dream,7043,494,7537,173.7826721507231
marcedes,306,5,311,193.56913183279744
tollie,40,566,606,173.59735973597358
archer,385,27750,28135,194.52639061666963
phoenyx,687,362,1049,61.96377502383223
estella,42336,55,42391,199.48102191502915
deaundrea,33,6,39,138.46153846153845
challen,5,71,76,173.6842105263158
kailand,14,168,182,169.23076923076923
nabil,49,1910,1959,189.99489535477286
erick,417,78576,78993,197.88842049295508
sherell,1475,5,1480,198.64864864864865
junior,195,42630,42825,198.1786339754816
amandeep,183,238,421,26.128266033254157
shauntae,689,5,694,197.11815561959654
larken,90,23,113,118.58407079646018
oak,27,588,615,182.4390243902439
adrin,12,401,413,188.3777239709443
ridgely,28,106,134,116.4179104477612
syxx,5,22,27,125.92592592592592
iva,38276,564,38840,194.19155509783727
denell,419,58,477,151.36268343815513
curtis,2322,260314,262636,196.46354650542958
domingo,26,14298,14324,199.2739458251885
jadore,1124,154,1278,151.7996870109546
carmello,21,2110,2131,196.05818864382917
bruce,1395,386313,387708,198.5607725401591
denis,867,20636,21503,183.8720178579733
kenzy,911,51,962,178.7941787941788
cielo,4421,142,4563,187.55204909051062
maeson,302,685,987,77.60891590678824
jazai,5,92,97,179.3814432989691
tarrell,11,788,799,194.49311639549435
glynn,417,4944,5361,168.8864017907107
marlys,8958,5,8963,199.77686042619658
kegan,237,3832,4069,176.70189235684444
bray,56,701,757,170.4095112285337
jarah,433,11,444,190.0900900900901
jaylin,9086,10286,19372,12.389015073301673
leandra,6987,38,7025,197.83629893238435
simmie,160,1177,1337,152.13163799551234
nyair,5,223,228,191.2280701754386
neiman,5,320,325,193.84615384615384
uzoma,8,125,133,175.93984962406014
kruz,64,2491,2555,189.98043052837573
rmani,264,101,365,89.31506849315069
calihan,17,179,196,165.3061224489796
jana,46004,39,46043,199.6611862823882
trust,182,347,529,62.38185255198487
buddy,45,22516,22561,199.20216302468862
sascha,1135,383,1518,99.07773386034255
kendel,801,822,1623,2.5878003696857674
dali,153,51,204,100.0
dorain,7,40,47,140.4255319148936
justus,811,9059,9870,167.13272543059776
imar,16,27,43,51.162790697674424
lavert,7,168,175,184.0
cotie,18,17,35,5.714285714285714
deklyn,188,757,945,120.42328042328043
wille,41,366,407,159.7051597051597
etta,42985,23,43008,199.78608630952382
earsie,163,5,168,188.0952380952381
alfreda,11383,35,11418,198.77386582588895
kason,47,14415,14462,198.7000414880376
denny,402,15391,15793,189.8182739188248
kiree,16,161,177,163.8418079096045
muril,15,28,43,60.46511627906976
meritt,78,55,133,34.58646616541353
archie,1286,55109,56395,190.8786239914886
adryan,189,1387,1576,152.03045685279187
valjean,425,39,464,166.3793103448276
reiko,671,19,690,188.9855072463768
tippy,6,5,11,18.181818181818183
terril,83,513,596,144.29530201342283
eun,285,5,290,193.10344827586206
alejandro,846,144768,145614,197.67604763278257
noam,236,2747,2983,168.35400603419376
harlyn,1756,398,2154,126.09099350046424
iyari,214,6,220,189.0909090909091
kodee,375,311,686,18.658892128279884
dillen,56,691,747,170.01338688085676
joshlyn,1289,5,1294,198.45440494590417
shadell,66,5,71,171.83098591549296
reny,6,11,17,58.82352941176471
phyllis,322490,871,323361,198.9225664195744
sherman,203,39173,39376,197.93783015034538
christin,11199,1018,12217,166.6693951051813
ikhlas,297,15,312,180.76923076923077
uganda,46,12,58,117.24137931034481
jordyn,61324,5827,67151,165.29016693720123
ferrari,45,18,63,85.71428571428571
aryian,40,46,86,13.953488372093023
dejan,13,317,330,184.24242424242425
shyne,168,454,622,91.96141479099678
mearle,26,82,108,103.7037037037037
kory,1330,14350,15680,166.07142857142858
vero,5,20,25,120.0
omotayo,10,16,26,46.15384615384615
keandre,9,3042,3051,198.82005899705015
lennie,4766,2882,7648,49.26778242677825
seneca,1732,1741,3473,0.5182839044054132
shannan,5162,317,5479,176.85709070998357
aryon,32,177,209,138.755980861244
misha,4206,592,4798,150.64610254272614
haynes,11,589,600,192.66666666666669
zayden,181,30567,30748,197.64537530896317
mollie,47950,46,47996,199.61663471955998
clement,6,14103,14109,199.82989581118434
harumi,294,21,315,173.33333333333334
zakaria,466,2769,3235,142.38021638330758
sheen,11,15,26,30.76923076923077
raymell,11,10,21,9.523809523809524
isah,5,36,41,151.21951219512195
arless,5,65,70,171.42857142857142
janal,69,5,74,172.97297297297297
lennin,6,283,289,191.6955017301038
marlee,17082,256,17338,194.09389779674703
dorien,69,1200,1269,178.25059101654844
jamae,74,5,79,174.68354430379748
mossie,1051,5,1056,198.1060606060606
greylin,15,40,55,90.9090909090909
matthew,5575,1646990,1652565,198.65058257920262
armahni,68,35,103,64.07766990291263
artie,6399,4407,10806,36.86840644086619
sahara,4629,5,4634,199.56840742339233
ree,300,5,305,193.44262295081967
tylyn,268,100,368,91.30434782608695
zae,5,189,194,189.69072164948452
jaleel,24,4829,4853,198.02184215948898
dallas,15466,69713,85179,127.37177003721574
kahlee,98,48,146,68.4931506849315
ermel,61,53,114,14.035087719298245
ryon,17,2009,2026,196.6436327739388
simmons,10,17,27,51.85185185185185
rolland,5,9852,9857,199.79709850867405
glenis,405,27,432,175.0
haile,847,222,1069,116.93171188026193
levone,34,117,151,109.93377483443709
ange,351,15,366,183.60655737704917
sovereign,140,152,292,8.21917808219178
wilford,5,10433,10438,199.80839241233951
silver,1703,509,2212,107.95660036166366
willer,87,5,92,178.26086956521738
maximus,17,33403,33420,199.7965290245362
radie,161,6,167,185.62874251497007
simone,27271,535,27806,192.30381931957132
geo,16,1268,1284,195.01557632398755
damiri,27,125,152,128.94736842105263
kamiri,51,125,176,84.0909090909091
nichole,63722,184,63906,198.8483084530404
lawsen,5,197,202,190.0990099009901
jaymi,1342,5,1347,198.51521900519674
anthem,49,175,224,112.5
vishva,11,40,51,113.72549019607843
yanel,199,6,205,188.29268292682926
haiden,1697,4174,5871,84.38085505024698
ashe,192,336,528,54.54545454545454
island,631,92,723,149.10096818810513
calen,226,2459,2685,166.3314711359404
shalan,112,5,117,182.9059829059829
amiree,141,22,163,146.01226993865032
lerin,195,29,224,148.21428571428572
kayen,5,94,99,179.7979797979798
millian,69,13,82,136.58536585365854
augustus,10,20892,20902,199.808630753038
harmeet,11,6,17,58.82352941176471
erim,5,5,10,0.0
byron,303,82006,82309,198.52750003037335
cornelia,22025,26,22051,199.52836606049613
zain,317,9395,9712,186.94398682042834
neziah,119,203,322,52.17391304347826
orla,1129,286,1415,119.15194346289752
maddux,254,3717,3971,174.4145051624276
numa,92,165,257,56.809338521400775
fayette,584,438,1022,28.57142857142857
tanner,2498,96980,99478,189.95556806530087
kamdyn,2094,3688,5782,55.13663092355586
knoa,12,53,65,126.15384615384615
ylan,12,13,25,8.0
rielly,263,196,459,29.193899782135073
morgen,1855,592,2447,103.22844299141806
jonnie,5864,3183,9047,59.26826572344424
belinda,72852,150,73002,199.17810470946003
rogan,135,2235,2370,177.2151898734177
sherlyn,8880,8,8888,199.63996399639964
gavi,22,50,72,77.77777777777779
keani,509,54,563,161.63410301953817
lejend,5,284,289,193.07958477508652
kendis,30,9,39,107.6923076923077
chancie,191,27,218,150.45871559633028
snow,1030,67,1097,175.5697356426618
namaari,191,11,202,178.21782178217822
salud,5,5,10,0.0
jaydon,201,9035,9236,191.29493287137288
itamar,16,300,316,179.74683544303798
rumi,778,589,1367,27.65179224579371
airis,284,52,336,138.0952380952381
haniel,10,446,456,191.2280701754386
khamryn,75,47,122,45.90163934426229
nickola,131,5,136,185.29411764705884
connie,266728,6957,273685,189.83210625353965
azrael,339,2762,3101,156.27217026765558
granger,6,2043,2049,198.82869692532944
patrica,9146,10,9156,199.563128003495
jardani,5,164,169,188.1656804733728
ker,5,10,15,66.66666666666666
aria,89496,677,90173,196.99688376786844
oneal,130,3043,3173,183.6117239205799
nicoli,42,436,478,164.85355648535565
gerd,17,16,33,6.0606060606060606
karen,987811,2784,990595,198.875827154387
sundeep,5,248,253,192.09486166007906
jet,122,3201,3323,185.31447487210352
taylin,2661,873,3534,101.18845500848896
garrett,452,135222,135674,198.66739390008402
jordin,4402,2466,6868,56.377402446126965
samai,171,6,177,186.44067796610167
kessler,119,537,656,127.4390243902439
marnell,245,32,277,153.79061371841155
javion,11,6797,6808,199.3537015276146
tori,36963,1207,38170,187.35132302855646
shantell,5080,26,5106,197.96318057187622
cheyenne,70439,2696,73135,185.2546660285773
gianny,255,225,480,12.5
merrell,155,1164,1319,152.99469294920394
damar,5,1125,1130,198.23008849557522
lucinda,38281,11,38292,199.88509349211324
krister,16,36,52,76.92307692307693
othello,116,679,795,141.63522012578616
graysyn,5,155,160,187.5
renata,13973,6,13979,199.82831389942055
yun,78,26,104,100.0
solaire,20,38,58,62.06896551724138
ahmir,5,3650,3655,199.45280437756497
sumeet,10,231,241,183.40248962655602
terrace,107,714,821,147.8684531059683
decker,119,2725,2844,183.2630098452883
deandrea,2233,724,2957,102.06290158944877
treva,9656,11,9667,199.54484328126617
courtnee,1627,9,1636,197.799511002445
reeves,72,920,992,170.96774193548387
myrel,130,58,188,76.59574468085107
kenari,30,5,35,142.85714285714286
marvie,269,68,337,119.28783382789318
mikko,25,798,823,187.84933171324423
ariane,3758,5,3763,199.46850916821685
ranell,290,62,352,129.54545454545453
cailin,3706,30,3736,196.7880085653105
ripley,2309,878,3187,89.80232193285221
eztli,109,33,142,107.04225352112675
kamdin,5,325,330,193.93939393939394
dina,31853,76,31929,199.04788750039148
abimbola,85,5,90,177.77777777777777
tamara,131170,417,131587,198.73239757726827
jasdeep,49,219,268,126.86567164179105
mason,3297,336209,339506,196.11553256790748
lara,29755,34,29789,199.54345563798717
mikiah,454,136,590,107.79661016949153
madisyn,17203,5,17208,199.8837749883775
jerry,17314,614825,632139,189.04418173851005
themis,10,5,15,66.66666666666666
demetress,122,12,134,164.17910447761196
devlin,195,3233,3428,177.24620770128354
arther,47,4988,5035,196.266137040715
zahari,255,194,449,27.171492204899778
jamison,1931,20467,22398,165.51477810518796
righteous,49,244,293,133.10580204778157
spenser,372,2985,3357,155.67470956210903
fenyx,36,57,93,45.16129032258064
child,53,78,131,38.16793893129771
tylor,456,8055,8511,178.5689108212901
karson,2063,20690,22753,163.73225508724124
benet,20,52,72,88.88888888888889
noris,48,78,126,47.61904761904761
sachary,5,5,10,0.0
ramsi,43,5,48,158.33333333333331
braeden,230,13607,13837,193.3511599335116
melissa,759386,2495,761881,198.69008414699934
caelin,430,334,764,25.13089005235602
ireoluwa,201,162,363,21.487603305785125
saturn,89,42,131,71.7557251908397
ally,10141,17,10158,199.33057688521362
nayel,5,414,419,195.22673031026252
jenner,15,536,551,189.11070780399274
stevey,135,23,158,141.77215189873417
angelo,850,84975,85825,196.03845033498396
divine,2382,1772,4154,29.369282619162252
rayel,74,6,80,170.0
creighton,16,3735,3751,198.29378832311383
espyn,137,7,144,180.55555555555557
heaven,29789,430,30219,194.30821668486712
kamai,16,105,121,147.10743801652893
royalty,6871,498,7369,172.96783824128104
corris,13,22,35,51.42857142857142
raheem,6,8396,8402,199.7143537253035
derryl,15,901,916,193.44978165938863
johnta,5,224,229,191.26637554585153
davin,344,10588,10932,187.41309915843397
jake,217,128639,128856,199.3263798348544
adeyinka,5,5,10,0.0
jahlani,269,319,588,17.006802721088434
khalil,182,24190,24372,197.01296569834236
camauri,76,163,239,72.80334728033473
eron,192,1382,1574,151.20711562897077
river,18256,36498,54754,66.6325747890565
gabby,1196,16,1212,194.71947194719473
graylen,26,246,272,161.76470588235296
vannie,830,191,1021,125.17140058765916
brylen,50,638,688,170.93023255813952
janari,128,215,343,50.72886297376093
jolen,10,45,55,127.27272727272727
bj,5,718,723,197.23374827109268
manuel,1158,190712,191870,197.58586542971804
bela,788,485,1273,47.604084838963075
jourdon,16,144,160,160.0
taelin,33,70,103,71.84466019417476
marshawn,78,2625,2703,188.45726970033297
kylynn,1294,82,1376,176.1627906976744
jasai,5,927,932,197.8540772532189
jayce,1707,43197,44904,184.79422768572954
larie,351,5,356,194.38202247191012
bhavya,345,92,437,115.78947368421053
angel,99715,261068,360783,89.44601048275557
donnell,1026,14253,15279,173.13960337718436
thatcher,12,4761,4773,198.99434318038968
kee,10,1406,1416,197.17514124293785
kolbi,832,318,1150,89.39130434782608
chastin,126,463,589,114.43123938879455
bilal,5,5690,5695,199.6488147497805
charlotte,439944,762,440706,199.30838245905434
umi,169,22,191,153.92670157068062
dyamond,1207,10,1217,196.71322925225965
pranjal,29,23,52,23.076923076923077
isla,52217,12,52229,199.9080970342147
alexi,4190,1738,5928,82.72604588394063
hattie,104269,494,104763,198.1138379007856
iniko,14,138,152,163.1578947368421
arin,2573,2173,4746,16.856300042140752
eduardo,433,109465,109898,198.4239931572913
winter,14874,958,15832,175.79585649317838
esta,4430,27,4457,197.57684541171193
oaklen,52,662,714,170.86834733893556
chauncy,33,1257,1290,189.7674418604651
lorenza,3168,3692,6860,15.276967930029153
alize,5279,344,5623,175.52907700515738
ashlee,43495,258,43753,197.64130459625625
zikora,72,30,102,82.35294117647058
shalom,1178,2362,3540,66.89265536723164
xiao,65,6,71,166.19718309859155
benson,19,13094,13113,199.4204224815069
marquis,474,24466,24940,192.39775461106657
eisley,2280,20,2300,196.52173913043478
shuron,40,47,87,16.091954022988507
jaymee,2196,23,2219,195.85398828301038
ambrose,38,10503,10541,198.55801157385446
malik,259,48867,49126,197.89113707609005
maui,121,249,370,69.1891891891892
bivian,7,5,12,33.33333333333333
collynn,11,5,16,75.0
earth,38,11,49,110.20408163265304
lloyd,998,160877,161875,197.53389961389962
wrennyn,5,6,11,18.181818181818183
matilde,3193,218,3411,174.43564936968633
neely,2202,391,2593,139.683763979946
donis,565,156,721,113.45353675450762
barri,504,47,551,165.8802177858439
rauri,13,5,18,88.88888888888889
rilo,23,50,73,73.97260273972603
kasyn,245,1322,1567,137.46011486917678
nirel,73,13,86,139.53488372093022
slater,56,2223,2279,190.17112768758227
argusta,69,26,95,90.52631578947368
leif,5,9737,9742,199.79470334633544
carina,16360,35,16395,199.14608112229337
danne,479,175,654,92.96636085626912
kang,108,44,152,84.21052631578947
donae,197,6,203,188.17733990147784
karle,94,56,150,50.66666666666667
felis,42,62,104,38.46153846153847
zettie,1458,10,1468,197.27520435967304
bryan,1717,388581,390298,198.24031893578754
cyrille,6,25,31,122.58064516129032
kassidy,21037,426,21463,192.0607557191446
carlyn,4294,67,4361,193.85462049988536
whitney,97424,5979,103403,176.87107724147268
felix,662,81428,82090,196.77427214033378
artice,64,152,216,81.48148148148148
matti,646,77,723,157.39972337482712
daniele,3557,780,4337,128.06087157020983
gino,12,12979,12991,199.63051343237626
semaj,2019,7203,9222,112.42680546519193
shamauri,19,11,30,53.333333333333336
joye,3467,8,3475,199.0791366906475
pita,43,11,54,118.5185185185185
reese,43139,19129,62268,77.11826299222714
unique,7539,907,8446,157.04475491356854
shaundell,5,42,47,157.4468085106383
rae,23287,955,24242,184.24222423892417
waylan,11,1237,1248,196.47435897435898
tayton,27,1094,1121,190.3657448706512
shawan,236,59,295,120.0
mekhi,113,12174,12287,196.32131521119882
martina,18336,40,18376,199.12929908576405
oaklie,692,5,697,197.13055954088952
almon,18,1610,1628,195.57739557739558
luren,5,5,10,0.0
roy,2693,408050,410743,197.3774355253772
londen,435,262,697,49.64131994261119
nevaeh,96603,427,97030,198.23971967432752
zayde,43,457,500,165.6
randle,7,2924,2931,199.04469464346639
angeline,36739,10,36749,199.89115350077554
tay,55,195,250,112.00000000000001
jameson,1187,59243,60430,192.1429753433725
louise,335882,2196,338078,197.4017830204864
marquie,27,108,135,120.0
marlene,130396,359,130755,198.90176283889718
javier,493,106700,107193,198.16032763333428
uriel,307,20364,20671,194.05931014464707
tra,7,241,248,188.70967741935485
eastynn,62,7,69,159.42028985507247
noaah,5,52,57,164.91228070175438
jimmie,22994,112234,135228,131.98450025142722
acy,5,274,279,192.831541218638
lavorn,5,10,15,66.66666666666666
alpha,7182,2785,9967,88.2311628373633
azul,4378,299,4677,174.42805217019458
ivery,489,797,1286,47.900466562986004
deshaun,231,5685,5916,184.3813387423935
titan,5,5341,5346,199.62588851477742
kollins,954,35,989,185.84428715874623
tenley,6781,5,6786,199.70527556734453
kahlil,5,4233,4238,199.5280792826805
axelle,193,5,198,189.8989898989899
loy,872,4111,4983,130.00200682319885
lennox,5012,13160,18172,89.6764252696456
lynne,61952,458,62410,197.06457298509855
ramzee,5,12,17,82.35294117647058
leith,110,649,759,142.02898550724638
randall,1154,198467,199621,197.68761803617855
maylon,7,322,329,191.48936170212767
slade,7,5884,5891,199.5246986929214
nhyira,109,5,114,182.45614035087718
vallie,3356,143,3499,183.65247213489567
dael,5,503,508,196.06299212598427
kimbal,5,56,61,167.21311475409837
keiko,1153,7,1160,197.58620689655174
nesbit,18,62,80,110.00000000000001
jacques,242,9652,9894,190.21629270264805
lavergne,526,17,543,187.4769797421731
ajene,59,89,148,40.54054054054054
myril,5,12,17,82.35294117647058
yifan,10,97,107,162.61682242990653
baylin,250,284,534,12.734082397003746
kamren,508,4313,4821,157.8510682431031
jirah,262,60,322,125.46583850931677
taziyah,122,12,134,164.17910447761196
kaia,19280,53,19333,198.9034293694719
mao,285,10,295,186.44067796610167
newton,5,8162,8167,199.75511203624342
torrie,2873,586,3459,132.23474992772478
juan,2760,363250,366010,196.9836889702467
dandre,37,7689,7726,198.08439037017862
thai,212,1208,1420,140.28169014084506
aarian,64,185,249,97.18875502008032
ilya,230,931,1161,120.75796726959518
jourdain,36,169,205,129.7560975609756
tiwan,10,123,133,169.9248120300752
johari,401,284,685,34.160583941605836
felicia,91072,279,91351,198.77833849656818
keaten,5,358,363,194.4903581267218
ezariah,123,408,531,107.34463276836159
paeton,441,86,527,134.72485768500948
cristobal,11,7885,7896,199.44275582573454
kaegan,207,400,607,63.59143327841845
maxie,4008,4640,8648,14.61609620721554
rodney,1175,246952,248127,198.10580871892216
rovan,26,6,32,125.0
logann,614,22,636,186.16352201257862
jacqueline,425538,1391,426929,198.69673880200222
traice,13,5,18,88.88888888888889
unborn,32,8,40,120.0
asiyah,1663,156,1819,165.695437053326
rudie,71,143,214,67.28971962616822
broghan,21,104,125,132.8
kimi,1796,290,2086,144.39117929050815
ellyott,52,5,57,164.91228070175438
charity,35419,39,35458,199.56004286761805
hanh,454,21,475,182.31578947368422
heidi,148426,361,148787,199.02948510286518
hridaya,5,12,17,82.35294117647058
alfred,1292,243558,244850,197.8893199918317
santi,42,811,853,180.30480656506447
santanna,847,105,952,155.88235294117646
kendyl,5064,139,5203,189.31385738996732
jenay,959,5,964,197.9253112033195
mozell,3050,484,3534,145.21788341822298
vaylen,15,94,109,144.95412844036696
morireoluwa,58,22,80,90.0
fonta,12,11,23,8.695652173913043
patric,73,3040,3113,190.6199807259878
kaci,9921,163,10084,193.5343117810393
cyxx,5,43,48,158.33333333333331
akida,15,42,57,94.73684210526315
julienne,2678,32,2710,195.27675276752768
kingsley,2042,6506,8548,104.44548432381843
kahlin,11,70,81,145.679012345679
gryffin,20,1049,1069,192.51637043966323
glady,538,5,543,196.31675874769797
sherald,110,40,150,93.33333333333333
autie,62,11,73,139.72602739726028
armer,16,6,22,90.9090909090909
greer,2977,704,3681,123.49904917142081
robbi,1586,313,1899,134.0705634544497
shakel,16,28,44,54.54545454545454
norbert,6,20377,20383,199.8822548201933
berdell,149,92,241,47.30290456431535
rashon,118,1864,1982,176.1856710393542
nermin,17,32,49,61.224489795918366
sofia,178450,178,178628,199.60140627449223
davione,11,251,262,183.206106870229
ayomiposi,12,33,45,93.33333333333333
kamerin,221,474,695,72.80575539568346
mable,53178,215,53393,198.38930196842284
chudney,76,5,81,175.30864197530863
tyjae,200,230,430,13.953488372093023
mong,18,92,110,134.54545454545453
abishai,26,316,342,169.5906432748538
jeffrey,3498,979049,982547,198.57594598528112
maude,45708,133,45841,198.83946685281734
harvey,848,126529,127377,197.33703886886957
dalis,347,16,363,182.36914600550963
gentry,2683,4199,6882,44.056960185992445
rayon,11,530,541,191.86691312384474
jonesy,19,25,44,27.27272727272727
manon,823,5,828,197.58454106280192
jimi,667,1240,1907,60.09438909281594
echo,4750,365,5115,171.45650048875856
donna,831536,2233,833769,198.92872006514995
tylynn,615,94,709,146.9675599435825
oaklin,85,130,215,41.86046511627907
ekamjot,11,60,71,138.0281690140845
masiya,81,5,86,176.74418604651163
mar,813,244,1057,107.6631977294229
marlon,336,30759,31095,195.67776169802218
tarry,189,430,619,77.86752827140549
joselyn,18067,5,18072,199.88933156263832
faye,71559,518,72077,197.12529655784786
tuyen,160,26,186,144.08602150537635
noriel,10,326,336,188.0952380952381
awn,5,5,10,0.0
flores,11,19,30,53.333333333333336
doran,55,2646,2701,191.85486856719734
tammie,35375,134,35509,198.4905235292461
sheridan,5580,2760,8340,67.62589928057554
roa,57,12,69,130.43478260869566
mckinsey,1080,22,1102,192.01451905626135
ammie,2575,32,2607,195.09014192558496
larrie,339,929,1268,93.05993690851734
dewey,547,34345,34892,193.72922159807408
mylin,182,91,273,66.66666666666666
toluwalase,18,27,45,40.0
ky,154,1474,1628,162.16216216216216
imri,24,128,152,136.8421052631579
shaquill,17,155,172,160.46511627906978
kharsyn,24,26,50,8.0
armanii,408,216,624,61.53846153846154
shin,12,97,109,155.96330275229357
toluwanimi,72,67,139,7.194244604316546
ravneet,195,7,202,186.13861386138615
huxley,460,4375,4835,161.94415718717684
javone,11,425,436,189.90825688073394
dylann,890,381,1271,80.09441384736428
lumiere,28,32,60,13.333333333333334
kylo,77,4546,4623,193.33765952844473
sehajpreet,16,5,21,104.76190476190477
cory,6585,127023,133608,180.28561164002156
annie,358540,1927,360467,197.86166278743963
corbie,12,5,17,82.35294117647058
dalani,576,6,582,195.8762886597938
rondi,595,7,602,195.3488372093023
chyenne,1372,5,1377,198.54756717501814
danyell,2520,324,2844,154.43037974683546
dor,30,11,41,92.6829268292683
xong,16,5,21,104.76190476190477
merced,181,764,945,123.38624338624338
stormey,220,7,227,187.66519823788545
kagen,17,524,541,187.43068391866913
zahmari,5,72,77,174.02597402597402
cloudie,6,10,16,50.0
lessley,54,43,97,22.68041237113402
sheehan,5,69,74,172.97297297297297
quan,39,1412,1451,189.2487939352171
ciara,34718,7,34725,199.91936645068395
asiah,1718,898,2616,62.69113149847095
runako,5,28,33,139.3939393939394
ynez,210,5,215,190.69767441860466
kismet,186,6,192,187.5
shayla,30817,17,30834,199.77946422780047
domanic,11,1192,1203,196.34247714048212
daylan,84,2777,2861,188.255854596295
eivor,13,43,56,107.14285714285714
laren,551,370,921,39.30510314875136
mio,333,104,437,104.80549199084668
seager,5,120,125,184.0
emiri,83,20,103,122.33009708737863
pepper,3202,245,3447,171.5694807078619
johnnie,49154,102028,151182,69.94748052016774
bradford,39,32042,32081,199.51373086873852
luegene,10,5,15,66.66666666666666
jamaree,5,814,819,197.55799755799757
soe,46,15,61,101.63934426229508
brynnen,15,7,22,72.72727272727273
olamiposi,12,21,33,54.54545454545454
kimoni,260,362,622,32.79742765273312
simeon,25,9258,9283,198.9227620381342
devereaux,35,207,242,142.1487603305785
milen,25,117,142,129.5774647887324
jim,816,153083,153899,197.8791285193536
ardith,5581,131,5712,190.8263305322129
sinatra,5,27,32,137.5
cal,10,7303,7313,199.453028852728
clyde,3932,144635,148567,189.4135305956235
frankey,5,139,144,186.11111111111111
barnie,5,641,646,196.90402476780187
jamari,877,14723,15600,177.51282051282053
ted,264,75122,75386,198.5992094022763
chaquan,5,26,31,135.48387096774192
avie,1709,11,1720,197.44186046511626
keymari,40,186,226,129.20353982300884
aarya,3089,388,3477,155.3638193845269
alfa,234,22,256,165.625
rhyley,62,18,80,110.00000000000001
amarin,5,5,10,0.0
alexys,4161,378,4539,166.68869795109055
dailyn,1809,398,2207,127.86588128681468
olice,7,52,59,152.54237288135593
tyshawn,134,5231,5365,190.00931966449207
unice,300,30,330,163.63636363636365
dallis,839,928,1767,10.073571024335031
ahmad,18,19936,19954,199.63917009120976
patricia,1573445,4963,1578408,198.74227702849961
graesyn,55,213,268,117.91044776119404
leona,112600,294,112894,198.95831487944443
mclane,15,127,142,157.74647887323943
aaliyan,123,34,157,113.37579617834395
jenesis,5405,318,5723,177.77389481041413
shye,72,15,87,131.0344827586207
kency,33,5,38,147.36842105263156
brice,379,15697,16076,190.56979348096542
edin,94,1254,1348,172.10682492581603
keatyn,213,120,333,55.85585585585585
cacey,207,23,230,160.0
chee,209,325,534,43.445692883895134
vernal,370,1788,2158,131.4179796107507
lior,310,803,1113,88.58939802336029
mckenna,43545,183,43728,198.3260153677278
jude,2930,51573,54503,178.4965965176229
cristen,2655,126,2781,181.87702265372167
ray,5586,204384,209970,189.35847978282612
cantrell,65,422,487,146.61190965092402
artemis,3050,758,3808,120.3781512605042
marco,339,75703,76042,198.21677494016464
randon,10,1756,1766,197.73499433748586
miko,590,931,1521,44.838921761998684
norie,245,5,250,192.0
leah,252567,467,253034,199.26175928926548
dontavia,118,11,129,165.89147286821705
blayze,90,1221,1311,172.5400457665904
keagyn,16,16,32,0.0
hartlee,350,5,355,194.3661971830986
daryl,4419,62940,67359,173.75851779272259
paiton,1199,165,1364,151.61290322580646
keishawn,63,767,830,169.63855421686748
soon,43,5,48,158.33333333333331
brookie,535,7,542,194.83394833948338
kelijah,12,163,175,172.57142857142858
taree,16,5,21,104.76190476190477
preet,88,148,236,50.847457627118644
jonte,226,1253,1479,138.87762001352263
oluwatoni,153,91,244,50.81967213114754
issac,17,24287,24304,199.72021066491112
janus,127,41,168,102.38095238095238
tatym,288,10,298,186.5771812080537
seth,495,165273,165768,198.8055595772405
sherryl,4104,5,4109,199.51326356777804
darnelle,249,362,611,36.98854337152209
yihan,48,12,60,120.0
taeler,341,5,346,194.21965317919074
eddie,15753,211579,227332,172.28194886773528
rahsaan,6,1614,1620,198.5185185185185
iren,5,78,83,175.9036144578313
ameris,355,72,427,132.5526932084309
chrystal,15752,5,15757,199.8730722853335
ti,12,57,69,130.43478260869566
claud,47,10893,10940,198.28153564899452
ramari,5,171,176,188.63636363636365
kharie,5,7,12,33.33333333333333
jocelyn,112257,352,112609,198.74965588896092
baretta,20,52,72,88.88888888888889
dave,114,64328,64442,199.29238695260855
rayyan,242,2997,3239,170.1142327878975
rawan,1380,5,1385,198.55595667870037
massiah,93,1385,1478,174.83085250338294
avryn,7,5,12,33.33333333333333
maverik,10,1143,1153,196.53078924544667
kristan,5545,645,6190,158.31987075928916
maven,1149,480,1629,82.13627992633518
miley,14797,75,14872,197.9827864443249
kesha,5241,5,5246,199.61875714830347
nicol,2203,28,2231,194.97982967279245
perlie,565,73,638,154.2319749216301
gaelen,18,156,174,158.6206896551724
declyn,290,439,729,40.87791495198903
courtnay,467,10,477,191.61425576519918
oval,101,500,601,132.77870216306155
lin,1027,863,1890,17.354497354497354
briggs,90,8452,8542,195.78553032076798
rasheeda,1713,10,1723,197.67846778874056
kalen,1458,4556,6014,103.02627203192552
lavaughn,962,936,1898,2.73972602739726
elsa,30490,21,30511,199.72468945626167
chai,251,378,629,40.38155802861685
laikynn,346,11,357,187.6750700280112
lawanda,12093,6,12099,199.8016364988842
oluwadamilola,279,175,454,45.81497797356828
brye,10,42,52,123.07692307692308
alvaro,5,17027,17032,199.88257397839362
hawkins,10,886,896,195.53571428571428
nalo,12,51,63,123.80952380952381
buffy,3306,6,3312,199.27536231884056
eman,2172,311,2483,149.89931534434155
subin,6,10,16,50.0
azie,87,6,93,174.19354838709677
izrael,10,1186,1196,196.65551839464882
halstyn,140,5,145,186.20689655172413
kindell,174,52,226,107.9646017699115
hollie,18393,1453,19846,170.7145016628036
derian,135,1473,1608,166.4179104477612
nelvin,10,387,397,189.92443324937028
taigen,36,26,62,32.25806451612903
ronel,6,545,551,195.64428312159708
milagro,1828,32,1860,193.11827956989248
ryane,846,58,904,174.3362831858407
raelan,122,5,127,184.251968503937
trudell,54,5,59,166.10169491525423
ziyan,171,247,418,36.36363636363637
jodeci,412,444,856,7.476635514018691
jermyah,18,19,37,5.405405405405405
charlee,18508,459,18967,190.3200295249644
floyd,1377,154303,155680,196.46197327852005
tazmin,18,5,23,113.04347826086956
tesla,2588,98,2686,185.40580789277737
aisa,552,5,557,196.40933572710952
stevie,16237,12385,28622,26.91635804625812
dandra,605,60,665,163.90977443609023
patricio,5,4559,4564,199.56178790534616
reyna,18147,32,18179,199.29589086308377
bergen,522,395,917,27.699018538713194
sherrod,5,1970,1975,198.9873417721519
wood,6,313,319,192.47648902821317
tyari,17,17,34,0.0
erron,15,854,869,193.09551208285384
neville,75,2330,2405,187.52598752598752
suad,270,5,275,192.72727272727272
tim,188,83327,83515,199.099562952763
senna,981,93,1074,165.3631284916201
freedom,1224,668,1892,58.7737843551797
giovanni,967,86387,87354,195.57204020422648
byrle,28,32,60,13.333333333333334
eldean,223,143,366,43.71584699453552
murlyn,11,20,31,58.06451612903226
eisa,133,318,451,82.039911308204
mariela,11475,8,11483,199.72132717930856
fred,2029,343576,345605,197.65165434527856
joan,481016,7469,488485,193.88394730646797
monti,187,395,582,71.47766323024055
london,43716,10178,53894,124.45912346457861
shellie,9967,892,10859,167.14246247352426
kemani,651,497,1148,26.82926829268293
pearce,43,1225,1268,186.4353312302839
iah,10,5,15,66.66666666666666
detric,5,426,431,195.3596287703016
mavryk,5,244,249,191.96787148594376
soriya,373,5,378,194.7089947089947
rayaan,179,1031,1210,140.82644628099175
aurie,468,6,474,194.9367088607595
terron,32,2487,2519,194.91861849940452
frankye,266,6,272,191.1764705882353
jihad,5,2035,2040,199.01960784313727
isabel,130387,1827,132214,194.47259745564008
aime,1835,474,2309,117.88653096578605
kymoni,131,246,377,61.0079575596817
jacobie,22,894,916,190.3930131004367
jujuan,5,451,456,195.61403508771932
alivia,34158,15,34173,199.82442278992187
kasey,33220,12442,45662,91.00784021724849
waddie,5,21,26,123.07692307692308
nicole,593691,1965,595656,198.6804464321689
yuval,217,402,619,59.77382875605816
zelma,16807,112,16919,197.35208936698388
dezi,283,332,615,15.934959349593496
kaiea,5,65,70,171.42857142857142
elroi,45,106,151,80.79470198675497
abbigail,12114,5,12119,199.83496988200346
alexei,117,1333,1450,167.72413793103448
shaquan,537,2115,2652,119.00452488687783
jerrel,26,2448,2474,195.7962813257882
elbert,97,33501,33598,198.84516935531877
ceola,2164,21,2185,196.15560640732267
kimber,10934,436,11370,184.66138962181176
deni,665,170,835,118.562874251497
jada,67206,256,67462,198.4821084462364
maize,179,90,269,66.17100371747212
sokhom,12,13,25,8.0
anani,319,6,325,192.6153846153846
lamoni,74,18,92,121.73913043478262
karmine,5,115,120,183.33333333333331
raquel,50483,281,50764,197.78583247971002
hartlen,8,56,64,150.0
holdyn,53,673,726,170.79889807162533
audriel,11,5,16,75.0
marlow,1704,2133,3837,22.361219702892885
kairi,6015,527,6542,167.7774380923265
ashlie,10063,5,10068,199.80135081446167
jahari,219,1774,1993,156.04616156547917
katin,6,20,26,107.6923076923077
ai,392,11,403,189.08188585607942
summit,206,909,1115,126.09865470852017
asil,16,64,80,120.0
nikki,40064,896,40960,191.25
aiden,2120,252629,254749,196.67123325312366
magic,69,370,439,137.12984054669704
krosby,39,143,182,114.28571428571428
kamar,56,1556,1612,186.1042183622829
juliani,170,60,230,95.65217391304348
jourdin,146,81,227,57.268722466960355
cordie,2064,167,2231,170.05826983415508
harriett,21604,5,21609,199.90744597158593
envy,686,5,691,197.10564399421128
ferry,10,65,75,146.66666666666666
bobby,9663,314848,324511,188.08915568347453
cornelius,642,36324,36966,193.05307579938324
jalen,1711,40113,41824,183.63618974751338
octavia,22981,139,23120,197.59515570934255
rosean,5,32,37,145.94594594594594
deniss,82,5,87,177.01149425287358
mariel,7182,116,7298,193.64209372430804
leeor,16,17,33,6.0606060606060606
ava,336272,336,336608,199.60072250213898
aamir,6,2616,2622,199.08466819221968
adynn,17,74,91,125.27472527472527
shaye,2179,664,2843,106.57755891663736
jerel,5,3603,3608,199.44567627494456
kaloni,643,17,660,189.6969696969697
evryn,95,42,137,77.37226277372264
olga,61817,198,62015,198.72288962347818
cordell,148,10760,10908,194.57279061239456
darren,569,103751,104320,197.81825153374234
michi,143,8,151,178.80794701986756
jeylani,87,22,109,119.26605504587155
dann,1145,1089,2234,5.0134288272157566
rilan,20,227,247,167.61133603238866
layke,60,158,218,89.90825688073394
albany,714,5,719,197.2183588317107
jerrin,16,494,510,187.45098039215685
lawrence,2180,460585,462765,198.11567426231454
kendrick,380,32988,33368,195.44473747302803
mishon,28,68,96,83.33333333333334
otie,147,42,189,111.11111111111111
gradie,215,426,641,65.83463338533542
andriel,31,181,212,141.50943396226415
lucas,526,320790,321316,199.3451928942225
rio,2177,4962,7139,78.02213195125368
torin,213,5114,5327,184.006007133471
chester,828,121369,122197,197.28962249482393
navie,529,6,535,195.51401869158877
nirvair,6,150,156,184.6153846153846
lenn,6,515,521,195.39347408829175
dillyn,222,412,634,59.93690851735016
jersey,3874,593,4467,146.89948511305127
alis,476,5,481,195.84199584199584
emjay,90,54,144,50.0
aamari,109,190,299,54.18060200668896
orbie,51,609,660,169.0909090909091
opal,72794,718,73512,196.0931548590706
rikki,7033,624,7657,167.40237691001698
acea,5,77,82,175.609756097561
candler,5,67,72,172.22222222222223
bryden,28,1909,1937,194.21786267423852
rori,3126,64,3190,191.97492163009403
alyssa,313912,432,314344,199.4502837655562
kymani,1061,4236,5297,119.8791768925807
yancey,34,1503,1537,191.15159401431362
kassey,731,5,736,197.2826086956522
jaquan,58,10543,10601,197.81152721441373
cleveland,87,21934,22021,198.4196902956269
onyekachi,16,92,108,140.74074074074073
murray,383,21859,22242,193.11213020411833
zelle,21,6,27,111.11111111111111
sarin,123,11,134,167.1641791044776
morgan,222645,45110,267755,132.61003529345857
rari,18,30,48,50.0
dorsie,391,254,645,42.480620155038764
rowdy,59,4727,4786,195.06895110739657
sukhdeep,10,37,47,114.89361702127661
idell,3425,38,3463,195.6107421311002
samar,1078,1218,2296,12.195121951219512
louis,2841,405059,407900,197.21402304486392
emon,90,596,686,147.52186588921285
dorren,10,5,15,66.66666666666666
jennings,298,4792,5090,176.58153241650294
meryl,5154,431,5585,169.13160250671442
mckinly,30,5,35,142.85714285714286
darcell,506,170,676,99.40828402366864
brevyn,11,206,217,179.72350230414747
edden,6,44,50,152.0
tiney,327,5,332,193.97590361445782
shaughnessy,91,5,96,179.16666666666669
hurley,78,2581,2659,188.26626551335087
mykale,28,136,164,131.70731707317074
truitt,5,1443,1448,198.61878453038676
tyshon,11,1404,1415,196.8904593639576
wen,70,87,157,21.656050955414013
onie,1786,277,2063,146.29180804653416
darian,6238,16782,23020,91.60729800173762
jc,37,1792,1829,191.90814652815746
sharmon,458,7,465,193.9784946236559
vesta,8181,27,8208,198.6842105263158
ival,127,297,424,80.18867924528303
wonnie,43,11,54,118.5185185185185
caidyn,440,807,1247,58.861267040898156
kurt,196,85802,85998,199.08835089188122
aviel,53,1232,1285,183.50194552529183
iry,12,15,27,22.22222222222222
sarah,1095724,3339,1099063,198.78478303791502
concepcion,5218,968,6186,137.40704817329456
ople,284,19,303,174.91749174917493
camari,1091,1566,2657,35.75461046292811
owsley,5,25,30,133.33333333333331
dalia,13949,6,13955,199.82801863131493
vin,5,249,254,192.1259842519685
terez,145,412,557,95.87073608617594
milano,12,272,284,183.09859154929578
dallyn,32,214,246,147.96747967479675
eathel,763,21,784,189.28571428571428
kamaron,10,205,215,181.3953488372093
stone,138,6416,6554,191.57766249618552
alexcis,215,11,226,180.5309734513274
kenndy,10,7,17,35.294117647058826
gold,23,16,39,35.8974358974359
rily,63,16,79,118.9873417721519
zuriel,472,1868,2340,119.31623931623932
claudine,11322,15,11337,199.47075946017466
ravinder,5,93,98,179.59183673469389
daria,8955,5,8960,199.77678571428572
sea,10,11,21,9.523809523809524
johanny,389,42,431,161.02088167053364
paulie,11,60,71,138.0281690140845
vergil,56,1949,2005,188.8279301745636
cassiel,69,420,489,143.55828220858896
clinton,438,97473,97911,198.21061984863806
yesica,2402,5,2407,199.16909015371834
sevon,6,215,221,189.14027149321265
kenzi,3159,38,3197,195.24554269627777
nery,287,1538,1825,137.0958904109589
nakai,185,884,1069,130.77642656688494
armani,11495,14797,26292,25.11790658755515
abel,156,64483,64639,199.03463853091787
harpreet,254,249,503,1.9880715705765408
diallo,5,796,801,197.5031210986267
kalki,43,6,49,151.0204081632653
dalen,16,1956,1972,196.75456389452333
kaysyn,10,91,101,160.39603960396042
jajuan,11,2441,2452,198.20554649265904
haroldean,7,12,19,52.63157894736842
archi,5,6,11,18.181818181818183
truth,735,1350,2085,58.992805755395686
sheila,238706,648,239354,198.91708515420675
hudsen,22,541,563,184.3694493783304
kamal,25,3031,3056,196.7277486910995
rihanna,6522,5,6527,199.69358051172054
jandel,5,269,274,192.7007299270073
hope,96315,563,96878,197.67542682549185
graham,222,58459,58681,198.48673335491898
collis,10,1309,1319,196.96739954510994
ginger,46170,41,46211,199.6451061435589
keondra,1107,17,1124,193.95017793594306
makai,310,8667,8977,186.18692213434332
ivey,4633,1803,6436,87.94282162834058
ernest,1855,302282,304137,197.56030999187865
metztli,451,5,456,195.61403508771932
asa,1825,20534,22359,167.35095487275817
andi,6805,869,7674,154.70419598644776
tyra,14594,143,14737,196.11861301486056
krimson,182,77,259,81.08108108108108
austine,168,153,321,9.345794392523365
akira,7555,1968,9523,117.33697364275963
courtlyn,846,16,862,192.5754060324826
aly,1442,700,2142,69.28104575163398
david,12953,3669730,3682683,198.59309096112807
kealoha,43,53,96,20.833333333333336
tristain,11,364,375,188.26666666666668
tomeka,3628,6,3634,199.33957072096865
kobi,1105,1911,3016,53.44827586206896
shinobu,5,5,10,0.0
wave,111,91,202,19.801980198019802
terrion,111,1653,1764,174.8299319727891
kasper,20,1304,1324,193.95770392749245
davelle,5,95,100,180.0
rayhan,67,832,899,170.18909899888766
reace,37,89,126,82.53968253968253
trelynn,32,18,50,56.00000000000001
lyndall,609,296,905,69.17127071823205
marka,249,5,254,192.1259842519685
binh,38,487,525,171.04761904761904
caidence,1100,148,1248,152.56410256410254
stacy,163889,22241,186130,152.2032987696771
zyan,325,1636,1961,133.70729219785824
quinlin,5,200,205,190.2439024390244
sherley,1238,264,1502,129.69374167776297
capree,49,5,54,162.96296296296296
marz,63,215,278,109.35251798561151
ukiah,6,118,124,180.64516129032256
micha,1188,1146,2334,3.5989717223650386
maricela,13012,56,13068,198.28588919498011
nicky,1969,7466,9435,116.52358240593534
haylee,30056,20,30076,199.7340071818061
hillory,27,5,32,137.5
amit,202,2891,3093,173.87649531199483
jordy,225,6530,6755,186.67653589933383
cindy,257194,771,257965,198.80448898106334
reyli,13,844,857,193.93232205367562
brittan,878,480,1358,58.615611192930785
almo,15,58,73,117.8082191780822
kenyon,187,7946,8133,190.80290175826877
kaiser,34,3620,3654,196.27805145046523
tahjae,122,121,243,0.823045267489712
stella,202743,382,203125,199.24775384615384
kenisha,4010,5,4015,199.50186799501867
ziyu,5,11,16,75.0
jahziah,17,274,291,176.63230240549828
mirl,55,87,142,45.07042253521127
ngozi,512,26,538,180.66914498141264
ajalon,12,7,19,52.63157894736842
augustine,3804,15605,19409,121.60337987531558
damion,39,16825,16864,199.07495256166982
jona,1745,513,2258,109.12311780336582
daron,160,7619,7779,191.77272142948965
lavin,26,141,167,137.7245508982036
lucious,5,4805,4810,199.5841995841996
mckenly,50,5,55,163.63636363636365
tery,34,131,165,117.57575757575758
leann,24322,7,24329,199.88491101155
wrenn,407,53,460,153.91304347826087
kaiori,54,5,59,166.10169491525423
cary,5323,24472,29795,128.53834535995972
kaizer,5,1215,1220,198.36065573770492
altair,168,229,397,30.730478589420656
kovey,6,8,14,28.57142857142857
koda,574,6133,6707,165.76710899060683
garlyn,5,11,16,75.0
aley,33,6,39,138.46153846153845
channin,45,86,131,62.59541984732825
yvonne,156028,619,156647,198.41937604933386
demaris,1018,286,1304,112.26993865030674
nataly,15164,10,15174,199.73639119546593
jie,18,86,104,130.76923076923077
my,1093,239,1332,128.22822822822823
ramey,425,567,992,28.62903225806452
curley,534,2590,3124,131.62612035851473
sava,10,204,214,181.30841121495328
brandin,137,2748,2885,181.0051993067591
yasmine,13600,5,13605,199.85299522234473
kahlo,8,82,90,164.44444444444443
candy,28495,100,28595,198.60115404791048
makia,1345,28,1373,191.84268026219956
armanni,44,76,120,53.333333333333336
keylan,55,987,1042,178.88675623800384
kamron,291,7187,7478,184.43434073281625
ayman,45,2684,2729,193.40417735434227
rosella,15909,5,15914,199.8743244941561
raylen,766,1514,2280,65.6140350877193
rainn,284,260,544,8.823529411764707
jai,1355,5037,6392,115.20650813516895
janet,556709,1515,558224,198.91441428530484
andie,5087,206,5293,184.43226903457398
chrystian,70,781,851,167.09753231492363
soleil,4767,30,4797,197.49843652282678
rachelle,33882,37,33919,199.563666381674
teighan,227,5,232,191.3793103448276
kamarion,6,2555,2561,199.06286606794222
logyn,379,208,587,58.262350936967636
carlan,25,40,65,46.15384615384615
lennan,140,5,145,186.20689655172413
fortune,316,199,515,45.43689320388349
ximena,37963,13,37976,199.86307141352432
midnight,22,5,27,125.92592592592592
lavelle,1589,2469,4058,43.37111877772302
nekia,811,50,861,176.7711962833914
damonii,12,30,42,85.71428571428571
oshin,11,12,23,8.695652173913043
gilliam,10,147,157,174.52229299363057
lavonte,11,1304,1315,196.65399239543726
auri,890,51,941,178.32093517534537
dagen,27,362,389,172.2365038560411
thelma,225429,1142,226571,197.98385495054532
cailan,71,174,245,84.08163265306122
shirrel,10,17,27,51.85185185185185
joedy,15,180,195,169.23076923076923
pierson,95,3399,3494,189.1242129364625
dick,48,29273,29321,199.34517922308243
tina,292087,904,292991,198.7658323975822
ami,7649,409,8058,179.69719533382974
nohea,170,42,212,120.75471698113208
taijae,18,11,29,48.275862068965516
calin,224,1152,1376,134.88372093023256
madelyn,112627,50,112677,199.82250148655004
rotha,153,6,159,184.9056603773585
el,38,246,284,146.47887323943664
alvia,393,441,834,11.510791366906476
jacki,3518,5,3523,199.43230201532785
miloh,7,343,350,192.0
harrison,316,96050,96366,198.6883340597306
taven,52,1689,1741,188.05284319356693
lossie,1189,24,1213,192.08573784006595
madysen,2696,5,2701,199.25953350610885
nalu,33,161,194,131.95876288659792
coley,340,2021,2361,142.3972892842016
levorn,19,122,141,146.09929078014184
phillis,3677,6,3683,199.3483573174043
deloris,34683,98,34781,198.87294787383917
leilani,52640,25,52665,199.81012057343588
khaza,153,1632,1785,165.71428571428572
lorrie,17334,88,17422,197.97956606589372
bennet,73,1994,2067,185.87324625060475
wendelin,369,190,559,64.04293381037567
elli,2705,35,2740,194.8905109489051
arlen,786,7237,8023,160.8126635921725
gustie,106,5,111,181.981981981982
ireon,15,5,20,100.0
grayson,4139,123139,127278,186.99225317808262
jaice,125,781,906,144.8123620309051
ogle,10,113,123,167.47967479674796
arland,5,1799,1804,198.89135254988915
tonja,6989,5,6994,199.71404060623394
zora,9935,37,9972,198.51584436421982
adriene,2377,61,2438,189.9917965545529
ishimwe,27,23,50,16.0
reshawn,43,428,471,163.4819532908705
javonte,39,3883,3922,196.0224375318715
camani,112,15,127,152.75590551181102
eulice,5,234,239,191.63179916317992
ashtynn,344,26,370,171.8918918918919
trew,16,153,169,162.1301775147929
keilan,43,1292,1335,187.11610486891385
trhue,11,18,29,48.275862068965516
bevan,66,567,633,158.29383886255923
aileen,37293,5,37298,199.94637782186712
kwan,27,530,557,180.61041292639138
zyian,49,49,98,0.0
toshi,85,14,99,143.43434343434342
audra,25493,193,25686,196.99447169664407
roshon,60,166,226,93.80530973451327
sky,9465,4101,13566,79.08005307386112
caton,58,199,257,109.72762645914398
tennessee,959,369,1328,88.85542168674698
avary,1637,114,1751,173.9577384351799
dasmine,51,36,87,34.48275862068966
jillian,83018,227,83245,198.90924379842633
nash,135,21076,21211,197.45415114798925
ryelan,5,113,118,183.05084745762713
lily,182901,145,183046,199.6831397572195
kaylor,749,488,1237,42.19886822958771
eriel,696,99,795,150.18867924528303
hennessy,1531,62,1593,184.43188951663527
cathy,170291,343,170634,199.1959398478615
amos,64,36145,36209,199.29299345466595
mekkah,16,10,26,46.15384615384615
zakiyah,1995,7,2002,198.6013986013986
tsion,349,37,386,161.6580310880829
tarin,887,322,1209,93.46567411083541
wilfred,103,29388,29491,198.60296361601843
taris,41,122,163,99.38650306748467
ilo,712,56,768,170.83333333333331
yer,572,142,714,120.44817927170868
mykal,332,1164,1496,111.22994652406418
siu,13,5,18,88.88888888888889
valerie,270997,693,271690,198.97971953329161
serani,11,24,35,74.28571428571429
lindell,357,2435,2792,148.85386819484242
charlie,38190,181806,219996,130.56237386134293
cecile,20398,191,20589,196.2892806838603
masai,6,748,754,196.81697612732097
jomarie,464,5,469,195.73560767590618
bodee,5,683,688,197.09302325581396
zachery,38,29796,29834,199.4905141784541
jaylyn,5659,1789,7448,103.92051557465092
toren,11,932,943,195.3340402969247
cashe,68,58,126,15.873015873015872
jagger,210,7967,8177,189.7272838449309
kasai,11,627,638,193.10344827586206
masani,49,19,68,88.23529411764706
flynn,464,6378,6842,172.87342882198186
kharri,16,6,22,90.9090909090909
zailyn,312,193,505,47.12871287128713
mylo,142,3205,3347,183.02957872721842
jaimie,9544,904,10448,165.3905053598775
weston,112,70403,70515,199.36467418279798
andria,8922,60,8982,197.32798931195725
ashtin,1221,1539,2760,23.043478260869566
renlee,475,22,497,182.29376257545272
colbie,3415,373,3788,160.61246040126716
madison,414808,7852,422660,192.56896796479438
jora,123,11,134,167.1641791044776
weslee,267,1181,1448,126.24309392265194
brantly,5,854,859,197.67171129220023
maika,492,241,733,68.4856753069577
edis,41,157,198,117.17171717171718
phoenixx,54,75,129,32.55813953488372
lavalle,5,121,126,184.12698412698413
sayani,138,5,143,186.01398601398603
cloe,3860,5,3865,199.48253557567915
nazareth,1132,1151,2283,1.6644765659220324
ruey,80,10,90,155.55555555555557
baylee,21486,662,22148,188.04406718439589
buff,47,31,78,41.02564102564102
lind,90,29,119,102.52100840336134
zarian,28,369,397,171.7884130982368
arbie,137,513,650,115.6923076923077
lurie,107,16,123,147.96747967479675
windell,21,2998,3019,197.21762172904934
christina,479359,1989,481348,198.34714177684336
nixon,331,7177,7508,182.3654768247203
leyton,398,2487,2885,144.81802426343154
jovannie,11,333,344,187.2093023255814
bradyn,224,4736,4960,181.93548387096774
raekwon,6,2278,2284,198.9492119089317
damoni,454,1474,1928,105.8091286307054
justen,5,4046,4051,199.50629474203902
brinkley,1283,38,1321,188.49356548069645
dorie,1736,36,1772,191.87358916478556
ronda,34316,359,34675,195.858687815429
shelby,148382,16404,164786,160.18108334445887
tarran,39,42,81,7.4074074074074066
violet,177973,284,178257,199.36271787363188
jariyah,1162,30,1192,189.93288590604027
tamija,26,14,40,60.0
jamoni,169,276,445,48.08988764044943
jemmie,97,110,207,12.560386473429952
arron,173,8065,8238,191.59990288905072
dacotah,32,76,108,81.48148148148148
ingrid,27533,17,27550,199.75317604355718
laurent,20,1979,1999,195.99799899949974
fiori,11,6,17,58.82352941176471
rachel,572695,1791,574486,198.75297222212552
darby,8269,2927,11196,95.42693819221151
thomas,8504,2351624,2360128,198.55872223879382
jalonnie,5,36,41,151.21951219512195
jesiah,747,4112,4859,138.5058654044042
cailen,197,244,441,21.31519274376417
marie,539595,2193,541788,198.38091652085316
shana,29608,113,29721,198.479189798459
brien,5,3581,3586,199.44227551589515
parkyr,20,5,25,120.0
temani,10,10,20,0.0
xue,29,110,139,116.54676258992806
greysyn,11,143,154,171.42857142857142
cari,12747,107,12854,196.67029718375605
locklin,5,40,45,155.55555555555557
merlon,5,176,181,188.95027624309392
demetrice,1754,1657,3411,5.687481676927588
remy,7869,11694,19563,39.10443183560803
karriem,5,512,517,196.13152804642166
timi,649,5,654,196.94189602446482
avree,535,11,546,191.94139194139194
xion,65,912,977,173.38792221084952
odyssey,706,33,739,182.13802435723952
morris,483,70909,71392,197.2938144329897
sarang,65,66,131,1.5267175572519083
daveon,16,2630,2646,197.5812547241119
ariel,77823,21430,99253,113.63485234703232
azariya,327,5,332,193.97590361445782
millard,33,16733,16766,199.21269235357272
hayzen,18,308,326,177.91411042944785
deangelo,21,12179,12200,199.31147540983608
hanan,2022,139,2161,174.27117075428043
adeyemi,10,149,159,174.8427672955975
paiden,127,137,264,7.575757575757576
ravion,12,47,59,118.64406779661016
oluwadara,92,5,97,179.3814432989691
cheng,38,641,679,177.6141384388807
dedric,20,1855,1875,195.73333333333335
kely,242,10,252,184.12698412698413
irvine,5,899,904,197.78761061946904
cathleen,29912,10,29922,199.86631909631708
chappell,10,42,52,123.07692307692308
dajour,23,657,680,186.47058823529412
bess,7166,5,7171,199.72109887045042
ching,30,84,114,94.73684210526315
edna,295022,1042,296064,198.592196281885
huntley,696,994,1690,35.26627218934911
amisadai,134,5,139,185.6115107913669
muse,7,77,84,166.66666666666669
elice,242,7,249,188.7550200803213
tyjai,92,116,208,23.076923076923077
valdean,5,6,11,18.181818181818183
deanna,134391,266,134657,199.20984427099967
adisson,103,5,108,181.4814814814815
jovonne,177,28,205,145.3658536585366
fredi,86,899,985,165.0761421319797
jenna,148163,256,148419,199.31006138028152
gabrieal,18,21,39,15.384615384615385
lutrell,5,15,20,100.0
brittain,315,391,706,21.529745042492916
issa,870,2188,3058,86.20013080444735
currie,54,195,249,113.25301204819279
tinsley,4441,88,4529,192.2278648708324
najai,163,46,209,111.96172248803829
kamsiyochukwu,125,183,308,37.66233766233766
reda,1843,358,2201,134.93866424352566
king,40,37040,37080,199.56850053937433
kansas,1216,93,1309,171.58135981665396
elisah,37,102,139,93.5251798561151
ezekiel,45,78441,78486,199.77065973549423
choice,27,258,285,162.10526315789474
cyprus,21,250,271,169.00369003690037
vere,17,193,210,167.61904761904762
tajuan,7,665,672,195.83333333333331
rei,526,443,969,17.131062951496386
chozyn,138,266,404,63.366336633663366
adalid,11,141,152,171.05263157894737
aven,1606,2691,4297,50.50034908075401
deniz,891,1162,2053,26.400389673648316
stephan,229,27585,27814,196.70669447041058
locklyn,422,48,470,159.14893617021278
jaque,23,135,158,141.77215189873417
emmery,1051,44,1095,183.9269406392694
quanta,93,70,163,28.22085889570552
maddex,40,1709,1749,190.85191538021726
elite,11,66,77,142.85714285714286
demetrise,25,6,31,122.58064516129032
sayer,11,396,407,189.1891891891892
marlyn,6784,2306,9090,98.52585258525852
kylinn,257,16,273,176.55677655677655
dayl,15,5,20,100.0
lindsley,15,15,30,0.0
sae,78,5,83,175.9036144578313
brysen,6,3616,3622,199.33738266151298
camaro,19,18,37,5.405405405405405
randal,132,29174,29306,198.19832116290178
kally,1382,5,1387,198.55803893294882
indie,3953,254,4207,175.84977418588068
steven,4465,1291851,1296316,198.62224951323597
anastasia,55275,23,55298,199.83362870266558
glennis,2056,721,2777,96.14692113791861
rayven,2956,170,3126,178.2469609724888
holden,281,31358,31639,196.44742248490786
chayton,6,1863,1869,198.71589085072233
atticus,112,17107,17219,197.39822289331553
albee,15,11,26,30.76923076923077
kayl,24,210,234,158.97435897435898
storm,2634,3534,6168,29.18287937743191
aerial,1994,6,2000,198.8
hari,14,848,862,193.50348027842227
randolph,112,49402,49514,199.09520539645354
rowin,12,233,245,180.40816326530614
verle,521,1758,2279,108.55638437911365
tahj,131,3827,3958,186.7609903991915
hali,4614,10,4624,199.1349480968858
zyelle,93,5,98,179.59183673469389
myrtle,136478,498,136976,198.54573063894406
sagen,23,25,48,8.333333333333332
jahziel,15,1086,1101,194.55040871934605
marice,467,717,1184,42.22972972972973
raymond,3517,778955,782472,198.20210819045283
clemie,211,5,216,190.74074074074073
zeal,17,145,162,158.02469135802468
baraa,38,175,213,128.63849765258215
aliyah,47811,43,47854,199.64057341079115
janvier,15,17,32,12.5
carissa,28400,12,28412,199.83105729973252
dresden,183,954,1137,135.62005277044855
truett,40,3902,3942,195.94114662607814
brya,347,6,353,193.2011331444759
kaesyn,74,391,465,136.34408602150538
adriel,1091,29712,30803,185.83254877771645
graeson,15,791,806,192.5558312655087
camaree,5,11,16,75.0
callen,585,8921,9506,175.38396802019778
yovani,16,2057,2073,196.91268692715872
amerius,5,5,10,0.0
sallie,49928,135,50063,198.9213590875497
finch,5,183,188,189.36170212765958
giovannie,6,704,710,196.61971830985917
derry,137,1541,1678,167.34207389749702
aurion,30,42,72,33.33333333333333
viet,11,1085,1096,195.98540145985402
adrien,1398,9604,11002,149.17287765860752
hastings,5,68,73,172.6027397260274
sing,5,41,46,156.52173913043478
bernie,1535,9217,10752,142.89434523809524
anay,768,1238,2006,46.85942173479562
jakaylin,64,10,74,145.94594594594594
lottie,47780,133,47913,198.88965416484044
shayde,55,88,143,46.15384615384615
macel,821,5,826,197.57869249394673
raeden,96,264,360,93.33333333333333
ardie,568,517,1085,9.400921658986174
sakai,90,423,513,129.82456140350877
mcallister,11,70,81,145.679012345679
jasiah,638,8985,9623,173.48020367868648
lipa,5,1192,1197,198.32915622389308
cena,428,6,434,194.47004608294932
trea,112,385,497,109.85915492957747
brixtyn,147,93,240,45.0
pattie,9504,5,9509,199.7896729414239
kamran,10,2347,2357,198.3029274501485
taytum,3619,552,4171,147.06305442339968
kendi,634,24,658,185.41033434650456
tristan,6529,123112,129641,179.8551384207157
davionne,68,169,237,85.23206751054853
ardean,251,148,399,51.62907268170426
makiyah,3486,25,3511,197.15180860153802
karsin,45,266,311,142.12218649517686
kemper,280,1584,1864,139.91416309012877
ruthie,22271,32,22303,199.42608617674753
tone,54,45,99,18.181818181818183
cedrick,10,6307,6317,199.3667880322938
johney,6,1519,1525,198.42622950819674
jaymie,3641,463,4104,154.87329434697855
roby,118,2474,2592,181.79012345679013
ahanna,5,5,10,0.0
jadien,31,229,260,152.3076923076923
elwyn,100,3218,3318,187.94454490657023
jovany,11,4632,4643,199.0523368511738
nancy,1004171,2945,1007116,198.83032341855358
dior,5047,2029,7076,85.30243075183719
horace,202,54141,54343,198.5131479675395
rael,189,405,594,72.72727272727273
kandy,5300,5,5305,199.6229971724788
pedro,499,93393,93892,197.87415328249477
tarron,20,413,433,181.52424942263278
shawntay,695,35,730,180.82191780821915
caroll,1302,776,2078,50.62560153994225
jordis,272,6,278,191.36690647482015
garland,855,23844,24699,186.15328555811976
claude,952,91300,92252,195.87217621298183
power,22,132,154,142.85714285714286
tamika,22759,90,22849,198.42443870628912
braxton,818,63667,64485,194.92595177172987
cayson,48,6068,6116,196.86069326357097
jaiden,8254,32838,41092,119.65346052759662
kionne,15,39,54,88.88888888888889
yu,381,440,821,14.372716199756393
dasiah,168,53,221,104.07239819004526
omega,2181,791,2972,93.53970390309556
erin,316248,9455,325703,188.38819415234124
nickey,332,1663,1995,133.43358395989975
ronald,3845,1081788,1085633,198.58331498766157
daylyn,248,263,511,5.870841487279844
reshon,5,18,23,113.04347826086956
zarin,120,117,237,2.5316455696202533
cire,172,295,467,52.67665952890792
djimon,11,255,266,183.45864661654133
tabitha,59024,146,59170,199.01301335136048
alter,18,393,411,182.4817518248175
logen,168,1308,1476,154.47154471544715
haeven,161,16,177,163.8418079096045
kameron,4396,38340,42736,158.85436166229877
kamazi,7,155,162,182.71604938271605
hollice,22,55,77,85.71428571428571
arliss,801,705,1506,12.749003984063744
emra,74,6,80,170.0
ransom,10,4761,4771,199.16160134143786
azuri,915,6,921,197.39413680781757
deshun,40,1302,1342,188.0774962742176
marcy,21740,256,21996,195.34460811056556
julius,410,83851,84261,198.05366658359148
mccarty,5,5,10,0.0
rashan,66,935,1001,173.62637362637363
andy,1276,93644,94920,194.6228402865571
michaela,53303,69,53372,199.48287491568612
chalon,133,22,155,143.22580645161293
marshal,74,5451,5525,194.64253393665157
nay,11,78,89,150.56179775280899
nylen,5,103,108,181.4814814814815
aline,14624,5,14629,199.8632852553148
simranjit,70,14,84,133.33333333333331
veda,13696,5,13701,199.8540252536311
elver,49,299,348,143.67816091954023
corren,25,5,30,133.33333333333331
laverle,191,13,204,174.50980392156862
martie,1216,221,1437,138.4829505915101
farah,6114,98,6212,193.68963296844817
jazel,665,21,686,187.75510204081633
genie,2731,173,2904,176.17079889807164
lequan,5,391,396,194.94949494949495
kazari,11,14,25,24.0
orra,129,17,146,153.42465753424656
odean,377,351,728,7.142857142857142
kodi,3770,3247,7017,14.906655265783098
kenlyn,255,36,291,150.51546391752578
lorne,50,4297,4347,195.39912583390844
shaunessy,69,5,74,172.97297297297297
mitsuki,52,10,62,135.48387096774192
avett,54,741,795,172.83018867924528
dharma,618,22,640,186.25
makya,1104,93,1197,168.92230576441102
navneet,260,28,288,161.11111111111111
allie,52709,3122,55831,177.6324980745464
jasmaine,818,6,824,197.0873786407767
ridley,1269,1457,2726,13.793103448275861
renarda,141,5,146,186.3013698630137
cuyler,10,738,748,194.6524064171123
willow,60285,442,60727,197.0886096793848
lyrick,150,179,329,17.62917933130699
burnett,282,1561,1843,138.79544221378188
fable,261,22,283,168.90459363957598
foster,272,12858,13130,191.7136329017517
laeken,5,5,10,0.0
cedric,278,41889,42167,197.36286669670596
jacori,12,1041,1053,195.44159544159544
johne,5,63,68,170.58823529411765
duane,1014,115384,116398,196.51540404474304
rion,313,1479,1792,130.13392857142858
lemoyne,62,357,419,140.81145584725536
knightley,102,33,135,102.22222222222221
lawayne,10,560,570,192.98245614035088
ameri,271,42,313,146.3258785942492
vernie,3958,2760,6718,35.665376600178625
saleh,6,1720,1726,198.60950173812282
aviance,469,13,482,189.2116182572614
elvie,2666,725,3391,114.47950457092304
joon,63,472,535,152.89719626168224
hillery,495,501,996,1.2048192771084338
fonnie,147,39,186,116.12903225806453
albie,119,268,387,77.00258397932816
waylen,63,2260,2323,189.15195867412828
tommye,1456,52,1508,186.20689655172413
yinessa,6,5,11,18.181818181818183
mardy,66,219,285,107.36842105263158
mykah,1344,1073,2417,22.4244931733554
jaidon,65,1411,1476,182.38482384823848
aero,118,524,642,126.4797507788162
spencer,5461,123013,128474,182.9973379827825
kyndle,522,12,534,191.01123595505618
joanny,201,5,206,190.29126213592232
haley,159187,836,160023,197.9103003943183
kiyoshi,15,1217,1232,195.12987012987014
reecie,60,5,65,169.23076923076923
reeve,233,911,1144,118.53146853146855
yari,542,57,599,161.93656093489147
garner,54,2263,2317,190.67760034527404
ryden,43,1797,1840,190.65217391304347
lupe,18615,6018,24633,102.27743271221532
phorever,6,5,11,18.181818181818183
gunnar,22,17693,17715,199.5032458368614
lataurus,5,52,57,164.91228070175438
loran,817,3714,4531,127.8746413595233
brit,147,628,775,124.12903225806451
sadio,5,5,10,0.0
ayat,1568,23,1591,194.21747328724072
norvell,117,1158,1275,163.29411764705884
sharman,1014,28,1042,189.2514395393474
ronit,341,554,895,47.59776536312849
petra,14398,67,14465,198.14725198755616
kenyatta,4255,3216,7471,27.814214964529516
yariel,10,1952,1962,197.96126401630988
shine,252,255,507,1.183431952662722
adetokunbo,5,104,109,181.65137614678898
isiah,11,24587,24598,199.82112366859096
christa,32824,27,32851,199.67124288453928
cy,23,3846,3869,197.62212457999485
jama,1552,101,1653,175.55958862673927
masada,5,6,11,18.181818181818183
jeree,202,5,207,190.33816425120773
tranell,40,98,138,84.05797101449275
marte,35,139,174,119.54022988505749
brookes,44,108,152,84.21052631578947
shaton,101,10,111,163.96396396396395
oshea,61,1173,1234,180.22690437601295
saundra,17851,11,17862,199.7536670025753
tyrion,7,741,748,196.2566844919786
rashaan,28,1182,1210,190.74380165289256
olanda,80,111,191,32.460732984293195
kazumi,32,111,143,110.48951048951048
chadwick,22,13250,13272,199.33694996986137
stokely,20,151,171,153.21637426900585
buddie,5,1496,1501,198.66755496335776
latasha,30211,114,30325,198.49629018961252
shara,4939,5,4944,199.59546925566343
lex,15,3934,3949,198.48062800709042
elsie,187819,886,188705,198.12193635568744
dona,18852,175,19027,196.3210175014453
la,1442,314,1756,128.4738041002278
bahati,72,5,77,174.02597402597402
layla,123729,109,123838,199.6479271306061
aleph,5,146,151,186.75496688741723
anwar,103,2723,2826,185.42108987968862
ely,600,4422,5022,152.21027479091995
brae,203,143,346,34.68208092485549
uchechukwu,24,145,169,143.19526627218934
kylar,1012,2017,3029,66.35853416969297
ta,207,30,237,149.36708860759492
cash,127,26512,26639,198.09302150981642
adrienne,68234,400,68634,197.66879389224
aniston,2525,24,2549,196.23381718320908
alesha,7534,6,7540,199.68169761273208
laroyce,41,55,96,29.166666666666668
trystan,660,4494,5154,148.77764842840514
journee,16931,172,17103,195.97731392153423
adrean,410,799,1209,64.35070306038048
calyx,45,169,214,115.88785046728971
earnest,726,58366,59092,195.08562918838422
rockie,116,943,1059,156.18508026440037
stevee,398,11,409,189.24205378973105
reice,7,112,119,176.47058823529412
van,1754,29195,30949,177.33044686419595
mannie,505,1054,1559,70.42976266837717
renato,6,3249,3255,199.26267281105993
kiah,3269,264,3533,170.11038777243138
johnell,355,1234,1589,110.63561988672122
jann,2138,143,2281,174.92327926348094
glenny,25,16,41,43.90243902439025
hendrix,813,12605,13418,175.76389923982708
wysdom,48,22,70,74.28571428571429
emersen,1002,126,1128,155.3191489361702
kindel,66,5,71,171.83098591549296
justice,18597,19702,38299,5.770385649755868
peris,22,6,28,114.28571428571428
brooklynn,37512,31,37543,199.66971206350053
jovann,6,114,120,180.0
selma,26820,321,27141,195.2691499944733
tehran,5,119,124,183.8709677419355
prince,550,22884,23434,190.611931381753
jaelynn,9228,154,9382,193.43423577062458
mali,1368,81,1449,177.63975155279502
ryker,546,39175,39721,194.50164900178746
kiran,1859,3009,4868,47.247329498767456
joie,2907,242,3149,169.26008256589392
gordon,670,154697,155367,198.27505197371386
jodie,27395,3651,31046,152.96012368743155
joda,95,17,112,139.28571428571428
irving,85,44273,44358,199.23350917534606
jaylene,9968,75,10043,197.01284476749976
poppy,8477,5,8482,199.76420655505777
jaelen,217,1390,1607,145.9863098942128
kou,33,691,724,181.76795580110496
mamie,77887,278,78165,198.57736838738566
kristie,38353,44,38397,199.54163085657734
westin,21,7015,7036,198.80613985218872
mori,75,40,115,60.86956521739131
korie,2461,492,2953,133.35590924483574
cagney,186,105,291,55.670103092783506
kastyn,22,49,71,76.05633802816901
amilliyon,5,6,11,18.181818181818183
les,32,3437,3469,196.31017584318246
rigel,10,613,623,193.57945425361157
dyon,5,206,211,190.521327014218
akemi,904,5,909,197.79977997799782
del,672,4289,4961,145.8173755291272
ynes,16,23,39,35.8974358974359
nettie,49419,88,49507,199.28898943583735
emil,134,32939,33073,198.3793426662232
ashlyn,47768,54,47822,199.5483250386851
lugene,665,747,1412,11.614730878186968
reed,907,35284,36191,189.97540825067006
verlyn,488,1432,1920,98.33333333333333
adrienn,27,7,34,117.64705882352942
gayl,607,15,622,190.35369774919616
syncere,652,2962,3614,127.83619258439403
dimon,49,10,59,132.20338983050848
kaydynn,5,6,11,18.181818181818183
katrina,101407,238,101645,199.0634069555807
breslin,164,151,315,8.253968253968253
delancy,21,5,26,123.07692307692308
tiegan,305,88,393,110.43256997455471
zacharia,22,1719,1741,194.94543365881677
effie,44171,241,44412,197.8294154732955
samer,5,1443,1448,198.61878453038676
lane,4503,46173,50676,164.45654747809616
si,19,166,185,158.9189189189189
amory,622,668,1290,7.131782945736434
rolanda,3386,31,3417,196.3710857477319
raimi,67,5,72,172.22222222222223
ramee,7,6,13,15.384615384615385
kenni,322,10,332,187.95180722891567
jakhari,20,1029,1049,192.37368922783605
toshua,129,55,184,80.43478260869566
aiko,1720,87,1807,180.7415605976757
kyann,371,10,381,189.501312335958
fabian,327,43590,43917,197.02165448459596
ferris,307,2798,3105,160.45088566827695
trishawn,12,10,22,18.181818181818183
makenzie,44603,301,44904,197.31872438980938
kameren,83,637,720,153.88888888888889
kahlani,1901,7,1908,198.53249475890985
endy,15,526,541,188.90942698706098
shenan,27,25,52,7.6923076923076925
mian,35,74,109,71.55963302752293
imogene,27831,55,27886,199.21107365703222
delma,8454,1447,9901,141.54125845874154
jassiah,17,343,360,181.11111111111111
lamonica,1662,6,1668,198.5611510791367
jovonnie,6,38,44,145.45454545454547
manveer,10,231,241,183.40248962655602
kamaree,192,372,564,63.829787234042556
zane,564,55591,56155,195.98254830380196
blair,21459,14939,36398,35.82614429364251
zyien,12,60,72,133.33333333333331
lanis,58,182,240,103.33333333333334
kensington,2889,161,3050,178.88524590163934
rhema,1155,20,1175,193.1914893617021
marquel,248,2699,2947,166.3386494740414
britan,11,26,37,81.08108108108108
kiptyn,22,736,758,188.3905013192612
tresor,10,20,30,66.66666666666666
shivaya,5,5,10,0.0
lasalle,16,400,416,184.6153846153846
harris,183,16322,16505,195.56498030899726
aliza,11546,5,11551,199.8268548177647
kaidance,465,6,471,194.9044585987261
deshonte,6,5,11,18.181818181818183
ekam,156,490,646,103.40557275541795
dashane,5,10,15,66.66666666666666
westyn,204,2741,2945,172.29202037351442
vishwa,16,254,270,176.2962962962963
real,26,395,421,175.29691211401425
prestin,5,734,739,197.2936400541272
tasnim,817,10,827,195.1632406287787
aires,27,98,125,113.6
khiari,29,26,55,10.909090909090908
haze,100,1105,1205,166.80497925311204
tricia,40122,88,40210,199.1245958716737
charm,1061,57,1118,179.60644007155636
lakyn,2959,127,3086,183.53856124432923
tyshaun,5,1968,1973,198.9863152559554
leshon,28,80,108,96.29629629629629
kanon,158,1495,1653,161.7664851784634
arlington,108,1570,1678,174.25506555423124
divya,2646,16,2662,197.59579263711495
demarie,114,69,183,49.18032786885246
trinidy,840,33,873,184.87972508591065
kelyn,428,329,757,26.1558784676354
yohanan,10,111,121,166.94214876033058
dan,566,106473,107039,197.88488307999887
sade,9887,113,10000,195.48000000000002
omar,456,105100,105556,198.27200727575885
kashka,16,12,28,28.57142857142857
sinceer,11,15,26,30.76923076923077
emarie,1441,5,1446,198.61687413554634
hilary,24144,2197,26341,166.63756121635473
lyric,20418,4544,24962,127.18532168896724
carlyle,215,3836,4051,178.77067390767712
ari,7179,19781,26960,93.486646884273
emanuel,99,54222,54321,199.27100016568178
ozzy,283,3628,3911,171.0559959089747
gursimran,25,6,31,122.58064516129032
rowyn,2917,726,3643,120.28547900082349
randie,1541,517,2058,99.51409135082604
elma,21669,483,22152,191.27843986998917
cannon,229,10602,10831,191.5427938325178
larelle,20,14,34,35.294117647058826
bradie,565,201,766,95.03916449086162
delorian,10,43,53,124.52830188679245
lindsay,130283,5136,135419,184.82930755654672
lenore,22870,6,22876,199.8950865535933
michaell,5,414,419,195.22673031026252
jori,2204,196,2400,167.33333333333334
eddye,294,6,300,192.0
clinnie,6,5,11,18.181818181818183
ronnell,183,2355,2538,171.15839243498817
karrington,1420,298,1718,130.61699650756694
cedell,5,60,65,169.23076923076923
shamarr,5,299,304,193.42105263157893
caelyn,2396,5,2401,199.16701374427322
erika,125442,548,125990,198.26017937931582
kayon,6,340,346,193.0635838150289
oluwajomiloju,29,39,68,29.411764705882355
cleophas,23,960,983,190.6408952187182
tevyn,5,288,293,193.17406143344712
nealie,776,17,793,191.4249684741488
doua,28,39,67,32.83582089552239
aerys,16,49,65,101.53846153846153
kierre,94,428,522,127.96934865900383
bright,36,386,422,165.87677725118485
raiden,442,11933,12375,185.71313131313133
toya,3969,23,3992,197.69539078156313
nghia,5,211,216,190.74074074074073
diya,4959,12,4971,199.03439951719977
norell,64,15,79,124.0506329113924
andrae,41,2111,2152,192.37918215613382
wardell,36,4290,4326,196.6712898751734
kippie,32,11,43,97.67441860465115
dayo,5,11,16,75.0
bertice,175,44,219,119.63470319634703
darcey,2059,94,2153,182.5359962842545
karey,2187,584,2771,115.69830386142186
ryen,1044,1324,2368,23.64864864864865
kito,11,160,171,174.26900584795322
rabab,153,8,161,180.12422360248448
jamieson,78,1612,1690,181.53846153846155
skylar,85585,18158,103743,129.98852934655832
rosetta,28110,44,28154,199.37486680400653
luise,581,5,586,196.58703071672355
fela,45,5,50,160.0
anaiah,3126,18,3144,197.70992366412216
cara,53135,62,53197,199.53380829746038
kamille,5538,5,5543,199.63918455709904
delmar,134,14227,14361,196.267669382355
lissette,7476,5,7481,199.7326560620238
malani,6283,5,6288,199.68193384223918
keonta,64,433,497,148.49094567404427
britten,354,529,883,39.637599093997736
bettie,38385,83,38468,199.13694499324112
domnique,138,71,209,64.11483253588517
nakhari,6,19,25,104.0
hyatt,39,397,436,164.2201834862385
gary,3285,901938,905223,198.5484239795056
apollo,12,8282,8294,199.4212683867856
tylen,20,1737,1757,195.4467842914058
leonor,6091,10,6101,199.34436977544664
savonne,26,5,31,135.48387096774192
corban,11,3549,3560,198.76404494382024
kailani,11553,45,11598,198.44800827728918
haziel,5,1383,1388,198.55907780979828
taylyn,918,45,963,181.30841121495328
dyami,5,366,371,194.60916442048517
kiko,113,147,260,26.153846153846157
adonis,101,20117,20218,198.0017805915521
ogheneruno,6,23,29,117.24137931034481
landis,261,2287,2548,159.02668759811618
glenda,109205,295,109500,198.92237442922374
rook,25,636,661,184.8714069591528
neriah,3289,85,3374,189.922940130409
jance,5,78,83,175.9036144578313
dustin,1380,207972,209352,197.36329244525965
kirby,3898,14497,18395,115.23783636857843
jenson,27,2707,2734,196.0497439648866
jansyn,25,18,43,32.55813953488372
mackie,592,1023,1615,53.37461300309597
todd,1060,282235,283295,198.50332692070103
tamboura,5,12,17,82.35294117647058
beau,951,60409,61360,193.80052151238593
domingue,68,19,87,112.64367816091954
rocio,13287,426,13713,187.57383504703566
kemet,12,174,186,174.19354838709677
wilmar,16,590,606,189.43894389438944
rem,10,16,26,46.15384615384615
ember,20670,389,21059,192.61123510138182
cesar,315,77992,78307,198.39094844649904
tiera,4070,6,4076,199.41118743866534
maze,167,297,464,56.03448275862068
emerald,9146,505,9651,179.06952647394053
amirie,46,15,61,101.63934426229508
maribel,24742,185,24927,197.0313314879448
jalisa,6167,6,6173,199.61121010853716
keighan,34,155,189,128.04232804232805
unk,17,37,54,74.07407407407408
dayle,2181,1139,3320,62.77108433734939
lyne,202,5,207,190.33816425120773
narayana,5,17,22,109.09090909090908
riese,44,64,108,37.03703703703704
happy,259,303,562,15.658362989323843
chavez,8,868,876,196.34703196347033
tomika,2781,5,2786,199.28212491026562
elya,244,379,623,43.33868378812199
kaydian,5,11,16,75.0
aree,55,5,60,166.66666666666669
shermain,5,5,10,0.0
vershawn,5,80,85,176.47058823529412
kalani,9471,2216,11687,124.1550440660563
lila,74807,57,74864,199.6954477452447
larkin,1977,2486,4463,22.8097692135335
ilham,255,22,277,168.23104693140795
halcyon,85,11,96,154.16666666666669
mikie,42,240,282,140.4255319148936
anush,5,85,90,177.77777777777777
navada,121,6,127,181.1023622047244
mj,42,166,208,119.23076923076923
lunar,15,6,21,85.71428571428571
hilliary,303,5,308,193.5064935064935
rehan,21,1421,1442,194.1747572815534
meghan,96398,227,96625,199.06028460543337
christopher,9507,2064796,2074303,198.16670949229695
perfect,31,12,43,88.37209302325581
katriel,403,31,434,171.42857142857142
harley,30410,40499,70909,28.45619032844914
casy,86,122,208,34.61538461538461
jailynn,2267,44,2311,192.38424924275205
laetyn,15,10,25,40.0
money,68,41,109,49.54128440366973
skylr,16,11,27,37.03703703703704
imena,21,10,31,70.96774193548387
billee,614,5,619,196.76898222940227
davone,15,568,583,189.7084048027444
rathana,13,51,64,118.75
turner,384,9794,10178,184.90862644920415
keyonte,21,532,553,184.81012658227849
foreign,10,22,32,75.0
chandra,17282,66,17348,198.47821074475445
mofetoluwa,5,5,10,0.0
finnegan,93,12441,12534,197.03207276208713
goodness,45,16,61,95.08196721311475
wei,79,283,362,112.70718232044199
francisca,12525,61,12586,198.06133799459718
desmone,6,41,47,148.93617021276594
aquilla,986,121,1107,156.27822944896116
jacole,127,5,132,184.84848484848484
deanie,729,20,749,189.31909212283045
derby,10,29,39,97.43589743589743
kailey,27089,10,27099,199.85239307723532
korey,1413,11393,12806,155.86443854443232
login,11,126,137,167.8832116788321
ondra,28,92,120,106.66666666666667
emri,577,60,637,162.32339089481945
maura,19839,5,19844,199.89921386817173
marvel,5181,1352,6533,117.2202663401194
tylann,5,44,49,159.18367346938774
quinta,201,41,242,132.2314049586777
rojan,6,11,17,58.82352941176471
gracen,2212,1255,3467,55.20623017017594
huntlee,215,166,381,25.72178477690289
dois,59,96,155,47.74193548387097
rexie,38,32,70,17.142857142857142
merley,10,5,15,66.66666666666666
oshun,190,39,229,131.87772925764193
auguste,28,439,467,176.017130620985
abril,9123,5,9128,199.7808939526731
teddy,1719,33321,35040,180.37671232876713
ameya,914,197,1111,129.07290729072906
terin,343,181,524,61.832061068702295
winn,39,327,366,157.37704918032787
anhad,32,176,208,138.46153846153845
jamal,266,33063,33329,196.80758498604817
chaffee,5,5,10,0.0
marshall,1157,96459,97616,195.25897393869857
eileen,189170,406,189576,199.14335147909017
doniel,7,404,411,193.1873479318735
korbyn,748,3399,4147,127.85145888594165
kosisochukwu,121,98,219,21.00456621004566
tara,175490,543,176033,198.76614043957667
nitya,1092,10,1102,196.37023593466424
khanh,299,414,713,32.25806451612903
lakin,1899,438,2337,125.03209242618742
julis,5,221,226,191.1504424778761
every,10,10,20,0.0
chun,22,98,120,126.66666666666666
yury,190,17,207,167.1497584541063
devan,5161,13586,18747,89.88104763428815
vann,24,2033,2057,195.33300923675253
irma,73717,252,73969,198.6372669631873
deshannon,193,114,307,51.465798045602604
maveryk,5,221,226,191.1504424778761
remi,20840,3861,24701,137.47621553783247
wynne,1678,167,1845,163.7940379403794
justina,12203,6,12209,199.80342370382505
fernell,5,6,11,18.181818181818183
alexandre,145,5177,5322,189.10184141300263
kenyata,820,306,1126,91.29662522202486
mati,72,67,139,7.194244604316546
kaylin,19178,620,19798,187.47348216991614
demani,174,571,745,106.57718120805369
autumn,143134,330,143464,199.07990854848603
aurel,33,195,228,142.10526315789474
jacquis,10,77,87,154.02298850574712
arturo,209,56633,56842,198.52925653566024
azaiah,143,1614,1757,167.4445076835515
elliot,6765,56169,62934,157.0025741252741
melva,14155,30,14185,199.15403595347198
carly,66214,160,66374,199.03576701720553
sevin,122,490,612,120.26143790849673
vivion,82,10,92,156.52173913043478
scottie,4587,10895,15482,81.48817982172845
collin,519,80817,81336,197.44762466804366
willis,822,52283,53105,193.80849260898222
irvin,75,39840,39915,199.24840285606916
page,3949,1538,5487,87.88044468744305
tamryn,398,15,413,185.4721549636804
julio,422,63334,63756,197.3524060480582
ersel,88,264,352,100.0
chasity,24381,23,24404,199.6230126208818
murtha,5,5,10,0.0
ollie,41560,17414,58974,81.88693322481093
rodell,11,807,818,194.62102689486554
jerriah,130,5,135,185.1851851851852
courtlin,13,51,64,118.75
kes,33,5,38,147.36842105263156
saidi,81,11,92,152.17391304347828
felton,5,6588,6593,199.69664795995755
dylen,22,1032,1054,191.65085388994308
brion,89,2798,2887,187.6688604087288
recie,147,5,152,186.8421052631579
margie,105986,403,106389,198.48480575999398
deylin,102,42,144,83.33333333333334
tayde,27,5,32,137.5
shadee,91,73,164,21.951219512195124
hudsyn,645,575,1220,11.475409836065573
jerell,5,1671,1676,198.80668257756565
renay,1936,24,1960,195.10204081632654
sara,434598,1248,435846,198.8546413182638
brianne,20451,31,20482,199.39459037203397
shante,5814,216,6030,185.67164179104478
keeley,6556,49,6605,197.0325510976533
jadiah,31,65,96,70.83333333333334
charo,238,6,244,190.1639344262295
asai,12,256,268,182.08955223880596
kaicyn,5,68,73,172.6027397260274
kyle,8915,485170,494085,192.78261837538076
dalyn,389,904,1293,79.65970610982211
delon,38,1361,1399,189.1350964974982
lexin,6,28,34,129.41176470588235
jalin,471,1787,2258,116.56333038086804
brean,144,10,154,174.02597402597402
amzi,10,26,36,88.88888888888889
airyn,135,5,140,185.71428571428572
raja,376,850,1226,77.32463295269169
iraj,16,19,35,17.142857142857142
teren,57,122,179,72.62569832402235
yuriah,86,76,162,12.345679012345679
cyler,5,646,651,196.92780337941628
journey,20095,1929,22024,164.9654921903378
lauren,474797,5818,480615,195.15787064490289
kalin,1519,1883,3402,21.39917695473251
aydyn,11,390,401,189.02743142144638
juda,162,367,529,77.50472589792061
eniko,35,6,41,141.46341463414635
tayten,94,582,676,144.3786982248521
mazikeen,1414,11,1425,196.91228070175438
elmore,10,3957,3967,198.99168137131335
christi,20910,22,20932,199.5795910567552
rayne,7734,1270,9004,143.58063083074188
kaelan,431,1501,1932,110.76604554865423
carley,16859,410,17269,190.50321385141004
jaraiya,11,25,36,77.77777777777779
carron,459,98,557,129.62298025134652
atley,825,605,1430,30.76923076923077
ryin,84,67,151,22.516556291390728
brandie,15838,29,15867,199.26892292178735
sheril,704,5,709,197.17912552891397
ridwan,37,670,707,179.06647807637907
aaden,5,5064,5069,199.6054448609193
tramine,5,30,35,142.85714285714286
mose,55,7905,7960,197.23618090452263
savior,20,668,688,188.37209302325581
hala,1756,7,1763,198.4117980714691
aideen,140,60,200,80.0
izaiah,10,14453,14463,199.7234322063196
jakori,10,582,592,193.24324324324326
chayne,25,240,265,162.26415094339623
zoah,32,13,45,84.44444444444444
zackery,5,17715,17720,199.88713318284422
cheryl,439502,978,440480,199.11187795132582
haydn,397,1830,2227,128.69330938482264
arda,332,522,854,44.49648711943794
adoniyah,12,6,18,66.66666666666666
deveraux,5,34,39,148.71794871794873
kam,385,935,1320,83.33333333333334
domineque,26,15,41,53.65853658536586
adisa,117,80,197,37.56345177664975
teva,144,16,160,160.0
roger,1688,441840,443528,198.4776609368518
jaiyden,5,177,182,189.010989010989
myrna,31700,42,31742,199.47073278306345
maddon,5,394,399,194.9874686716792
cleo,33044,11508,44552,96.67803914526844
kevin,5333,1182874,1188207,198.20468992355708
willy,116,3910,4026,188.474913065077
rani,1879,215,2094,158.93027698185293
gates,44,434,478,163.17991631799163
emel,21,6,27,111.11111111111111
bayly,51,12,63,123.80952380952381
jernell,22,5,27,125.92592592592592
vaughan,22,1610,1632,194.6078431372549
macie,22762,31,22793,199.45597332514367
anne,324648,827,325475,198.98363929641295
brighton,2078,2929,5007,33.992410625124826
pryce,50,1234,1284,184.42367601246104
vernel,85,249,334,98.20359281437125
shanga,5,36,41,151.21951219512195
jeanine,23806,11,23817,199.81525800898518
dilan,104,5723,5827,192.8608203192037
peniel,166,163,329,1.82370820668693
narada,7,201,208,186.53846153846155
kole,65,9623,9688,197.3162675474814
tex,11,2087,2098,197.90276453765492
pier,364,119,483,101.44927536231884
mohammad,10,16648,16658,199.75987513507022
bettye,22920,47,22967,199.18143423172378
gerren,38,552,590,174.23728813559322
gillian,16011,68,16079,198.30835250948442
tremaine,288,4499,4787,175.93482348025904
juanito,5,1169,1174,198.29642248722317
pierre,74,18908,18982,198.44062796333367
mercedes,46052,369,46421,196.8204045582818
leven,10,229,239,183.26359832635984
artee,10,26,36,88.88888888888889
waverley,226,11,237,181.43459915611814
wannie,39,11,50,112.00000000000001
mesiah,5,478,483,195.8592132505176
terry,96944,424330,521274,125.60994793525093
kendle,339,189,528,56.81818181818182
jaior,29,16,45,57.77777777777777
lake,895,2913,3808,105.9873949579832
agustin,21,16082,16103,199.47835806992487
berklee,1191,27,1218,191.13300492610838
birt,5,268,273,192.67399267399267
kinta,14,73,87,135.63218390804596
chimere,824,5,829,197.58745476477685
moshe,21,17266,17287,199.51408572916066
kelsey,150075,5308,155383,186.33569952954957
kyre,35,636,671,179.13561847988078
revyn,18,42,60,80.0
cynthia,711201,1960,713161,198.900668993397
daniel,8268,1974589,1982857,198.33210362623225
leila,54226,11,54237,199.91887456902114
toney,194,6410,6604,188.2495457298607
audrie,4075,5,4080,199.50980392156862
braidy,17,6,23,95.65217391304348
bev,998,5,1003,198.0059820538385
jaydeen,77,179,256,79.6875
meyer,200,5304,5504,185.46511627906978
adoniah,56,48,104,15.384615384615385
abigael,1937,5,1942,198.97013388259526
solar,97,91,188,6.382978723404255
shadon,44,33,77,28.57142857142857
omani,80,64,144,22.22222222222222
junah,22,103,125,129.6
fernie,11,344,355,187.6056338028169
sanjaya,13,36,49,93.87755102040816
fynlee,406,5,411,195.1338199513382
rylynn,2977,114,3091,185.2474927208023
lani,7241,183,7424,190.14008620689654
cassius,29,9230,9259,198.74716492061776
santonia,10,11,21,9.523809523809524
kaye,13185,503,13688,185.3009935710111
atta,10,12,22,18.181818181818183
brenin,5,195,200,190.0
tierre,117,380,497,105.83501006036218
keylen,255,329,584,25.34246575342466
zepplyn,28,6,34,129.41176470588235
jariel,39,2135,2174,192.82428702851885
vester,662,2566,3228,117.96778190830236
roland,362,100364,100726,198.5624367094891
sanay,24,142,166,142.16867469879517
oshian,5,5,10,0.0
cinthia,6124,6,6130,199.6084828711256
erza,318,97,415,106.50602409638554
chaz,165,9887,10052,193.4341424592121
mel,492,3683,4175,152.86227544910182
lucy,230743,636,231379,198.90050523167616
ravi,5,3444,3449,199.42012177442737
yaqeen,49,22,71,76.05633802816901
hannah,461647,721,462368,199.37625441207004
kyland,10,832,842,195.24940617577198
johnel,5,247,252,192.06349206349208
torrin,100,914,1014,160.55226824457594
cosmo,6,2869,2875,199.16521739130434
arieon,66,139,205,71.21951219512195
roi,51,345,396,148.4848484848485
redding,11,313,324,186.41975308641975
ura,508,70,578,151.55709342560553
ramzi,10,838,848,195.2830188679245
murphy,3900,8144,12044,70.47492527399535
aleksey,10,559,569,192.9701230228471
zaylynn,416,79,495,136.16161616161617
loghan,609,558,1167,8.740359897172237
williams,24,6086,6110,198.42880523731588
misbah,135,21,156,146.15384615384613
therese,35507,5,35512,199.94368100923631
kenley,7163,1143,8306,144.95545388875513
kelin,321,478,799,39.2991239048811
knoxley,75,69,144,8.333333333333332
matteson,110,10,120,166.66666666666669
rajae,22,42,64,62.5
manhattan,85,5,90,177.77777777777777
samone,2210,5,2215,199.09706546275393
china,4600,10,4610,199.13232104121474
jaquese,31,79,110,87.27272727272727
hutton,46,619,665,172.3308270676692
sri,104,5,109,181.65137614678898
kimani,1664,1726,3390,3.657817109144543
lachon,45,5,50,160.0
sheldyn,12,11,23,8.695652173913043
holloway,6,20,26,107.6923076923077
donald,5561,1414419,1419980,198.4334990633671
sharn,23,26,49,12.244897959183673
yandi,13,5,18,88.88888888888889
amanpreet,125,34,159,114.46540880503144
rebecca,755083,2115,757198,198.88272288093737
lindy,8764,1776,10540,132.59962049335863
tayler,11147,2562,13709,125.24618863520315
steely,179,5,184,189.1304347826087
shylo,661,196,857,108.51808634772462
tyran,56,2269,2325,190.36559139784944
nouri,115,45,160,87.5
ryley,3302,3826,7128,14.702581369248035
cason,75,11015,11090,197.29486023444545
billye,3360,112,3472,187.09677419354838
connor,1702,232322,234024,197.0908966601716
diore,86,5,91,178.02197802197801
nkosi,7,367,374,192.5133689839572
sherill,1019,61,1080,177.40740740740742
daryen,14,38,52,92.3076923076923
khaalis,5,35,40,150.0
leticia,42860,215,43075,198.00348229831687
jacquay,13,17,30,26.666666666666668
amir,496,52416,52912,196.25037798609011
auren,40,88,128,75.0
maike,5,5,10,0.0
shanne,48,37,85,25.882352941176475
myca,304,35,339,158.70206489675516
deana,23449,14,23463,199.76132634360482
daloni,71,6,77,168.8311688311688
brentley,293,4167,4460,173.7219730941704
kapri,1427,139,1566,164.49553001277138
rawlings,141,150,291,6.185567010309279
danner,5,396,401,195.01246882793018
chizaram,386,11,397,188.9168765743073
daryian,11,6,17,58.82352941176471
sydney,177413,9383,186796,179.90749266579584
elian,103,12815,12918,196.81065180368478
virl,27,196,223,151.5695067264574
gio,34,1373,1407,190.33404406538733
navjot,108,99,207,8.695652173913043
dao,88,194,282,75.177304964539
kody,860,23556,24416,185.910878112713
keary,104,580,684,139.1812865497076
elza,823,2111,2934,87.79822767552828
yaritza,8371,5,8376,199.76122254059217
isabelle,105918,20,105938,199.9244841322283
dynver,350,53,403,147.39454094292802
wild,7,40,47,140.4255319148936
chriss,150,520,670,110.44776119402985
hesed,11,25,36,77.77777777777779
hero,214,739,953,110.17838405036726
blaney,7,5,12,33.33333333333333
beulah,73232,213,73445,198.8399482606032
jireth,35,6,41,141.46341463414635
jode,146,25,171,141.52046783625732
zellie,256,5,261,192.33716475095787
tashan,10,123,133,169.9248120300752
ihsaan,5,80,85,176.47058823529412
ellen,275048,745,275793,198.91947946467096
anoop,36,211,247,141.7004048582996
maziah,166,140,306,16.99346405228758
alisha,56811,131,56942,199.07976537529416
chevis,11,264,275,184.0
jadean,15,5,20,100.0
shanell,4702,12,4714,198.9817564700891
burnice,1593,1333,2926,17.771701982228297
isia,68,5,73,172.6027397260274
rachael,82440,181,82621,199.12370946853707
nassim,21,277,298,171.81208053691276
kermit,27,16440,16467,199.34414283111678
mckinley,12700,9756,22456,26.220163876024227
winslow,736,1744,2480,81.29032258064515
okla,238,16,254,174.8031496062992
elgin,43,3952,3995,195.69461827284104
haiven,329,28,357,168.62745098039215
shontay,567,10,577,193.06759098786827
shire,32,6,38,136.8421052631579
lizette,12093,5,12098,199.83468341874692
ernie,714,16501,17215,183.40981702004066
moran,5,52,57,164.91228070175438
yamani,61,5,66,169.6969696969697
zyree,21,143,164,148.78048780487805
tyrian,6,238,244,190.1639344262295
oluremi,5,5,10,0.0
rashone,6,28,34,129.41176470588235
keron,76,970,1046,170.93690248565966
maci,20986,6,20992,199.8856707317073
nephtali,6,132,138,182.6086956521739
mclean,21,348,369,177.2357723577236
kaisyn,223,774,997,110.53159478435306
zohar,191,110,301,53.820598006644516
lorien,915,24,939,189.77635782747603
terri,146095,914,147009,197.5130774306335
lizbeth,25745,31,25776,199.51893234016137
erwin,49,21153,21202,199.07555890953682
yi,172,289,461,50.759219088937094
bryse,6,159,165,185.45454545454544
luther,435,66862,67297,197.414446409201
pinkey,579,6,585,195.89743589743588
enzi,38,119,157,103.18471337579618
roney,5,883,888,197.74774774774775
maria,563139,4272,567411,196.98842637876248
sekai,82,227,309,93.85113268608414
cairi,33,10,43,106.9767441860465
emlyn,457,10,467,191.43468950749465
ashlan,1018,68,1086,174.95395948434623
warren,962,183044,184006,197.90876384465724
laddie,92,1644,1736,178.80184331797236
nevada,3148,710,3858,126.38672887506479
kionte,16,233,249,174.29718875502007
miciah,245,285,530,15.09433962264151
montea,5,5,10,0.0
zariah,13462,137,13599,195.97029193323038
yubin,10,5,15,66.66666666666666
alvah,72,1808,1880,184.68085106382978
dorin,21,144,165,149.0909090909091
ayana,11888,5,11893,199.83183385184563
ryne,31,4355,4386,197.17282261741906
jamye,835,12,847,194.33293978748526
hallie,38107,1335,39442,186.4611328025962
dayan,199,514,713,88.35904628330997
marisa,48683,66,48749,199.45845042975242
shanan,745,123,868,143.3179723502304
mina,18772,657,19429,186.47382778321065
alexix,36,5,41,151.21951219512195
gem,209,5,214,190.65420560747663
jantzen,14,698,712,192.13483146067415
philip,1137,343458,344595,198.680189788012
laityn,246,13,259,179.9227799227799
jovanie,11,367,378,188.35978835978835
donyale,354,79,433,127.02078521939954
madyx,61,104,165,52.121212121212125
zaelyn,321,370,691,14.182344428364688
rommy,9,36,45,120.0
yang,47,291,338,144.3786982248521
kara,101514,282,101796,198.89190144995874
alaina,49201,6,49207,199.95122645152114
rowen,2487,7544,10031,100.82743495164988
verdis,69,166,235,82.5531914893617
zenas,5,442,447,195.52572706935123
kailoh,5,44,49,159.18367346938774
ken,25,32979,33004,199.69700642346382
haidan,6,61,67,164.17910447761196
jontae,179,865,1044,131.4176245210728
aziel,61,6742,6803,196.41334705277083
earsel,13,145,158,167.08860759493672
chavon,671,55,726,169.6969696969697
ashanti,12486,767,13253,176.85052440956767
shing,5,5,10,0.0
challie,5,5,10,0.0
iesha,7452,15,7467,199.19646444355163
casie,4794,18,4812,198.50374064837905
yunuen,290,46,336,145.23809523809524
free,76,56,132,30.303030303030305
ezrah,505,2509,3014,132.9794293297943
jaques,5,301,306,193.4640522875817
aram,55,3219,3274,193.28039095907147
dareth,77,5,82,175.609756097561
amanti,29,52,81,56.79012345679012
grisel,1665,7,1672,198.32535885167465
makhari,40,247,287,144.25087108013938
summitt,12,12,24,0.0
darnell,2387,28574,30961,169.16120280352703
ordell,53,185,238,110.92436974789916
nikita,10745,2865,13610,115.79720793534165
loi,12,53,65,126.15384615384615
nyah,5379,5,5384,199.62852897473996
diamond,33635,2527,36162,172.04800619434766
arianna,102811,73,102884,199.7161852183041
shaun,3129,70398,73527,182.9776816679587
kristine,84275,185,84460,199.12384560738812
shemari,5,11,16,75.0
johnny,3770,317213,320983,195.30193187801223
alaye,5,11,16,75.0
mirna,4123,5,4128,199.515503875969
davis,1013,31663,32676,187.59946137838168
cali,22812,388,23200,193.3103448275862
ladon,323,1254,1577,118.07228915662651
parnell,57,1422,1479,184.5841784989858
nia,25013,10,25023,199.8401470647005
salome,4700,682,5382,149.3125232255667
dillion,6,3638,3644,199.34138309549945
peyson,127,125,252,1.5873015873015872
kayle,4015,626,4641,146.0461107519931
chau,389,107,496,113.70967741935485
jammy,130,332,462,87.44588744588745
gideon,32,21256,21288,199.39872228485532
rayn,633,575,1208,9.602649006622517
anuoluwa,48,5,53,162.26415094339623
ko,10,75,85,152.94117647058823
colbey,28,523,551,179.67332123411978
verdel,5,5,10,0.0
matisse,215,346,561,46.702317290552585
ashtyn,6359,1995,8354,104.47689729470912
katori,184,7,191,185.34031413612567
jossie,2028,17,2045,196.67481662591686
kene,5,28,33,139.3939393939394
marta,17440,46,17486,198.94772961226124
chrys,194,26,220,152.72727272727275
kamaury,5,109,114,182.45614035087718
kiara,55726,221,55947,198.41993315101794
henrietta,51264,57,51321,199.55573741743146
lennyx,209,129,338,47.337278106508876
sutten,40,13,53,101.88679245283019
almas,178,21,199,157.78894472361807
keimani,163,39,202,122.77227722772277
adell,6206,1049,7255,142.16402481047555
zavier,5,6823,6828,199.70708845928527
deshae,185,50,235,114.89361702127661
noble,480,9627,10107,181.00326506381717
samauri,69,46,115,40.0
linder,302,12,314,184.71337579617835
soren,641,10271,10912,176.50293255131965
jehlani,250,105,355,81.69014084507043
odene,36,5,41,151.21951219512195
marti,4310,233,4543,179.48492185780322
kahari,81,884,965,166.42487046632124
everette,452,10981,11433,184.18612787544825
sarath,20,46,66,78.78787878787878
danile,5,190,195,189.74358974358972
shaolin,62,5,67,170.1492537313433
lotis,18,5,23,113.04347826086956
orris,49,939,988,180.16194331983806
sion,85,756,841,159.5719381688466
murphey,27,10,37,91.8918918918919
kenzo,5,4242,4247,199.5290793501295
arnell,798,1282,2080,46.53846153846154
linn,839,1450,2289,53.385757972913936
kobie,438,1523,1961,110.6578276389597
vernet,10,11,21,9.523809523809524
loki,88,1918,2006,182.45264207377866
geraldine,211273,748,212021,198.58881903207703
avon,700,1623,2323,79.46620749031425
francois,5,1799,1804,198.89135254988915
trevis,10,1778,1788,197.76286353467563
jawon,5,805,810,197.53086419753086
joplin,343,5,348,194.25287356321837
chaska,10,67,77,148.05194805194805
nilay,17,234,251,172.90836653386455
kellee,3714,16,3730,198.28418230563003
niv,26,91,117,111.11111111111111
dereon,367,1203,1570,106.4968152866242
brilynn,1062,12,1074,195.53072625698326
torence,5,75,80,175.0
dennis,2691,620615,623306,198.27307935428183
laquay,12,5,17,82.35294117647058
karsynn,353,18,371,180.59299191374663
janiel,207,862,1069,122.5444340505145
thi,408,63,471,146.49681528662418
gearldine,4686,5,4691,199.57365167341717
rayann,1629,5,1634,198.77600979192167
ina,34008,65,34073,199.23693246852346
adison,3235,652,3887,132.9045536403396
malique,11,1941,1952,197.74590163934425
yian,22,114,136,135.29411764705884
tahari,226,96,322,80.74534161490683
wilber,11,6864,6875,199.36
merril,134,858,992,145.96774193548387
caylin,2463,87,2550,186.35294117647058
emeral,53,10,63,136.5079365079365
tegh,17,115,132,148.4848484848485
mayra,33130,345,33475,195.87752053771473
tellie,52,5,57,164.91228070175438
jodye,64,5,69,171.0144927536232
kelby,1549,4001,5550,88.36036036036036
rowe,140,477,617,109.23824959481361
apolinar,5,1292,1297,198.4579799537394
lewis,870,155019,155889,197.76764236091066
haydon,71,1181,1252,177.31629392971246
avneet,514,5,519,196.14643545279384
amryn,126,6,132,181.8181818181818
rufus,151,36045,36196,198.33130732677645
jaris,21,275,296,171.6216216216216
tessa,54936,13,54949,199.90536679466416
tyme,73,44,117,49.572649572649574
breck,444,2607,3051,141.78957718780728
mindy,42540,67,42607,199.37099537634663
north,64,327,391,134.52685421994886
jadon,173,10448,10621,193.4846059693061
bobbi,24108,64,24172,198.94092338242595
revy,77,5,82,175.609756097561
kenan,30,4460,4490,197.3273942093541
kari,59607,908,60515,193.99818226885895
thailer,6,33,39,138.46153846153845
afsheen,122,15,137,156.2043795620438
joseph,10706,2662040,2672746,198.39775272322922
oree,152,235,387,42.89405684754522
wendall,6,2425,2431,199.01275195392842
sabin,6,713,719,196.66203059805284
khris,46,342,388,152.57731958762886
kelley,46084,6277,52361,152.04828020855217
donshae,27,13,40,70.0
kadrian,11,435,446,190.13452914798205
deidre,14666,11,14677,199.70021121482594
tierra,14918,70,14988,198.13183880437683
temple,1559,828,2387,61.24842899036448
jamarii,5,215,220,190.9090909090909
kavi,33,866,899,185.3170189098999
rylei,1277,68,1345,179.77695167286245
dansby,12,197,209,177.0334928229665
haydan,97,298,395,101.7721518987342
female,1292,5,1297,198.4579799537394
revon,5,27,32,137.5
jermel,5,1341,1346,198.5141158989599
lee,62278,233256,295534,115.70783733851266
tiny,2087,161,2248,171.35231316725978
noa,10457,2206,12663,130.31667061517808
nirvana,1558,12,1570,196.94267515923568
banks,418,5356,5774,171.0426047800485
ardys,954,5,959,197.91449426485923
paetyn,1080,11,1091,195.96700274977087
lakesha,8168,6,8174,199.7063861022755
londyn,26431,519,26950,192.29684601113172
marsh,11,398,409,189.24205378973105
daquan,6,7933,7939,199.69769492379393
joddie,34,12,46,95.65217391304348
julianni,52,5,57,164.91228070175438
wm,86,2650,2736,187.4269005847953
shepherd,22,6370,6392,198.62327909887358
saiyr,62,89,151,35.76158940397351
jia,1921,214,2135,159.9063231850117
sanders,6,2377,2383,198.9928661351238
jojo,201,262,463,26.34989200863931
rein,109,151,260,32.30769230769231
ah,21,74,95,111.57894736842104
laredo,5,19,24,116.66666666666667
declan,386,55965,56351,197.26003087789036
percy,626,32052,32678,192.33735234714487
skylor,436,1058,1494,83.26639892904953
taji,131,504,635,117.48031496062991
joshua,4953,1244059,1249012,198.41378625665726
kindred,134,157,291,15.807560137457044
ivette,11085,10,11095,199.6394772420009
brant,10,9535,9545,199.5809324253536
kem,353,680,1033,63.310745401742494
ahmi,67,43,110,43.63636363636363
lal,15,18,33,18.181818181818183
nao,95,23,118,122.03389830508475
sequoyah,470,201,671,80.17883755588674
duffie,6,34,40,140.0
destri,26,5,31,135.48387096774192
elaijah,170,5,175,188.57142857142856
romie,621,1730,2351,94.3428328370906
rollie,24,3556,3580,197.31843575418995
tayshaun,10,1312,1322,196.97428139183054
renee,185673,1612,187285,196.55711882959125
wilder,595,7447,8042,170.4053717980602
rhye,5,60,65,169.23076923076923
chris,22956,147039,169995,145.98429365569575
jeylan,6,27,33,127.27272727272727
khani,27,169,196,144.89795918367346
amiris,17,108,125,145.6
dashel,6,678,684,196.49122807017542
nahari,25,5,30,133.33333333333331
lydia,184295,277,184572,199.39969226101468
mitra,582,5,587,196.59284497444634
chestine,307,5,312,193.5897435897436
kayo,5,268,273,192.67399267399267
hardy,17,5758,5775,198.82251082251082
yuuki,16,186,202,168.31683168316832
jettie,3656,197,3853,179.54840384116272
aggie,1484,30,1514,192.07397622192866
clover,5057,83,5140,193.5408560311284
jacquise,47,73,120,43.333333333333336
ofa,55,5,60,166.66666666666669
doral,86,216,302,86.09271523178808
maud,13159,31,13190,199.05989385898408
sharay,739,5,744,197.31182795698925
branigan,39,31,70,22.857142857142858
erna,9060,11,9071,199.51493771359276
otis,887,60653,61540,194.23464413389667
bonnie,327883,4037,331920,195.13497228247772
rasa,97,5,102,180.3921568627451
tarrin,97,113,210,15.238095238095239
ferron,12,101,113,157.52212389380531
tu,114,313,427,93.20843091334895
antonio,1975,260908,262883,196.99486083162472
adar,52,106,158,68.35443037974683
brixley,432,5,437,195.4233409610984
chantal,8446,7,8453,199.6687566544422
irish,1447,155,1602,161.2983770287141
believe,72,32,104,76.92307692307693
arlice,15,26,41,53.65853658536586
brad,233,83042,83275,198.88081657160012
laurice,1739,280,2019,144.5269935611689
wisdom,982,983,1965,0.10178117048346055
myrle,2405,703,3108,109.52380952380953
cheyene,720,22,742,188.14016172506737
ana,110060,601,110661,197.8275996060039
ryland,790,12781,13571,176.71505415960505
gatlyn,52,237,289,128.02768166089967
viviana,26334,22,26356,199.6661101836394
monroe,6603,16933,23536,87.78042148198504
andreina,1267,6,1273,198.114689709348
graciela,16205,39,16244,199.0396454075351
jorge,690,138386,139076,198.01547355402803
breonte,5,6,11,18.181818181818183
pressley,564,299,863,61.41367323290846
iza,463,6,469,194.88272921108742
nakota,143,235,378,48.67724867724868
dorean,251,90,341,94.42815249266863
kameran,186,492,678,90.2654867256637
ayren,5,106,111,181.981981981982
ziel,17,44,61,88.52459016393442
kemarii,17,5,22,109.09090909090908
jewel,41338,5233,46571,155.0535741126452
lonni,412,19,431,182.3665893271462
bryann,369,113,482,106.2240663900415
newborn,11,18,29,48.275862068965516
asia,32404,196,32600,197.5950920245399
bentlei,27,48,75,56.00000000000001
jerusalem,319,133,452,82.30088495575221
aldo,15,17484,17499,199.6571232641865
oaklynn,9781,88,9869,196.43327591447968
averi,7718,390,8108,180.75974346324617
shirley,686246,9551,695797,194.50931809133988
amara,26328,287,26615,195.6866428705617
marjorie,273770,594,274364,199.1339971716406
yen,564,47,611,169.23076923076923
camiel,15,35,50,80.0
wanda,281196,972,282168,198.62209747384537
carnie,22,90,112,121.42857142857142
jamel,367,11178,11545,187.28453876136857
pacey,306,696,1002,77.84431137724552
carlos,2040,304581,306621,197.33873413758354
jamisen,199,385,584,63.6986301369863
aba,27,5,32,137.5
marva,10362,7,10369,199.72996431671328
maury,258,2503,2761,162.62223831944948
paula,280537,913,281450,198.70243382483568
chez,27,114,141,123.40425531914893
gagandeep,51,129,180,86.66666666666667
debora,30055,28,30083,199.62769670578066
carmi,68,46,114,38.59649122807017
eddis,117,16,133,151.8796992481203
hamdi,396,134,530,98.86792452830188
moriah,13173,108,13281,196.74723288908967
sareth,20,12,32,50.0
zell,370,213,583,53.859348198970835
dary,24,144,168,142.85714285714286
emori,1251,143,1394,158.96700143472023
ula,1613,31,1644,192.4574209245742
merari,1339,21,1360,193.8235294117647
arlanda,67,25,92,91.30434782608695
jaydan,585,3205,3790,138.25857519788917
jovanne,29,64,93,75.26881720430107
kross,42,1373,1415,188.12720848056537
jovanni,192,6641,6833,188.7604273379189
coti,49,11,60,126.66666666666666
dariyon,10,181,191,179.05759162303664
nakoma,83,36,119,78.99159663865547
zari,1421,20,1441,194.44829979181125
paiten,409,15,424,185.8490566037736
hilal,61,74,135,19.25925925925926
deondrea,88,68,156,25.64102564102564
rafi,5,691,696,197.1264367816092
anias,31,356,387,167.95865633074936
princess,15762,7,15769,199.82243642589893
yvon,47,229,276,131.8840579710145
antwan,113,12466,12579,196.40670959535734
kael,16,3791,3807,198.31888626214865
shelia,47780,111,47891,199.07289469837758
lea,33520,620,34140,192.73579379027535
keenan,339,18025,18364,192.61598780222172
essex,8,414,422,192.4170616113744
novi,292,15,307,180.45602605863192
kelly,473641,82317,555958,140.77466283424286
taigan,56,5,61,167.21311475409837
iversyn,18,10,28,57.14285714285714
colon,11,1318,1329,196.68924003009784
shonn,5,242,247,191.90283400809716
lyfe,124,318,442,87.78280542986425
zailynn,305,5,310,193.5483870967742
dailen,5,440,445,195.5056179775281
keyan,7,1349,1356,197.93510324483776
sully,364,645,1009,55.69871159563925
aaren,282,912,1194,105.52763819095476
levar,9,2017,2026,198.22309970384995
melvine,270,25,295,166.10169491525423
ariah,11210,76,11286,197.3063973063973
lora,52176,249,52425,198.10014306151643
khalee,61,111,172,58.139534883720934
bradee,84,33,117,87.17948717948718
shamarie,128,11,139,168.34532374100718
deaven,184,581,765,103.79084967320263
winston,162,31961,32123,197.98275379011923
ger,88,385,473,125.5813953488372
azure,1657,412,2069,120.34799420009668
veryle,28,6,34,129.41176470588235
ireland,6263,209,6472,187.08281829419036
nebraska,42,43,85,2.3529411764705883
violeta,8276,5,8281,199.75848327496678
rajah,175,435,610,85.24590163934425
shahed,143,10,153,173.8562091503268
teagan,28515,5491,34006,135.41139798859027
kadyn,1429,3254,4683,77.94149049754431
matia,414,15,429,186.01398601398603
jaymes,137,2414,2551,178.51822814582516
krishaun,6,42,48,150.0
kelvin,304,51334,51638,197.64514504822031
royall,10,59,69,142.02898550724638
khylar,63,55,118,13.559322033898304
chylo,5,5,10,0.0
mario,1093,150569,151662,197.1172739380992
zebbie,6,99,105,177.14285714285714
kariel,77,35,112,75.0
jaxtyn,5,2129,2134,199.06279287722586
dorn,12,225,237,179.74683544303798
aniyah,30569,5,30574,199.93458494145352
raidyn,122,577,699,130.1859799713877
cornelious,113,2475,2588,182.53477588871715
terrice,15,15,30,0.0
dea,1803,17,1820,196.26373626373626
lohgan,48,40,88,18.181818181818183
jazman,329,11,340,187.05882352941177
kyra,37947,23,37970,199.75770345009218
aimar,161,247,408,42.15686274509804
rhett,232,34721,34953,197.34500615111722
osha,279,85,364,106.5934065934066
tione,15,12,27,22.22222222222222
avo,174,10,184,178.26086956521738
sacha,1911,621,2532,101.89573459715639
parker,30347,127437,157784,123.06697764031841
diana,367190,1285,368475,198.6050614017233
levee,74,45,119,48.739495798319325
kelce,187,87,274,72.99270072992701
amparo,3308,17,3325,197.95488721804512
ji,251,163,414,42.51207729468599
imari,2342,1061,3403,75.28651190126358
ruth,834300,2780,837080,198.67157260954747
arsha,33,46,79,32.91139240506329
lubie,5,17,22,109.09090909090908
nai,294,76,370,117.83783783783784
antwon,5,6371,6376,199.68632371392724
camerin,236,584,820,84.8780487804878
seren,976,47,1023,181.62267839687195
wynell,1027,6,1033,197.67666989351403
tovi,43,52,95,18.947368421052634
devvon,5,59,64,168.75
emrah,5,119,124,183.8709677419355
bianco,71,9,80,155.0
delois,8500,122,8622,194.34006031083274
dashae,249,5,254,192.1259842519685
ore,12,12,24,0.0
parley,6,673,679,196.46539027982325
allan,253,96230,96483,198.9511105583367
lynn,182316,52375,234691,110.73368812608919
alexius,1515,135,1650,167.27272727272725
berenice,9485,11,9496,199.53664700926706
donyelle,378,15,393,184.73282442748092
normal,45,125,170,94.11764705882352
meadow,11255,12,11267,199.57397710126918
xyon,7,221,228,187.71929824561403
trinity,84594,2834,87428,187.0339021823672
roben,314,130,444,82.88288288288288
paul,5843,1396943,1402786,198.33388699345446
nalin,28,201,229,151.09170305676855
rilen,6,130,136,182.35294117647058
clellie,7,5,12,33.33333333333333
rinley,199,6,205,188.29268292682926
atiba,5,367,372,194.6236559139785
amen,864,1186,2050,31.414634146341463
ratha,13,50,63,117.46031746031747
alden,933,17739,18672,180.01285347043702
bostyn,698,285,983,84.02848423194304
celina,15964,6,15970,199.84971822166563
demitrice,6,5,11,18.181818181818183
everest,835,2739,3574,106.54728595411305
name,11,23,34,70.58823529411765
hendryx,49,189,238,117.64705882352942
astor,10,415,425,190.58823529411762
legacee,155,23,178,148.31460674157304
kennedy,90712,7368,98080,169.9510603588907
tom,614,139689,140303,198.2495028616637
dorthy,20329,79,20408,198.4515876127009
ymir,12,46,58,117.24137931034481
saia,201,13,214,175.70093457943926
babette,3277,5,3282,199.39061547836684
kaylyn,11982,38,12020,198.73544093178037
vanny,49,16,65,101.53846153846153
shawnta,1812,118,1930,175.5440414507772
waylon,273,49608,49881,197.81078967943705
rilynn,3533,65,3598,192.77376320177876
rox,330,5,335,194.02985074626866
navy,4968,694,5662,150.97138820204873
radley,123,1509,1632,169.85294117647058
rayce,11,1385,1396,196.84813753581662
jonas,28,28064,28092,199.6013099814894
maureen,144245,328,144573,199.0924999827077
dennie,808,3729,4537,128.76350011020497
wynston,5,672,677,197.04579025110783
sande,258,16,274,176.64233576642337
claudio,27,5444,5471,198.02595503564248
rhettlee,22,20,42,9.523809523809524
gabrial,264,1627,1891,144.15653093601267
oaklee,5006,941,5947,136.7075836556247
symphony,3111,29,3140,196.30573248407643
samara,21802,5,21807,199.9082863300775
courtenay,1189,246,1435,131.42857142857142
kadence,11487,1603,13090,151.01604278074868
marques,23,8045,8068,198.8596926127913
karma,7470,254,7724,186.84619368203005
daylen,333,3872,4205,168.32342449464923
danniel,186,2409,2595,171.32947976878611
jachai,10,358,368,189.1304347826087
kayland,57,18,75,104.0
dondrea,76,17,93,126.88172043010752
termaine,13,688,701,192.58202567760344
tandy,1165,714,1879,48.00425758382118
dreu,24,59,83,84.33734939759037
savoy,12,176,188,174.468085106383
lyriq,820,147,967,139.1933815925543
miah,9435,10,9445,199.57649550026468
jood,302,115,417,89.68824940047962
niyel,5,5,10,0.0
brandell,6,91,97,175.2577319587629
yessenia,7436,12,7448,199.35553168635874
epic,48,205,253,124.11067193675889
danery,5,5,10,0.0
aiman,193,368,561,62.38859180035651
darrelle,64,249,313,118.21086261980831
emo,12,15,27,22.22222222222222
timari,60,27,87,75.86206896551724
dannye,14,50,64,112.5
laterrian,5,65,70,171.42857142857142
hugh,354,83466,83820,198.3106657122405
kaigan,12,7,19,52.63157894736842
reagen,638,76,714,157.42296918767508
zan,114,651,765,140.39215686274508
indi,776,53,829,174.4270205066345
neva,21173,6,21179,199.88668020208698
arrion,79,291,370,114.5945945945946
dylahn,5,12,17,82.35294117647058
luckie,15,32,47,72.3404255319149
maclin,11,406,417,189.4484412470024
mia,299044,380,299424,199.49235866196432
jewelian,14,10,24,33.33333333333333
rhyland,24,320,344,172.09302325581396
vel,13,11,24,16.666666666666664
seymour,10,13102,13112,199.69493593654667
marlowe,4228,1626,5854,88.89648103860608
kenji,33,5373,5406,197.55826859045504
raye,2279,306,2585,152.64990328820116
victor,1807,328729,330536,197.8132487837936
afnan,625,180,805,110.55900621118013
neil,385,104581,104966,198.53285825886476
creedence,135,435,570,105.26315789473684
shane,3583,192143,195726,192.67751857188108
cappy,5,5,10,0.0
sabbath,6,20,26,107.6923076923077
juni,330,65,395,134.17721518987344
vennie,1339,71,1410,179.8581560283688
brantley,792,31017,31809,190.04055456003016
zollie,134,823,957,143.9916405433647
henri,659,5234,5893,155.26896317665026
zelmer,16,52,68,105.88235294117648
tovia,41,264,305,146.22950819672133
sable,1637,10,1647,197.57134183363692
jowell,5,792,797,197.4905897114178
athens,49,154,203,103.44827586206897
alexxis,1197,6,1203,198.00498753117205
joyce,509102,2893,511995,197.73982167794608
brelyn,590,62,652,161.96319018404907
chiron,5,140,145,186.20689655172413
erbie,10,188,198,179.7979797979798
yeng,98,426,524,125.1908396946565
vilas,14,493,507,188.95463510848128
nesly,64,5,69,171.0144927536232
davi,621,1938,2559,102.93083235638922
kinnie,5,159,164,187.80487804878047
rosario,10884,5592,16476,64.23889293517844
ye,16,27,43,51.162790697674424
zade,27,1633,1660,193.49397590361446
azhari,31,5,36,144.44444444444443
gionni,133,1858,1991,173.279758915118
marcellus,5,9392,9397,199.78716611684578
genesis,90028,3513,93541,184.97771030884854
azell,48,200,248,122.58064516129032
samari,1447,675,2122,72.76154571159283
carrel,11,395,406,189.16256157635468
sadie,145487,241,145728,199.3384936319719
troye,22,75,97,109.27835051546391
isley,1117,280,1397,119.82820329277021
enes,394,265,659,39.150227617602425
sola,250,5,255,192.15686274509804
amyri,238,7,245,188.57142857142856
mieko,310,5,315,193.65079365079364
kyndell,581,64,645,160.31007751937983
samantha,590854,1205,592059,199.18589194657966
adore,993,60,1053,177.2079772079772
tinashe,18,5,23,113.04347826086956
shanna,28277,88,28365,198.75903402080027
whiskey,6,6,12,0.0
rothana,5,6,11,18.181818181818183
kourtney,13891,831,14722,177.42154598559978
luka,537,25067,25604,191.610685830339
alijah,1435,13567,15002,161.73843487534995
odessa,18372,154,18526,196.67494332289755
canaan,318,5629,5947,178.6110644022196
coey,5,5,10,0.0
valerian,6,474,480,195.0
donie,956,131,1087,151.79392824287027
keontay,5,363,368,194.56521739130434
navari,11,78,89,150.56179775280899
syed,11,5864,5875,199.25106382978723
estill,7,1246,1253,197.76536312849163
nikel,5,10,15,66.66666666666666
naki,5,55,60,166.66666666666669
bernadette,54728,60,54788,199.56194787179675
abraxas,5,58,63,168.25396825396825
jee,38,5,43,153.48837209302326
bayker,6,13,19,73.68421052631578
tobin,167,5533,5700,188.28070175438597
sandy,69017,10445,79462,147.4214089753593
jayel,87,86,173,1.1560693641618496
anner,1037,48,1085,182.30414746543778
waylynn,341,120,461,95.87852494577007
guadalupe,66734,25055,91789,90.81480351676127
garnet,6905,2004,8909,110.02357166909866
walker,938,43694,44632,191.5934755332497
kulture,230,61,291,116.15120274914091
jadden,28,306,334,166.4670658682635
baker,623,6591,7214,165.45605766565012
deklynn,146,11,157,171.97452229299364
elysha,691,31,722,182.82548476454295
zalynn,56,10,66,139.3939393939394
harold,2648,551398,554046,198.08824538034747
langdon,10,1156,1166,196.56946826758147
berl,5,1072,1077,198.14298978644382
kaysin,5,353,358,194.41340782122904
chandar,12,13,25,8.0
bijon,20,80,100,120.0
emile,648,8570,9218,171.88110219136473
danyel,2511,732,3243,109.71322849213692
gaylord,5,6086,6091,199.6716466918404
vearl,70,453,523,146.46271510516254
bowie,1168,2070,3238,55.71340333539222
charon,1001,216,1217,129.00575184880853
myles,307,60971,61278,197.99601814680636
deshante,68,19,87,112.64367816091954
marcie,15611,13,15624,199.66717869943676
merrick,502,5615,6117,167.17345103809055
ida,187714,766,188480,198.37436332767402
riece,11,21,32,62.5
pleasant,73,629,702,158.4045584045584
wynter,10048,230,10278,191.04884218719596
ale,5,18,23,113.04347826086956
cian,27,3575,3602,197.00166574125487
ursel,16,5,21,104.76190476190477
danye,12,41,53,109.43396226415094
laven,5,11,16,75.0
alva,8867,11263,20130,23.805265772478887
shaquile,7,120,127,177.9527559055118
costello,5,61,66,169.6969696969697
waldean,33,10,43,106.9767441860465
kham,6,86,92,173.91304347826087
danae,7365,6,7371,199.6743996743997
mashawn,62,37,99,50.505050505050505
othell,75,165,240,75.0
rodriguez,5,952,957,197.91013584117033
cannyn,5,15,20,100.0
ecko,114,11,125,164.79999999999998
kailo,16,504,520,187.69230769230768
ryder,2335,63889,66224,185.89635177579126
avrey,381,278,659,31.25948406676783
eziyah,10,26,36,88.88888888888889
haegan,5,39,44,154.54545454545453
sacred,129,39,168,107.14285714285714
gurkirat,24,78,102,105.88235294117648
colleen,162699,330,163029,199.19032810113538
iliya,46,184,230,120.0
lether,241,5,246,191.869918699187
damari,792,5303,6095,148.02296964725187
anson,5,7837,7842,199.74496301963785
yujin,35,38,73,8.21917808219178
lochlyn,338,101,439,107.97266514806378
vergie,4582,47,4629,195.93864765608123
krista,73675,148,73823,199.1980818985953
carney,6,491,497,195.17102615694165
kyreigh,7,5,12,33.33333333333333
payson,1122,1406,2528,22.468354430379748
truee,28,6,34,129.41176470588235
han,637,753,1390,16.69064748201439
carnell,546,4608,5154,157.62514551804423
rozell,350,586,936,50.427350427350426
versie,2598,103,2701,184.74639022584228
malen,5,15,20,100.0
bijan,29,990,1019,188.6162904808636
cassady,1080,87,1167,170.17994858611826
carson,7916,129861,137777,177.01793477866408
alek,86,4513,4599,192.52011306805827
fame,7,5,12,33.33333333333333
tashon,15,340,355,183.09859154929578
marcus,1342,240300,241642,197.7785318777365
kristen,218672,2175,220847,196.06062115401159
dakota,40410,92020,132430,77.94306426036397
harsimran,94,32,126,98.4126984126984
sheon,5,5,10,0.0
everett,1122,131595,132717,196.61836840796582
purnell,6,762,768,196.875
tkai,72,87,159,18.867924528301888
hebron,5,70,75,173.33333333333334
jaylan,824,4665,5489,139.95263253780288
crew,61,11153,11214,197.82414838594613
rhylin,172,78,250,75.2
tahsin,19,115,134,143.28358208955223
omie,1157,10,1167,196.57240788346186
elias,231,120370,120601,199.2338371986965
seveyn,13,12,25,8.0
hadi,6,2393,2399,198.99958315964986
sharmaine,1668,5,1673,198.80454273759713
samy,11,865,876,194.97716894977168
marc,533,140440,140973,198.48765366417683
reyn,50,291,341,141.34897360703812
amie,21580,40,21620,199.2599444958372
jeannette,69226,49,69275,199.71706964994587
emely,23272,16,23288,199.72518035039505
kennan,53,1210,1263,183.21456848772763
lowell,352,41293,41645,196.61904190178893
latoya,45555,185,45740,198.38216003498033
adelyn,22752,6,22758,199.89454257843394
wilhelmina,12952,5,12957,199.84564328162384
windsor,454,549,1003,18.943170488534395
donzell,23,1044,1067,191.37769447047796
jlynn,804,64,868,170.5069124423963
teri,43950,214,44164,198.06176976723123
chanin,301,11,312,185.8974358974359
perris,128,174,302,30.4635761589404
ajream,27,5,32,137.5
tal,543,1254,1797,79.13188647746243
izzy,1080,349,1429,102.30930720783763
abir,97,653,750,148.26666666666665
leroy,1182,200702,201884,197.65806106476987
hazell,361,6,367,193.46049046321525
oaklynd,22,55,77,85.71428571428571
annette,169146,499,169645,198.82342538831088
ogechukwu,51,6,57,157.89473684210526
ezari,6,5,11,18.181818181818183
erine,88,12,100,152.0
arza,11,33,44,100.0
ruther,601,6,607,196.04612850082373
kanye,24,1399,1423,193.2536893886156
halen,807,1215,2022,40.35608308605341
jean,458350,24863,483213,179.41860007905416
jador,5,5,10,0.0
kestrel,296,27,323,166.56346749226006
emani,6167,440,6607,173.3615861964583
graisyn,43,76,119,55.46218487394958
tekoa,150,161,311,7.07395498392283
airam,1019,272,1291,115.72424477149497
kunta,8,303,311,189.71061093247587
pruitt,52,130,182,85.71428571428571
renzie,6,5,11,18.181818181818183
kendrix,98,1182,1280,169.375
sukhpreet,33,6,39,138.46153846153845
wrigley,396,566,962,35.343035343035346
dublin,128,334,462,89.17748917748918
reyes,711,5937,6648,157.22021660649818
macheal,16,33,49,69.38775510204081
romani,106,173,279,48.028673835125446
nereida,3697,6,3703,199.35187685660276
suan,106,61,167,53.89221556886228
masi,5,43,48,158.33333333333331
jacque,4888,2415,7303,67.72559222237436
sehej,28,15,43,60.46511627906976
ran,10,94,104,161.53846153846155
nevel,11,16,27,37.03703703703704
bentleigh,551,61,612,160.13071895424838
fay,32019,4118,36137,154.41790962171734
yaret,104,61,165,52.121212121212125
breshawn,35,44,79,22.78481012658228
santrell,10,15,25,40.0
diamon,507,25,532,181.203007518797
waelyn,38,61,99,46.464646464646464
ivy,77550,3453,81003,182.94877967482685
puneet,163,160,323,1.8575851393188854
gariel,6,40,46,147.82608695652172
breez,11,28,39,87.17948717948718
skyler,27264,41509,68773,41.42614107280473
knoxlee,115,54,169,72.18934911242604
ovell,34,16,50,72.0
kao,244,467,711,62.728551336146275
sidak,18,42,60,80.0
truce,10,289,299,186.62207357859532
leni,1738,27,1765,193.88101983002832
meko,97,183,280,61.42857142857143
mccrae,5,208,213,190.61032863849766
tameron,53,123,176,79.54545454545455
imani,27296,1353,28649,181.1092882823135
abijah,69,340,409,132.51833740831296
levie,201,918,1119,128.15013404825737
davie,1051,3250,4301,102.25528946756567
latonia,5104,16,5120,198.75
satori,484,47,531,164.59510357815444
radlee,24,72,96,100.0
chais,5,131,136,185.29411764705884
calais,179,84,263,72.24334600760456
nazaret,259,39,298,147.6510067114094
selby,293,683,976,79.91803278688525
mayes,5,164,169,188.1656804733728
arnett,75,1298,1373,178.15003641660596
laiken,1863,508,2371,114.29776465626318
kyla,43154,29,43183,199.73137577287358
hazael,64,596,660,161.21212121212122
wesley,3155,242105,245260,194.85444018592514
amar,328,4856,5184,174.69135802469137
ezera,6,47,53,154.7169811320755
mattox,24,661,685,185.98540145985402
thurman,5,16391,16396,199.87801902903146
un,7,7,14,0.0
lennix,430,423,853,1.6412661195779603
jency,234,10,244,183.60655737704917
antoinette,78664,68,78732,199.654524208708
jaziah,954,1328,2282,32.778264680105174
toni,100115,1555,101670,193.88216779777713
nick,132,50328,50460,198.9536266349584
rue,1395,309,1704,127.46478873239437
aliyan,11,136,147,170.06802721088434
altie,650,10,660,193.93939393939394
myan,139,114,253,19.76284584980237
johany,100,50,150,66.66666666666666
rhythm,570,533,1103,6.708975521305531
kyriee,7,175,182,184.6153846153846
jaiel,64,138,202,73.26732673267327
brock,75,43231,43306,199.30725534567958
shelton,172,11950,12122,194.32436891602046
america,13404,16,13420,199.5230998509687
sheri,60457,114,60571,199.24716448465438
jerome,1062,161074,162136,197.3799773030049
takota,33,405,438,169.86301369863014
braxtin,5,522,527,196.20493358633777
karroll,12,10,22,18.181818181818183
jupiter,1015,609,1624,50.0
erich,32,11660,11692,198.90523434827233
arie,4073,2516,6589,47.26058582485961
hermes,5,660,665,196.99248120300751
syd,80,151,231,61.471861471861466
minor,12,1728,1740,197.24137931034483
parish,302,901,1203,99.58437240232752
emaan,1275,125,1400,164.28571428571428
shepard,5,3445,3450,199.42028985507247
audy,12,290,302,184.10596026490066
tacari,34,187,221,138.46153846153845
danelle,7109,46,7155,197.4283717679944
sahar,2410,29,2439,195.2439524395244
demetrious,58,1757,1815,187.2176308539945
lorine,8750,12,8762,199.4521798676101
orrie,313,675,988,73.27935222672065
livingston,107,952,1059,159.58451369216243
floris,669,22,691,187.2648335745297
karla,91241,309,91550,198.64991807755325
jamon,6,2732,2738,199.12344777209643
reba,35421,60,35481,199.3235816352414
suttyn,307,9,316,188.60759493670886
zhen,22,88,110,120.0
shawnee,3908,120,4028,188.0834160873883
dalyss,5,6,11,18.181818181818183
caitlyn,52531,34,52565,199.74127270997812
grant,207,134896,135103,199.38713426052715
mylan,424,1355,1779,104.6655424395728
triumph,5,90,95,178.94736842105263
josie,72325,533,72858,197.07375991655002
kainoa,40,2560,2600,193.84615384615384
callahan,884,4461,5345,133.84471468662304
ayomide,471,638,1109,30.11722272317403
beth,159385,325,159710,199.18602466971385
leor,24,315,339,171.68141592920355
zakeria,214,5,219,190.8675799086758
stetsyn,38,59,97,43.29896907216495
kearney,52,275,327,136.3914373088685
remiel,39,310,349,155.30085959885386
jerre,617,795,1412,25.21246458923513
ioan,5,126,131,184.73282442748092
marla,38690,38,38728,199.6075191076224
armonii,181,27,208,148.0769230769231
ed,165,26207,26372,197.49734566964963
callaghan,57,333,390,141.53846153846155
indra,803,117,920,149.1304347826087
chamberlain,17,130,147,153.74149659863946
gay,17985,1382,19367,171.4566014354314
nashawn,53,905,958,177.8705636743215
jermiah,125,3219,3344,185.04784688995215
kendall,65593,35186,100779,60.343920856527646
sylvesta,45,26,71,53.52112676056338
rilley,72,69,141,4.25531914893617
laylen,46,27,73,52.054794520547944
scarlett,105996,46,106042,199.82648384602328
seva,105,15,120,150.0
audrey,302938,2928,305866,196.17087221201442
evelin,7339,5,7344,199.7276688453159
oluwatomisin,131,64,195,68.71794871794872
sifat,32,5,37,145.94594594594594
joni,28702,670,29372,190.87566389758953
tristyn,2202,2222,4424,0.9041591320072333
ciera,11359,5,11364,199.8240056318198
axyl,6,496,502,195.21912350597609
laurien,16,5,21,104.76190476190477
manasseh,5,554,559,196.4221824686941
jarae,211,62,273,109.15750915750915
myers,86,667,753,154.3160690571049
graceson,23,507,530,182.64150943396226
masen,92,3199,3291,188.81798845335766
vallon,22,43,65,64.61538461538461
mykeal,13,123,136,161.76470588235296
domique,139,68,207,68.59903381642512
islah,541,5,546,196.33699633699632
audi,213,143,356,39.325842696629216
ebony,38975,455,39430,195.38422520923154
quashawn,5,699,704,197.1590909090909
dora,105849,550,106399,197.9323113939041
darcy,23100,2760,25860,157.30858468677494
jasmin,44904,589,45493,194.82118128063658
nihaal,5,202,207,190.33816425120773
jaydenn,48,374,422,154.50236966824644
tawan,60,348,408,141.1764705882353
essence,10543,11,10554,199.58309645631988
kenya,25340,2141,27481,168.8366507769004
camber,545,41,586,172.0136518771331
jaylen,5010,39984,44994,155.4607280970796
camren,625,6625,7250,165.51724137931035
alee,499,63,562,155.16014234875445
tochi,55,21,76,89.47368421052632
amani,13018,2779,15797,129.6322086472115
tevis,64,494,558,154.12186379928315
taylor,329356,113137,442493,97.72764766900266
hiro,5,868,873,197.70904925544102
mai,5622,20,5642,198.58206309819212
auryn,41,122,163,99.38650306748467
akanni,7,17,24,83.33333333333334
schylar,232,111,343,70.55393586005832
heather,525733,1477,527210,198.87938392670853
sneh,5,36,41,151.21951219512195
lougene,30,11,41,92.6829268292683
akie,11,5,16,75.0
rand,135,2945,3080,182.46753246753246
briane,296,55,351,137.32193732193733
kalynn,3673,33,3706,196.43820831084727
kayci,1636,14,1650,196.6060606060606
vegas,145,312,457,73.08533916849015
robyn,63212,1231,64443,192.35913908415188
jewels,1198,28,1226,190.86460032626428
mc,209,227,436,8.256880733944955
ibis,57,12,69,130.43478260869566
claiborne,27,1210,1237,191.26919967663702
chayan,5,27,32,137.5
kaydn,59,247,306,122.87581699346406
knightly,42,61,103,36.89320388349515
harkirat,18,38,56,71.42857142857143
celestine,9760,232,9992,190.71257005604483
shawnn,44,107,151,83.44370860927152
che,364,2094,2458,140.76484947111473
doren,36,337,373,161.3941018766756
kierston,849,13,862,193.96751740139212
lashawn,7347,3266,10613,76.90568171110903
ka,781,136,917,140.6761177753544
kaede,242,70,312,110.25641025641026
finlee,1021,305,1326,107.99396681749623
nicolette,17010,5,17015,199.88245665589187
shadow,491,598,1089,19.65105601469238
jodee,3107,38,3145,195.1669316375199
german,5,10176,10181,199.80355564286415
rondell,67,2786,2853,190.60637924991238
breeze,901,190,1091,130.33913840513293
emmitt,5,13901,13906,199.85617718970227
tyson,318,47819,48137,197.35754201549744
jontue,34,77,111,77.47747747747748
joell,1029,1185,2214,14.092140921409213
kathryn,455036,1092,456128,199.04237407043638
clide,37,718,755,180.39735099337747
guthrie,12,848,860,194.41860465116278
tyaire,5,328,333,193.993993993994
brandon,4145,769149,773294,197.85592543069
bethany,100534,184,100718,199.26924680791913
garcia,36,423,459,168.62745098039215
ophelia,24575,15,24590,199.75599837332248
cecelia,59948,11,59959,199.92661652128956
prosper,68,645,713,161.85133239831697
lenora,36494,31,36525,199.6605065023956
hollister,25,107,132,124.24242424242425
tammy,331974,1392,333366,198.32976368315906
khalyn,43,5,48,158.33333333333331
lynden,745,1469,2214,65.40198735320686
willard,884,77607,78491,195.49502490731422
kashmir,542,1222,1764,77.09750566893425
kentley,178,104,282,52.4822695035461
luz,27545,931,28476,186.92232055063914
quian,10,11,21,9.523809523809524
tanis,994,535,1529,60.039241334205364
illya,39,365,404,161.3861386138614
anri,13,49,62,116.12903225806453
sherry,229913,976,230889,198.30914422081608
jame,403,3430,3833,157.94416905817897
jandell,6,22,28,114.28571428571428
kieren,118,502,620,123.87096774193549
keily,5161,5,5166,199.61285327138987
britt,2915,4710,7625,47.08196721311476
dilyn,230,310,540,29.629629629629626
bonita,37830,12,37842,199.87315680989377
jakell,6,186,192,187.5
peppi,13,5,18,88.88888888888889
jarrah,64,10,74,145.94594594594594
delaine,2372,242,2614,162.96863045141546
kenyada,565,146,711,117.86216596343178
raegan,24621,273,24894,195.61340081947458
ozell,1116,1720,2836,42.59520451339915
christy,98541,1959,100500,192.20298507462687
perseus,32,1220,1252,189.77635782747603
ja,136,299,435,74.94252873563218
areon,45,87,132,63.63636363636363
sabree,287,24,311,169.13183279742765
alvern,21,55,76,89.47368421052632
mariam,17959,5,17964,199.88866622133153
roni,4689,811,5500,141.01818181818183
tailyn,769,38,807,181.1648079306072
shanta,5112,142,5254,189.1891891891892
masyn,705,1452,2157,69.26286509040334
doy,34,731,765,182.22222222222223
legaci,984,131,1115,153.00448430493273
kimm,392,96,488,121.31147540983606
woody,10,4224,4234,199.0552668871044
xylo,48,169,217,111.52073732718894
carmel,7190,1382,8572,135.5109659356043
taiga,11,341,352,187.5
trista,12458,5,12463,199.8395249939822
frederick,1105,265324,266429,198.34102143535426
klark,24,127,151,136.42384105960267
cypress,970,1078,2048,10.546875
aaris,77,92,169,17.75147928994083
lyndal,313,399,712,24.15730337078652
exodus,79,561,640,150.625
alija,49,125,174,87.35632183908046
riki,1184,433,1617,92.88806431663575
kouvr,84,5,89,177.52808988764045
iley,181,108,289,50.51903114186851
dieudonne,5,41,46,156.52173913043478
bellami,324,14,338,183.4319526627219
jream,1957,497,2454,118.98940505297473
yahir,50,12124,12174,198.3571545917529
lakai,45,515,560,167.85714285714286
pippin,61,49,110,21.818181818181817
rimas,38,65,103,52.42718446601942
casandra,15775,7,15782,199.82258268913952
tamiko,3001,42,3043,194.47913243509694
keilyn,1182,236,1418,133.42736248236952
bertha,207837,937,208774,198.2047572973646
henrie,51,35,86,37.2093023255814
armistice,10,11,21,9.523809523809524
lamani,65,5,70,171.42857142857142
braylin,1611,3077,4688,62.54266211604096
evelyn,630574,1898,632472,198.79963065558633
kelcie,3281,37,3318,195.539481615431
devian,22,275,297,170.37037037037038
eziah,5,675,680,197.05882352941177
kash,259,16169,16428,193.6936936936937
thuy,1076,17,1093,193.77859103385177
alizah,1372,5,1377,198.54756717501814
lovern,10,11,21,9.523809523809524
samuel,2880,811720,814600,198.5858089860054
artist,76,769,845,164.02366863905326
macon,209,2094,2303,163.69952236213635
tristen,4177,21252,25429,134.29548940186402
crawford,48,4640,4688,195.90443686006827
kylan,1050,10224,11274,162.74614156466205
jaime,50031,71068,121099,34.74347434743474
camara,788,81,869,162.71576524741081
valentine,2168,6622,8790,101.34243458475541
cai,481,1381,1862,96.6702470461869
nikolia,5,11,16,75.0
kanai,156,369,525,81.14285714285714
selwyn,10,1402,1412,197.16713881019828
roosevelt,350,37637,37987,196.3145286545397
oswin,103,365,468,111.96581196581197
jaquise,40,202,242,133.88429752066116
bao,580,840,1420,36.61971830985916
justiss,147,18,165,156.36363636363637
glendale,81,544,625,148.16
siyah,234,52,286,127.27272727272727
jaaziel,10,511,521,192.3224568138196
kioni,194,12,206,176.6990291262136
aza,490,96,586,134.47098976109214
hazel,296198,2865,299063,196.16803148500483
donel,30,691,721,183.35644937586687
ilerioluwa,18,7,25,88.0
warnell,16,161,177,163.8418079096045
kiana,26326,19,26345,199.71152021256407
deonne,437,47,484,161.15702479338842
kasiyah,188,8,196,183.67346938775512
teghan,356,59,415,143.13253012048193
riot,197,1138,1335,140.97378277153558
alma,163016,2212,165228,194.6449754278936
esme,9875,10,9885,199.5953464845726
armando,372,75970,76342,198.05087631971915
mahlon,23,5608,5631,198.36618717812112
ivry,153,5,158,187.34177215189874
reece,4746,21290,26036,127.08557382086343
daelyn,1598,800,2398,66.55546288573811
shontell,652,6,658,196.35258358662614
kizzy,2347,12,2359,197.96523950826622
rylen,766,3281,4047,124.2895972325179
jareth,37,1992,2029,192.70576638738294
keziah,4533,173,4706,185.2953676158096
aquarius,235,177,412,28.155339805825243
jamere,22,1771,1793,195.09202453987731
adriana,95543,404,95947,198.31573681303217
teran,185,355,540,62.96296296296296
jacquin,15,31,46,69.56521739130434
rylann,447,82,529,137.9962192816635
geri,8021,5,8026,199.75080986792923
hiraeth,25,7,32,112.5
kaige,5,449,454,195.59471365638768
alain,6,3936,3942,199.3911719939117
pharon,5,6,11,18.181818181818183
landry,5562,5647,11209,1.5166384155589259
linkyn,88,293,381,107.61154855643045
elijah,1289,369304,370593,198.60871630063167
tran,559,128,687,125.4730713245997
dail,145,459,604,103.97350993377484
linux,5,82,87,177.01149425287358
rhyatt,5,356,361,194.45983379501385
zayah,789,26,815,187.23926380368098
auden,934,1796,2730,63.150183150183146
jesi,557,38,595,174.45378151260505
malak,3757,272,4029,172.9957805907173
cierra,27560,36,27596,199.47818524423832
charlene,133629,382,134011,198.85979509144772
derrion,45,1459,1504,188.031914893617
vaughn,1099,21180,22279,180.26841420171462
mcrae,5,31,36,144.44444444444443
bo,834,14282,15116,177.93066948928288
nanda,65,5,70,171.42857142857142
blain,17,2278,2295,197.03703703703704
santos,2759,18473,21232,148.02185380557648
cloy,5,126,131,184.73282442748092
lay,12,28,40,80.0
jaxx,32,3085,3117,195.89348732755855
mehan,22,10,32,75.0
versailles,22,7,29,103.44827586206897
dilynn,498,40,538,170.26022304832713
gurmehar,74,16,90,128.88888888888889
aroyal,43,18,61,81.9672131147541
shaylon,166,87,253,62.450592885375485
rowynn,493,5,498,195.98393574297188
jelani,874,4651,5525,136.7239819004525
erlin,11,343,354,187.57062146892656
baylen,219,1323,1542,143.19066147859922
janelle,56537,86,56623,199.39247302332973
seng,84,239,323,95.97523219814241
onnie,1079,657,1736,48.61751152073733
zhyon,19,126,145,147.58620689655174
garen,12,1190,1202,196.00665557404326
lizzie,39435,102,39537,198.968055239396
knoah,5,305,310,193.5483870967742
wilburn,15,10324,10339,199.41967308250315
junis,19,32,51,50.98039215686274
rees,136,1000,1136,152.11267605633802
rome,437,4865,5302,167.03130894002263
jeane,4488,16,4504,198.5790408525755
columbia,647,5,652,196.9325153374233
georgy,15,26,41,53.65853658536586
eleanor,328990,640,329630,199.22337165913297
peyden,16,5,21,104.76190476190477
krys,47,17,64,93.75
britian,10,82,92,156.52173913043478
rico,45,9835,9880,198.17813765182186
jioni,15,11,26,30.76923076923077
addison,145882,13363,159245,166.43411096109767
tailor,970,161,1131,143.05923961096374
dossie,568,466,1034,19.729206963249517
clea,795,10,805,195.0310559006211
bren,174,555,729,104.5267489711934
rocklyn,139,29,168,130.95238095238096
romey,218,322,540,38.51851851851852
bandy,30,62,92,69.56521739130434
loys,139,193,332,32.53012048192771
jandy,89,7,96,170.83333333333331
ammer,5,5,10,0.0
shavell,113,6,119,179.83193277310926
jeffery,1269,230434,231703,197.8092644462955
mariana,44685,85,44770,199.2405628769265
heath,181,29268,29449,197.5415124452443
nesta,99,108,207,8.695652173913043
faris,20,3074,3094,197.41435035552684
geryl,95,10,105,161.9047619047619
araceli,19900,138,20038,197.24523405529496
semaje,26,130,156,133.33333333333331
lean,671,205,876,106.39269406392695
nello,18,937,955,192.4607329842932
yarel,612,268,880,78.18181818181819
jaquay,156,418,574,91.28919860627178
ronelle,588,69,657,157.99086757990867
dessie,11406,317,11723,189.1836560607353
sabriel,159,45,204,111.76470588235294
miran,22,359,381,176.9028871391076
adria,6451,7,6458,199.56642923505729
solaris,148,79,227,60.792951541850215
dionte,26,3123,3149,196.69736424261671
catalina,30542,7,30549,199.90834397197946
amai,173,48,221,113.12217194570135
tennell,13,5,18,88.88888888888889
marx,6,324,330,192.72727272727272
eastin,10,521,531,192.46704331450096
ivory,13732,8537,22269,46.65678746239166
stoney,155,3056,3211,180.69137340392402
demetre,12,674,686,193.00291545189506
estell,4232,551,4783,153.92013380723395
kym,1297,173,1470,152.92517006802723
dari,679,45,724,175.13812154696134
venis,47,11,58,124.13793103448276
arlet,2892,5,2897,199.30963065239905
codie,1853,2590,4443,33.17578212919199
fate,143,1186,1329,156.96012039127163
dominion,5,99,104,180.76923076923077
birdie,14280,106,14386,197.05269011538996
kier,11,484,495,191.11111111111111
prentice,63,3923,3986,193.67787255393878
gabreil,22,235,257,165.75875486381324
deaire,5,205,210,190.47619047619045
lucien,5,9725,9730,199.7944501541624
areen,221,5,226,191.1504424778761
michele,223268,2763,226031,195.11040520990483
kharter,101,504,605,133.22314049586777
amer,12,1415,1427,196.6362999299229
kailon,7,284,291,190.3780068728522
rhyen,157,51,208,101.92307692307692
aaryn,1441,779,2220,59.63963963963964
noha,381,135,516,95.34883720930233
brittin,227,113,340,67.05882352941175
tobe,29,949,978,188.13905930470347
kirsten,53119,212,53331,198.40993043445653
jaedan,83,488,571,141.85639229422065
nature,572,197,769,97.52925877763329
lula,85146,339,85485,198.4137567994385
alizae,1208,5,1213,198.35119538334706
jessie,169704,111202,280906,41.65236769595523
adraine,218,5,223,191.03139013452915
kennie,316,1308,1624,122.16748768472907
aryn,2916,415,3331,150.16511558090664
layken,1165,290,1455,120.27491408934708
verlen,6,17,23,95.65217391304348
blondell,1475,15,1490,195.97315436241612
haven,21229,4732,25961,127.09063595393089
jayden,22001,249245,271246,167.5556505902391
takai,48,420,468,158.97435897435898
ariez,5,155,160,187.5
bradlee,391,3446,3837,159.2389887933281
devonte,32,11688,11720,198.90784982935153
jonnell,58,11,69,136.23188405797103
ona,7917,92,8009,195.40516918466727
montrice,208,88,296,81.08108108108108
hezekiah,10,10583,10593,199.62239214575663
tracy,251303,61471,312774,121.38604871248889
allene,8755,5,8760,199.7716894977169
matteo,16,31010,31026,199.79372139495905
aster,693,312,1005,75.82089552238806
rubi,8822,14,8836,199.36622906292442
torrance,556,3572,4128,146.12403100775194
daren,194,10820,11014,192.95442164517885
azaryah,261,163,424,46.22641509433962
stace,33,184,217,139.1705069124424
brilliant,16,40,56,85.71428571428571
travis,2116,307827,309943,197.2691752999745
wonder,252,15,267,177.52808988764045
shelley,72573,1753,74326,190.56588542367408
emmett,285,75596,75881,198.49764763247717
selester,5,5,10,0.0
jurell,5,139,144,186.11111111111111
katharine,41204,11,41215,199.89324275142545
haddon,53,776,829,174.4270205066345
maesen,24,11,35,74.28571428571429
brantlee,230,2323,2553,163.96396396396395
edel,53,489,542,160.88560885608857
franc,10,16,26,46.15384615384615
ender,19,1764,1783,195.73752103196858
winfred,351,10104,10455,186.57101865136298
tauren,26,230,256,159.375
jlyn,164,110,274,39.416058394160586
jaqua,28,73,101,89.10891089108911
rannie,45,205,250,128.0
skai,988,76,1064,171.42857142857142
tamba,12,11,23,8.695652173913043
shakell,10,29,39,97.43589743589743
fletcher,213,16866,17079,195.01141753030038
adama,635,431,1066,38.27392120075047
reighn,189,5,194,189.69072164948452
kyley,1596,76,1672,181.8181818181818
sylvia,244041,908,244949,198.51724236473714
jasiyah,487,368,855,27.83625730994152
keyante,6,147,153,184.31372549019608
karan,3450,1500,4950,78.78787878787878
steve,907,241122,242029,198.50100607778407
gerrie,1367,11,1378,196.8069666182874
linny,10,6,16,50.0
connell,5,1728,1733,198.8459319099827
chong,226,336,562,39.14590747330961
nannie,25560,20,25580,199.68725566849102
jory,712,3201,3913,127.21696907743419
shaquell,49,40,89,20.224719101123593
brandi,101878,389,102267,198.47849257336188
yonah,26,869,895,188.3798882681564
ailen,599,5,604,196.6887417218543
oluwaseyi,90,232,322,88.19875776397515
laikyn,2000,63,2063,187.7847794474067
adeola,417,43,460,162.6086956521739
bernett,51,26,77,64.93506493506493
venus,9858,101,9959,195.94336780801285
faron,52,2411,2463,191.55501421031263
natale,371,1152,1523,102.5607353906763
clancy,573,1395,1968,83.53658536585365
shamil,15,38,53,86.79245283018868
reagan,64484,7744,72228,157.11358475937308
ronan,237,19263,19500,195.13846153846154
mcclain,84,474,558,139.78494623655914
soma,103,136,239,27.615062761506277
juneau,163,76,239,72.80334728033473
kinsey,7764,295,8059,185.35798486164538
rubie,5233,46,5279,196.51449138094335
zephaniah,456,3254,3710,150.83557951482481
kadin,179,5046,5225,186.29665071770336
freddie,10313,73194,83507,150.60054845701558
cayle,133,250,383,61.096605744125334
tyger,59,439,498,152.6104417670683
zakariah,93,880,973,161.7677286742035
lovis,26,68,94,89.36170212765957
ayah,4497,5,4502,199.55575299866726
azaiyah,49,6,55,156.36363636363637
judy,382871,1094,383965,198.86031278892605
shasta,4315,20,4335,198.15455594002307
ansel,10,4614,4624,199.1349480968858
truly,1031,5,1036,198.06949806949808
ailani,6084,5,6089,199.6715388405321
makana,336,498,834,38.84892086330935
keny,11,217,228,180.70175438596493
cris,1094,3019,4113,93.60564065159251
manaia,274,42,316,146.8354430379747
bayley,2188,435,2623,133.66374380480366
patrick,2834,685098,687932,198.3521627137566
jaedin,123,417,540,108.88888888888889
nichol,2900,22,2922,196.9883641341547
romain,5,534,539,196.28942486085344
jorden,2334,7001,9335,99.98928762720942
armonee,125,6,131,181.6793893129771
blanca,25415,126,25541,198.02670216514625
chauncey,508,9661,10169,180.01770085554134
martel,10,1689,1699,197.64567392583874
edward,5361,1301987,1307348,198.35973283318594
donell,591,4814,5405,156.2627197039778
masami,10,288,298,186.5771812080537
briley,6531,1321,7852,132.7050433010698
kire,5,153,158,187.34177215189874
jesus,2679,242168,244847,195.6233893002569
somtochukwu,26,128,154,132.46753246753246
thailyn,89,10,99,159.5959595959596
aviv,218,704,922,105.4229934924078
leny,33,70,103,71.84466019417476
alley,1070,42,1112,184.89208633093526
javon,760,17474,18234,183.32784907316002
taria,679,26,705,185.24822695035462
veral,13,49,62,116.12903225806453
magdiel,26,594,620,183.2258064516129
stacie,39112,198,39310,197.98524548460952
lynnex,214,31,245,149.3877551020408
wilma,140056,754,140810,197.85810666856048
siah,206,335,541,47.689463955637706
cristan,203,166,369,20.05420054200542
avriel,130,79,209,48.803827751196174
ailin,1138,5,1143,198.25021872265967
major,76,21255,21331,198.574844123576
fernando,590,102317,102907,197.70666718493396
kenyari,10,9,19,10.526315789473683
orlie,12,345,357,186.5546218487395
nell,27483,98,27581,198.5787317356151
arnold,550,103720,104270,197.8900930277165
monaco,20,38,58,62.06896551724138
dawan,35,817,852,183.5680751173709
virgel,6,1187,1193,197.98826487845767
damilola,194,48,242,120.66115702479338
max,1078,165413,166491,197.41007021400557
dawson,1316,50294,51610,189.8004262739779
loring,22,1285,1307,193.2670237184392
aedan,43,3831,3874,195.56014455343313
urijah,85,3648,3733,190.89204393249398
pamela,594992,1386,596378,199.07038824369778
ski,124,5,129,184.49612403100775
jahri,6,88,94,174.468085106383
jamesyn,144,166,310,14.193548387096774
taiwo,63,147,210,80.0
maira,6279,17,6296,198.9199491740788
davine,365,96,461,116.70281995661604
aidin,12,732,744,193.5483870967742
rida,969,61,1030,176.31067961165047
scotland,633,260,893,83.53863381858902
montana,8572,3923,12495,74.41376550620248
shaheen,143,570,713,119.77559607293126
danyl,59,76,135,25.185185185185183
ijah,57,11,68,135.29411764705884
lafon,10,9,19,10.526315789473683
stanlee,20,131,151,147.01986754966887
leverne,487,985,1472,67.66304347826086
zyarie,5,23,28,128.57142857142858
rece,5,513,518,196.13899613899613
aymar,295,23,318,171.0691823899371
trenidad,26,29,55,10.909090909090908
shearl,10,10,20,0.0
adyn,114,1414,1528,170.15706806282722
olis,35,114,149,106.04026845637584
anissa,12444,5,12449,199.83934452566473
kayler,135,229,364,51.64835164835166
julian,3283,257331,260614,194.96113025393876
camilla,29420,6,29426,199.91843947529395
maitreya,7,25,32,112.5
cleone,1320,5,1325,198.49056603773585
jayonni,53,19,72,94.44444444444444
coren,109,148,257,30.35019455252918
imaan,778,120,898,146.5478841870824
yannis,147,559,706,116.71388101983003
adele,41996,11,42007,199.89525555264598
kacei,25,6,31,122.58064516129032
mazzy,899,5,904,197.78761061946904
jianni,293,327,620,10.967741935483872
lucile,34860,96,34956,198.90147614143496
chianti,388,20,408,180.3921568627451
ercil,6,76,82,170.73170731707316
kallaway,10,5,15,66.66666666666666
mikhail,24,4050,4074,197.6435935198822
cubie,43,11,54,118.5185185185185
dariel,488,7918,8406,176.77849155365215
mckinnley,494,72,566,149.11660777385157
alberto,447,62507,62954,197.1598309877053
delvin,27,5306,5333,197.97487342958934
koran,10,621,631,193.6608557844691
shavaughn,174,11,185,176.21621621621622
leelynn,70,159,229,77.72925764192141
mack,180,42049,42229,198.2950105377821
blanch,6420,30,6450,198.13953488372093
sophia,426419,500,426919,199.53152705782594
mabrey,223,5,228,191.2280701754386
celester,221,181,402,19.900497512437813
kovie,28,7,35,120.0
kacie,12674,57,12731,198.20909590762705
kalei,1935,265,2200,151.8181818181818
kristopher,297,63075,63372,198.1253550463927
val,1749,5634,7383,105.24177163754571
brandis,730,84,814,158.7223587223587
morrison,128,1817,1945,173.67609254498714
zakia,1714,16,1730,196.30057803468208
kris,13563,14362,27925,5.722470904207699
dekoda,11,56,67,134.32835820895522
adis,12,254,266,181.95488721804512
amazing,271,28,299,162.5418060200669
marilyn,373424,1066,374490,198.86138481668402
kanan,11,1613,1624,197.29064039408868
kavani,11,28,39,87.17948717948718
yahri,65,13,78,133.33333333333331
vashaun,6,209,215,188.83720930232556
osie,1354,748,2102,57.6593720266413
encarnacion,132,851,983,146.28687690742626
cordney,12,190,202,176.23762376237624
lashon,1535,716,2251,72.76765881830298
victoria,523840,1276,525116,199.02802428415816
jaxsyn,157,962,1119,143.87846291331545
fannie,85511,369,85880,198.28132277596646
choya,16,73,89,128.08988764044943
wendy,262161,951,263112,198.5542278573383
coi,101,65,166,43.373493975903614
diep,21,6,27,111.11111111111111
mega,108,140,248,25.806451612903224
vallee,47,6,53,154.7169811320755
amo,10,5,15,66.66666666666666
legend,947,23909,24856,184.76021886063728
xen,17,128,145,153.10344827586206
sabre,514,73,587,150.25553662691652
mazi,195,930,1125,130.66666666666666
allex,71,177,248,85.48387096774194
donyea,97,171,268,55.223880597014926
theone,311,10,321,187.53894080996884
arkie,183,37,220,132.72727272727275
canon,36,2687,2723,194.7117150201983
keilen,31,255,286,156.64335664335664
jared,768,205539,206307,198.5109569718914
lunden,351,248,599,34.390651085141904
zyair,142,2707,2849,180.06318006318008
chizitere,18,5,23,113.04347826086956
kellian,15,35,50,80.0
avis,17218,818,18036,181.85850521179862
laurell,381,10,391,189.769820971867
arshia,355,130,485,92.78350515463917
tariq,7,6771,6778,199.5868987902036
eastyn,729,1073,1802,38.17980022197558
jerzey,426,68,494,144.93927125506073
kate,85411,89,85500,199.58362573099416
crosley,108,134,242,21.487603305785125
kenyae,6,18,24,100.0
miki,1803,73,1876,184.43496801705757
amal,3958,355,4313,167.07628101089728
antione,49,4820,4869,195.9745327582666
gunner,22,22874,22896,199.6156533892383
osiris,868,3391,4259,118.4785160835877
simar,209,57,266,114.28571428571428
kiyan,28,1959,1987,194.36336185203825
keita,189,486,675,88.0
kori,14560,1537,16097,161.80654780393863
macaulay,15,249,264,177.27272727272728
lucca,743,7128,7871,162.24113835599036
jessa,6376,5,6381,199.68656950321267
mona,45722,31,45753,199.72897952046858
kayren,85,29,114,98.24561403508771
rahat,5,56,61,167.21311475409837
donni,179,6,185,187.02702702702703
howard,1676,346444,348120,198.07422727795011
chandara,6,41,47,148.93617021276594
harly,175,28,203,144.82758620689654
doug,5,22472,22477,199.91102015393514
nance,761,10,771,194.8119325551232
boyd,65,27605,27670,199.06035417419588
johna,2456,6,2462,199.0251827782291
desiah,49,58,107,16.822429906542055
ngoc,667,54,721,170.04160887656033
veera,610,37,647,177.12519319938175
mavis,22473,135,22608,197.61146496815286
joey,7497,53474,60971,150.81596168670353
meredith,77125,4257,81382,179.07645425278318
ryann,11173,751,11924,174.80711170748071
treshawn,5,1587,1592,198.74371859296483
starling,217,987,1204,127.90697674418605
ocean,3474,4030,7504,14.818763326226012
jahara,257,5,262,192.36641221374046
beaux,240,2301,2541,162.21959858323493
fain,6,71,77,168.8311688311688
shey,135,146,281,7.829181494661921
orlanda,254,538,792,71.71717171717171
finesse,195,47,242,122.31404958677685
azizi,71,21,92,108.69565217391303
purpose,115,48,163,82.20858895705521
levi,1354,205247,206601,197.37852188517962
sunni,2466,62,2528,190.18987341772151
sincere,1427,9642,11069,148.43255940012648
gen,12,67,79,139.24050632911394
arlo,818,21789,22607,185.52660680320255
sathya,6,40,46,147.82608695652172
chelsey,31478,65,31543,199.1757283707954
jaylinn,735,28,763,185.32110091743118
troy,2674,215736,218410,195.1027883338675
saber,73,298,371,121.29380053908356
reva,15950,11,15961,199.72432804962094
lamarr,30,2887,2917,195.88618443606444
brianda,1957,5,1962,198.98063200815494
brighten,98,165,263,50.950570342205324
leary,16,194,210,169.52380952380952
chali,15,5,20,100.0
nylin,10,33,43,106.9767441860465
breon,290,2435,2725,157.43119266055047
yarden,131,97,228,29.82456140350877
jayloni,81,17,98,130.6122448979592
robby,215,10542,10757,192.00520591242912
tyron,16,7635,7651,199.16350803816493
tyre,50,2107,2157,190.72786277236904
jhett,22,1592,1614,194.54770755885997
milford,13,8198,8211,199.36670320302034
omari,392,12756,13148,188.07423182233038
yoani,7,12,19,52.63157894736842
danuel,5,286,291,193.12714776632302
meagan,41547,72,41619,199.30800836156564
navi,1393,389,1782,112.68237934904602
roscoe,11,22096,22107,199.80096801917944
ricardo,713,145612,146325,198.05091406116523
hester,14222,537,14759,185.4461684395962
shaunte,1698,88,1786,180.29115341545352
orean,102,16,118,145.76271186440678
bryton,210,2992,3202,173.76639600249842
karder,13,315,328,184.14634146341464
carmie,368,60,428,143.92523364485982
aloise,100,28,128,112.5
ron,70,36341,36411,199.23100162038943
jamien,5,512,517,196.13152804642166
melrose,1140,51,1191,182.87153652392948
kristy,70496,179,70675,198.98691192076404
meridith,2652,32,2684,195.23099850968703
ridha,49,42,91,15.384615384615385
alchemy,34,5,39,148.71794871794873
navil,117,5,122,183.60655737704917
johntae,7,332,339,191.74041297935102
deziah,232,5,237,191.56118143459915
amzie,163,55,218,99.08256880733946
perley,32,1020,1052,187.83269961977186
bette,34889,22,34911,199.74793045172007
holland,7283,3036,10319,82.31417773040023
raylin,1329,529,1858,86.11410118406889
kaylon,674,1325,1999,65.13256628314157
kyah,3051,27,3078,196.49122807017542
jalah,597,5,602,196.67774086378736
layton,1081,11775,12856,166.3658991910392
refujio,5,332,337,194.06528189910978
kiori,66,6,72,166.66666666666669
kailer,37,743,780,181.02564102564102
edgar,705,156585,157290,198.20713332061797
elis,304,275,579,10.01727115716753
devin,17471,155685,173156,159.6410173485181
de,641,681,1322,6.051437216338881
donal,5,3707,3712,199.46120689655174
cherie,29957,26,29983,199.65313677750726
shonte,1008,80,1088,170.58823529411765
braxley,49,211,260,124.61538461538461
torie,2811,268,3079,165.1835011367327
treshaun,5,868,873,197.70904925544102
pendleton,13,49,62,116.12903225806453
talia,32967,5,32972,199.93934247240082
danyale,927,50,977,179.52917093142273
khodi,88,66,154,28.57142857142857
ronni,3562,60,3622,193.37382661512976
neven,6,429,435,194.48275862068965
briar,6222,5948,12170,4.502875924404273
daire,11,248,259,183.011583011583
allister,6,1207,1213,198.0214344600165
beatriz,18274,53,18327,198.8432367545152
demaria,382,59,441,146.48526077097506
alema,5,21,26,123.07692307692308
daeshawn,5,846,851,197.64982373678026
karry,1200,648,1848,59.74025974025974
hiromi,315,16,331,180.66465256797585
shirlee,5709,5,5714,199.64998249912495
star,8181,148,8329,192.892303998079
mikeal,19,2381,2400,196.83333333333331
vang,11,325,336,186.9047619047619
stormy,7609,889,8498,158.15485996705107
emauri,42,167,209,119.61722488038278
jimmy,2218,288433,290651,196.94754189732703
claudis,11,353,364,187.9120879120879
saned,5,6,11,18.181818181818183
lakeland,5,112,117,182.9059829059829
berlyn,918,87,1005,165.37313432835822
molly,174517,360,174877,199.1765640993384
kaoir,411,13,424,187.73584905660377
emarii,5,5,10,0.0
july,836,265,1101,103.72388737511353
dollie,19224,61,19285,198.7347679543687
cayman,256,994,1250,118.08000000000001
duanne,54,109,163,67.48466257668711
reygan,394,5,399,194.9874686716792
latanya,9850,23,9873,199.06816570444647
tailer,193,15,208,171.15384615384613
taja,1882,28,1910,194.13612565445027
aari,30,64,94,72.3404255319149
laila,42713,23,42736,199.78472482216398
matty,737,161,898,128.28507795100222
kerby,122,879,1001,151.24875124875126
oral,506,2802,3308,138.8149939540508
georgia,163651,729,164380,198.22606156466725
oluwatobiloba,36,237,273,147.25274725274727
camil,95,81,176,15.909090909090908
darwin,89,26100,26189,198.6406506548551
forever,572,84,656,148.78048780487805
nakiya,1782,5,1787,198.88080581980972
tiki,356,23,379,175.72559366754618
ermine,522,67,589,154.49915110356537
zmari,5,26,31,135.48387096774192
myrlin,15,15,30,0.0
vida,12247,38,12285,198.76271876271875
damien,261,63807,64068,198.37048136355122
janan,645,10,655,193.89312977099235
amelia,268334,278,268612,199.58601998421514
salvador,183,49259,49442,198.51947736742042
marchand,7,5,12,33.33333333333333
desmin,5,177,182,189.010989010989
beryle,550,94,644,141.61490683229815
shalimar,639,5,644,196.8944099378882
jaimey,126,25,151,133.7748344370861
deloni,29,11,40,90.0
adler,381,3483,3864,160.55900621118013
valgene,11,177,188,176.59574468085106
korry,12,360,372,187.09677419354838
pinkie,3881,11,3892,198.8694758478931
tysen,10,1643,1653,197.58015728977617
rino,5,211,216,190.74074074074073
apurva,102,28,130,113.84615384615384
kooper,352,3793,4145,166.0313630880579
mallory,58213,1100,59313,192.58172744592247
dory,961,124,1085,154.2857142857143
harlowe,879,51,930,178.06451612903226
ahmari,461,1329,1790,96.98324022346368
ronnelle,16,7,23,78.26086956521739
price,84,3866,3950,191.49367088607593
belamy,5,27,32,137.5
darla,43389,27,43416,199.75124378109453
atari,58,90,148,43.24324324324324
elva,31654,817,32471,189.93563487419544
jasmine,257113,1263,258376,198.04471003498776
rafael,569,87725,88294,197.42224839739958
dempsey,506,4208,4714,157.06406448875688
bracy,5,81,86,176.74418604651163
iceland,79,11,90,151.11111111111111
elvis,152,17824,17976,196.61771250556296
dixie,44489,752,45241,193.35116376737915
kaoru,83,168,251,67.72908366533864
brazil,624,63,687,163.3187772925764
rogers,21,7029,7050,198.8085106382979
lydell,10,1904,1914,197.91013584117033
rikishi,6,10,16,50.0
martice,15,310,325,181.53846153846155
lynix,106,81,187,26.737967914438503
sadi,669,26,695,185.0359712230216
gael,667,45199,45866,194.18305498626432
zakiah,459,233,692,65.3179190751445
kenyan,10,958,968,195.86776859504133
kenny,542,51777,52319,195.8561899118867
vail,415,107,522,118.00766283524904
dutton,45,1126,1171,184.62852263023058
prescott,120,1676,1796,173.27394209354122
medley,50,5,55,163.63636363636365
andra,5560,2592,8152,72.81648675171736
jessey,287,922,1209,105.04549214226633
dunia,614,6,620,196.1290322580645
shaquiel,5,51,56,164.28571428571428
brailynn,909,27,936,188.46153846153845
maclaren,40,23,63,53.96825396825397
mical,193,330,523,52.39005736137668
zacariah,5,452,457,195.62363238512035
auther,17,2349,2366,197.12595097210482
clancey,23,71,94,102.12765957446808
harjap,5,6,11,18.181818181818183
hai,21,567,588,185.71428571428572
dobbie,5,11,16,75.0
kamyron,5,53,58,165.51724137931035
johanna,53933,129,54062,199.0455403055751
nyree,1726,241,1967,150.99135739705133
bernis,107,428,535,120.0
hilaire,19,29,48,41.66666666666667
caylan,246,154,400,46.0
amaziah,124,631,755,134.3046357615894
teniola,184,10,194,179.3814432989691
eura,1453,84,1537,178.13923227065715
camyron,5,11,16,75.0
iris,97794,757,98551,196.92747917321995
dorothea,34308,6,34314,199.93005770239552
queen,16007,31,16038,199.2268362638733
keyari,264,38,302,149.66887417218544
aziah,854,907,1761,6.019307211811471
kalis,256,5,261,192.33716475095787
orien,5,536,541,196.30314232902032
khymani,5,5,10,0.0
donnis,1046,466,1512,76.71957671957672
rudy,1141,49862,51003,191.05150677411135
kimberly,845374,4273,849647,197.98834104045562
lear,491,36,527,172.6755218216319
tomiko,918,7,925,196.97297297297297
taedyn,5,116,121,183.4710743801653
hadden,38,489,527,171.15749525616698
motley,83,133,216,46.2962962962963
kimbrell,5,5,10,0.0
thamar,85,5,90,177.77777777777777
railey,755,48,803,176.08966376089663
deante,5,2707,2712,199.26253687315634
maycen,52,113,165,73.93939393939394
lewellyn,33,306,339,161.06194690265488
alvie,623,4089,4712,147.1137521222411
rashaun,182,3123,3305,177.9727685325265
nike,150,164,314,8.9171974522293
anton,21,23783,23804,199.64711813140647
perrin,474,1546,2020,106.13861386138615
leanna,25630,5,25635,199.92198166569145
marchella,150,14,164,165.85365853658536
sheryl,78812,200,79012,198.9874955702931
portland,164,93,257,55.252918287937746
dale,21882,278018,299900,170.81427142380795
kona,236,423,659,56.752655538694995
curlee,43,375,418,158.85167464114832
massey,43,69,112,46.42857142857143
jarren,10,2199,2209,198.18922589406972
australia,339,11,350,187.42857142857144
darice,1333,13,1346,196.13670133729568
myrtis,6121,5,6126,199.67352269017303
eli,982,149990,150972,197.39819304241846
camdyn,2794,3808,6602,30.71796425325659
doris,462485,3241,465726,197.2163890356132
shauntay,439,6,445,194.6067415730337
arrington,233,501,734,73.02452316076294
sandra,875334,2692,878026,198.77361262650538
music,17,12,29,34.48275862068966
olie,420,577,997,31.49448345035105
khi,27,354,381,171.6535433070866
shamir,214,1491,1705,149.79472140762465
carline,1656,5,1661,198.7959060806743
unnamed,265,371,636,33.33333333333333
elvi,127,16,143,155.24475524475525
chikamso,43,66,109,42.201834862385326
maggie,122023,282,122305,199.07771554719758
sammi,1657,56,1713,186.9235259778167
elner,393,5,398,194.9748743718593
aquila,754,131,885,140.7909604519774
asten,8,46,54,140.74074074074073
jesy,5,10,15,66.66666666666666
eddy,385,13933,14318,189.24430786422687
dakoda,889,3285,4174,114.80594154288453
pernell,275,3031,3306,166.72716273442225
cova,125,5,130,184.6153846153846
milaan,37,10,47,114.89361702127661
payton,59329,24626,83955,82.6704782323864
melek,542,67,609,155.99343185550083
flory,46,31,77,38.961038961038966
tarren,230,436,666,61.86186186186187
dianne,95265,186,95451,199.220542477292
safa,2689,6,2695,199.1094619666048
tana,9269,6,9275,199.74123989218327
korin,1133,108,1241,165.18936341659952
akili,254,454,708,56.49717514124294
ronell,326,1615,1941,132.81813498196806
teagin,26,15,41,53.65853658536586
kaelin,2732,920,3652,99.23329682365826
orval,12,7915,7927,199.3944745805475
oasis,282,65,347,125.07204610951008
rosemary,161922,358,162280,199.1175745624846
temari,233,5,238,191.5966386554622
olli,5,49,54,162.96296296296296
chevon,555,63,618,159.2233009708738
crosby,577,5714,6291,163.31266889206805
elyah,15,5,20,100.0
shanton,15,42,57,94.73684210526315
emilie,26482,7,26489,199.89429574540375
tanny,177,10,187,178.6096256684492
chevelle,3685,258,3943,173.82703525234592
jarrod,65,25273,25338,198.97387323387795
yancy,518,2427,2945,129.6434634974533
ressie,1823,18,1841,196.08908202064094
manvir,23,226,249,163.05220883534136
orba,41,44,85,7.0588235294117645
kahmani,30,46,76,42.10526315789473
jon,1249,167895,169144,197.04630374119094
shamair,16,5,21,104.76190476190477
treu,60,83,143,32.16783216783217
refugia,1289,5,1294,198.45440494590417
java,17,20,37,16.216216216216218
falon,1975,83,2058,183.8678328474247
ricci,854,879,1733,2.8851702250432774
novis,139,15,154,161.03896103896105
jazmin,44022,227,44249,197.9479762254514
jerney,174,10,184,178.26086956521738
zahir,7,4417,4424,199.36708860759492
ermon,30,368,398,169.84924623115577
airen,135,178,313,27.47603833865815
talma,204,12,216,177.77777777777777
nihal,226,783,1009,110.40634291377603
tayven,48,680,728,173.62637362637363
riely,182,177,359,2.785515320334262
valyn,258,22,280,168.57142857142858
regal,25,55,80,75.0
suhail,25,374,399,174.937343358396
jerryl,6,142,148,183.7837837837838
virgin,221,30,251,152.19123505976094
tavaris,6,2507,2513,199.04496617588538
enis,293,274,567,6.701940035273369
lovell,632,3398,4030,137.27047146401986
eldon,55,26041,26096,199.1569589209074
babygirl,2016,6,2022,198.81305637982197
laverl,15,49,64,106.25
nye,5,17,22,109.09090909090908
drue,1063,1269,2332,17.667238421955403
aundrea,4756,181,4937,185.33522382013368
jaylien,19,29,48,41.66666666666667
mattia,136,332,468,83.76068376068376
mosie,48,117,165,83.63636363636363
lyla,46185,5,46190,199.95670058454212
tristin,2827,9745,12572,110.05408845052497
braylyn,724,554,1278,26.604068857589986
morghan,1296,5,1301,198.4627209838586
charley,10987,23885,34872,73.97338839183298
gurnoor,365,165,530,75.47169811320755
alie,528,83,611,145.66284779050736
bryten,17,172,189,164.02116402116403
anmol,318,461,779,36.71373555840822
destyn,169,436,605,88.26446280991735
marrin,40,16,56,85.71428571428571
tallie,550,112,662,132.32628398791542
conway,11,2769,2780,198.41726618705036
lenley,25,5,30,133.33333333333331
so,47,5,52,161.53846153846155
vertis,333,587,920,55.21739130434783
daryn,987,2408,3395,83.71134020618557
neyland,7,531,538,194.79553903345726
jasyiah,17,10,27,51.85185185185185
merit,265,206,471,25.05307855626327
eavan,176,6,182,186.8131868131868
christon,231,1229,1460,136.7123287671233
zakari,248,2264,2512,160.5095541401274
phillip,1330,311120,312450,198.29732757241158
aavyn,5,6,11,18.181818181818183
iyinoluwa,10,5,15,66.66666666666666
iran,416,1348,1764,105.66893424036282
suzanne,219234,492,219726,199.10433904044126
nika,2444,5,2449,199.18334013883216
jerlin,12,5,17,82.35294117647058
garie,34,10,44,109.09090909090908
geneva,88631,309,88940,198.61029907803015
brylynn,503,5,508,196.06299212598427
mahari,366,294,660,21.818181818181817
beryl,10122,2338,12460,124.9438202247191
reginal,5,2589,2594,199.2289899768697
hal,12,16746,16758,199.71356963838167
loan,426,18,444,183.7837837837838
orise,5,5,10,0.0
newell,79,3239,3318,190.47619047619045
harvie,102,1646,1748,176.65903890160183
shadi,247,711,958,96.86847599164928
lamari,216,422,638,64.57680250783699
nicki,6083,297,6380,181.3793103448276
willia,3316,550,3866,143.09363683393687
veron,5,478,483,195.8592132505176
tenzing,21,59,80,95.0
torrian,11,575,586,192.49146757679182
isa,3314,2883,6197,13.909956430530901
jeremy,2312,445276,447588,197.93381413263984
jasiya,220,8,228,185.96491228070175
sherwin,15,3759,3774,198.41017488076312
judaea,138,5,143,186.01398601398603
ottie,1275,609,1884,70.70063694267516
andrey,100,2675,2775,185.5855855855856
jacquel,363,168,531,73.44632768361582
marci,13998,11,14009,199.6859161967307
shondale,14,77,91,138.46153846153845
larnell,5,882,887,197.74520856820743
alga,132,5,137,185.4014598540146
julia,474054,1744,475798,198.5338315839915
guillermo,74,31807,31881,199.07154731658355
mykel,713,3371,4084,130.16650342801174
tyrell,145,15987,16132,196.40466154227622
bonny,6207,261,6468,183.85899814471242
kassiah,91,13,104,150.0
mykelti,90,37,127,83.46456692913385
averil,403,43,446,161.43497757847533
bunny,1819,149,1968,169.71544715447155
soryn,50,67,117,29.059829059829063
shirrell,68,31,99,74.74747474747475
sayler,806,54,860,174.88372093023256
keely,12633,21,12654,199.3361782835467
jhan,5,204,209,190.43062200956936
dominquie,5,5,10,0.0
pearl,158735,3922,162657,190.35516454871293
kahli,462,117,579,119.17098445595855
keyon,101,5857,5958,193.21920107418597
octavio,5,11294,11299,199.82299318523764
maren,12401,5,12406,199.83878768337902
dominque,3872,2410,6282,46.54568608723337
shakir,10,1204,1214,196.70510708401977
lisle,21,543,564,185.1063829787234
othal,5,174,179,188.8268156424581
tru,2266,3290,5556,36.861051115910726
seyven,25,31,56,21.428571428571427
smith,181,5354,5535,186.91960252935863
kareen,1306,742,2048,55.078125
cydney,5135,25,5160,198.06201550387595
freda,42507,26,42533,199.75548397714715
laken,5982,2139,8121,94.64351680827484
arnie,235,2074,2309,159.28973581637072
bryne,6,109,115,179.13043478260872
wilton,41,8638,8679,198.11038138034337
tracie,32587,218,32805,197.34186861758877
brennex,5,30,35,142.85714285714286
ignacio,22,19647,19669,199.55259545477654
rosemond,491,18,509,185.85461689587424
corliss,2849,343,3192,157.01754385964912
adean,93,23,116,120.6896551724138
iretomiwa,5,31,36,144.44444444444443
easter,5513,66,5579,195.26796917010216
teresa,415746,1165,416911,198.8822554454068
alexa,131304,284,131588,199.13669939508162
nealy,296,83,379,112.40105540897099
pat,40122,26732,66854,40.05743859754091
jaylenn,194,128,322,40.993788819875775
tolly,6,11,17,58.82352941176471
adilene,6464,7,6471,199.56730026271055
karsyn,8972,2729,11701,106.70882830527306
glacier,6,10,16,50.0
shaina,11917,18,11935,199.3967322999581
jakobi,45,2546,2591,193.05287533770746
phynix,158,43,201,114.4278606965174
dante,466,50470,50936,196.34050573268416
zayn,98,11732,11830,196.68639053254438
caylor,95,103,198,8.080808080808081
solen,7,12,19,52.63157894736842
daven,92,2515,2607,185.8841580360568
collier,279,1829,2108,147.05882352941177
landin,16,2647,2663,197.59669545625235
erma,54923,238,55161,198.27414296332552
raelyn,15166,90,15256,197.64027267960148
tryston,10,1328,1338,197.01046337817638
alvina,10480,5,10485,199.80925131139725
avonni,61,22,83,93.97590361445783
journi,4712,41,4753,196.54954765411318
barkley,5,312,317,193.69085173501577
camden,3771,57434,61205,175.35495466056693
ofir,5,46,51,160.7843137254902
ryler,6,549,555,195.67567567567568
rosie,84454,470,84924,197.78625594649333
jontay,15,152,167,164.07185628742516
hoyt,10,8518,8528,199.53095684803003
silas,177,70772,70949,199.00210010007189
shaw,56,1315,1371,183.66156090444932
mckale,6,198,204,188.23529411764704
aydin,205,6340,6545,187.47135217723454
stephany,15111,5,15116,199.86768986504367
emilia,64367,40,64407,199.751579797227
dennys,83,477,560,140.71428571428572
jamille,456,260,716,54.7486033519553
douglass,26,5769,5795,198.2053494391717
stetson,84,12932,13016,197.41856177012906
diem,710,89,799,155.44430538172716
monserrate,123,34,157,113.37579617834395
dawsyn,1080,562,1642,63.0937880633374
daily,252,73,325,110.15384615384616
alexandra,244128,869,244997,198.58120711682184
vermont,7,21,28,100.0
oluwatofunmi,52,11,63,130.15873015873015
storme,72,34,106,71.69811320754717
nima,361,1034,1395,96.48745519713262
taylon,178,1188,1366,147.8770131771596
mae,114235,606,114841,197.88925557945333
dariyan,23,24,47,4.25531914893617
kilynn,437,6,443,194.5823927765237
su,691,33,724,181.76795580110496
vola,677,17,694,190.20172910662825
renly,181,411,592,77.7027027027027
paz,631,201,832,103.36538461538463
samaj,18,362,380,181.05263157894737
carrigan,1214,10,1224,196.73202614379085
shalon,1181,130,1311,160.3356216628528
faran,24,6,30,120.0
timothy,4326,1082404,1086730,198.40770016471433
garnie,38,209,247,138.46153846153845
bria,16613,55,16668,198.68010559155266
mandeep,160,251,411,44.28223844282238
taegen,154,73,227,71.36563876651982
reno,22,4135,4157,197.88308876593698
jadynn,547,34,581,176.592082616179
lynnx,5,15,20,100.0
tonya,120412,435,120847,198.56016285054656
daly,308,48,356,146.06741573033707
jaquin,5,197,202,190.0990099009901
braxtyn,344,2012,2356,141.59592529711375
noey,10,29,39,97.43589743589743
taki,5,50,55,163.63636363636365
casen,22,6339,6361,198.61656972174185
sukhjit,10,11,21,9.523809523809524
romayne,1118,17,1135,194.00881057268722
teagen,839,723,1562,14.852752880921896
dionne,9845,440,10285,182.88770053475935
oakly,16,40,56,85.71428571428571
yeshia,82,5,87,177.01149425287358
wendolyn,1158,10,1168,196.57534246575344
brixxon,29,31,60,6.666666666666667
jobi,42,6,48,150.0
shai,1793,2254,4047,22.78230788238201
lesa,11409,12,11421,199.57972156553717
avan,57,966,1023,177.7126099706745
jovian,5,533,538,196.2825278810409
penny,100247,384,100631,198.4736313859546
jourdyn,804,136,940,142.12765957446808
millan,11,231,242,181.8181818181818
darrie,21,104,125,132.8
sai,455,1611,2066,111.90706679574056
kayin,82,540,622,147.2668810289389
calvary,131,94,225,32.88888888888889
jakhai,5,408,413,195.15738498789347
ora,39236,5616,44852,149.9152769107286
mikhael,8,1115,1123,197.15048975957257
emrie,1616,5,1621,198.7661937075879
reily,361,536,897,39.01895206243032
yan,99,927,1026,161.4035087719298
shalin,173,335,508,63.77952755905512
kayleigh,34212,7,34219,199.91817411379643
galaxy,365,42,407,158.7223587223587
excel,25,24,49,4.081632653061225
jennis,20,29,49,36.734693877551024
emary,185,13,198,173.73737373737376
jedidiah,40,9035,9075,198.23691460055096
leaster,40,17,57,80.7017543859649
toriana,642,5,647,196.90880989180835
renner,31,566,597,179.22948073701843
reign,7300,3662,10962,66.37474913336983
cimani,176,5,181,188.95027624309392
aury,187,5,192,189.58333333333331
mu,10,7,17,35.294117647058826
brewer,5,1080,1085,198.15668202764977
kamaurie,11,22,33,66.66666666666666
bow,5,247,252,192.06349206349208
chaney,1356,411,1767,106.9609507640068
brinley,13004,151,13155,195.40858988977575
rainey,2105,450,2555,129.5499021526419
caroline,247746,309,248055,199.50172340811514
jonell,2452,224,2676,166.5171898355755
kenlee,2155,64,2219,188.46327174402884
jami,21468,937,22405,183.2715911626869
casyn,26,492,518,179.9227799227799
luella,32252,16,32268,199.80166108838478
biak,57,22,79,88.60759493670885
tacori,64,36,100,56.00000000000001
universe,42,5,47,157.4468085106383
levin,5,1651,1656,198.79227053140096
earnell,5,17,22,109.09090909090908
bodie,90,7338,7428,195.1534733441034
alexiz,265,249,514,6.22568093385214
linnell,86,59,145,37.24137931034483
randi,29627,1136,30763,185.22900887429705
jaspen,17,58,75,109.33333333333333
kingston,193,44628,44821,198.2775930925236
siyam,5,32,37,145.94594594594594
kipp,5,2418,2423,199.1745769706975
rogene,806,5,811,197.53390875462392
roshaun,55,402,457,151.85995623632385
tenny,39,31,70,22.857142857142858
rawlins,31,139,170,127.05882352941175
glyndon,10,145,155,174.19354838709677
billy,5417,384025,389442,194.4361419672249
oda,1324,301,1625,125.9076923076923
velma,86731,450,87181,197.93532994574505
nil,145,122,267,17.228464419475657
joules,37,11,48,108.33333333333333
sivan,629,83,712,153.37078651685394
rowan,20976,45386,66362,73.56619752267865
argie,979,146,1125,148.0888888888889
nolen,10,3389,3399,198.8231832892027
dacoda,116,544,660,129.6969696969697
talor,552,196,748,95.18716577540107
lovelle,150,76,226,65.48672566371681
jerald,102,26166,26268,198.44677935130198
averill,110,228,338,69.8224852071006
johnelle,425,13,438,188.12785388127853
cordelle,5,94,99,179.7979797979798
nguyen,117,477,594,121.21212121212122
jasia,565,6,571,195.7968476357268
salix,6,42,48,150.0
ashlin,2551,155,2706,177.0879526977088
danyal,176,597,773,108.92626131953429
taelyn,2196,238,2434,160.8874281018899
jaquell,5,231,236,191.52542372881356
nian,7,5,12,33.33333333333333
briann,1609,20,1629,195.0890116635973
fynn,89,1535,1624,178.07881773399015
aston,209,2955,3164,173.57774968394438
kaydon,80,1381,1461,178.0971937029432
diondra,688,5,693,197.1139971139971
hunter,14056,259395,273451,179.4390951212466
brix,5,413,418,195.2153110047847
owyn,78,759,837,162.72401433691758
americus,480,142,622,108.68167202572347
madden,1383,7279,8662,136.13484183791272
ayce,6,771,777,196.91119691119692
nakoa,68,1030,1098,175.22768670309654
chaning,14,13,27,7.4074074074074066
phoenix,15480,23520,39000,41.23076923076923
aldie,11,21,32,62.5
lorie,21955,104,22059,198.11414842014597
aidynn,76,85,161,11.180124223602485
egypt,4537,780,5317,141.320293398533
alicia,230104,707,230811,198.77475510265975
laquinta,1209,27,1236,191.2621359223301
callihan,7,7,14,0.0
kameko,208,5,213,190.61032863849766
macauley,30,254,284,157.74647887323943
rain,3432,1095,4527,103.24718356527502
perl,583,85,668,149.10179640718565
jaki,100,248,348,85.0574712643678
alfredo,285,56765,57050,198.00175284837863
chamel,5,5,10,0.0
iden,5,463,468,195.72649572649573
mayer,59,2462,2521,190.6386354621182
jermoni,17,29,46,52.17391304347826
trine,308,40,348,154.02298850574712
nagi,5,118,123,183.739837398374
ariya,6890,30,6920,198.26589595375722
demetric,411,2126,2537,135.19905400078832
tieran,6,22,28,114.28571428571428
germaine,7904,2357,10261,108.11811714257871
maurya,130,26,156,133.33333333333331
saje,139,50,189,94.17989417989418
spirit,832,16,848,192.45283018867926
mathai,10,13,23,26.08695652173913
amiere,7,117,124,177.41935483870967
cleon,189,2993,3182,176.24135763670648
cale,84,8160,8244,195.92430858806404
kovi,19,70,89,114.6067415730337
shoua,282,83,365,109.04109589041096
ervin,138,38880,39018,198.5852683376903
greeley,39,38,77,2.5974025974025974
dyani,1294,20,1314,193.9117199391172
scout,4871,1960,6831,85.22910262040698
emiko,1789,5,1794,198.88517279821627
bertie,13725,856,14581,176.51738563884507
alba,7292,108,7400,194.16216216216216
aviyon,6,142,148,183.7837837837838
markelle,125,227,352,57.95454545454546
torry,236,1460,1696,144.33962264150944
haedyn,357,223,580,46.206896551724135
adrain,568,4247,4815,152.8141225337487
ajaye,5,6,11,18.181818181818183
kemonie,121,29,150,122.66666666666666
perla,20669,30,20699,199.42026184839847
makhi,52,4039,4091,194.9156685406991
zaedyn,5,769,774,197.41602067183464
dore,198,20,218,163.30275229357798
hawthorne,6,402,408,194.11764705882354
londin,141,6,147,183.67346938775512
melany,16595,5,16600,199.87951807228916
parrish,478,2697,3175,139.7795275590551
avionne,19,5,24,116.66666666666667
thierry,32,835,867,185.23644752018456
sami,1397,5111,6508,114.13644744929319
keelin,1040,347,1387,99.92790194664744
sophanna,10,7,17,35.294117647058826
mark,4496,1360769,1365265,198.68274657300964
aaryan,6,2074,2080,198.84615384615384
amri,448,39,487,167.9671457905544
gretchen,53768,38,53806,199.71750362413115
matt,5,23861,23866,199.91619877650214
merle,14718,30630,45348,70.17729558084149
azayah,103,78,181,27.624309392265197
jaydyn,707,1053,1760,39.31818181818182
charone,16,5,21,104.76190476190477
aarin,307,895,1202,97.8369384359401
iasiah,7,68,75,162.66666666666666
narvie,16,5,21,104.76190476190477
maahi,460,6,466,194.84978540772534
donnelle,318,236,554,29.602888086642597
jayleen,12825,199,13024,193.88820638820638
kasen,118,10778,10896,195.66813509544787
rane,124,214,338,53.25443786982249
mosi,11,105,116,162.06896551724137
elize,425,16,441,185.4875283446712
theo,3482,31858,35340,160.58856819468025
robin,291558,46562,338120,144.91659765763634
jadie,792,61,853,171.39507620164127
kendale,55,973,1028,178.59922178988327
lyndale,5,25,30,133.33333333333331
jaxen,44,5523,5567,196.83851266391235
avani,3905,49,3954,195.04299443601417
kian,105,12653,12758,196.7079479542248
shaquelle,45,73,118,47.45762711864407
neima,101,5,106,181.13207547169813
nikai,5,151,156,187.17948717948718
lorane,423,5,428,195.32710280373834
solomon,11,37284,37295,199.88202171872905
nina,132820,250,133070,199.24851581874202
errin,848,271,1119,103.1277926720286
tyan,68,222,290,106.20689655172413
kentrell,66,4180,4246,193.78238341968913
ersie,415,5,420,195.23809523809524
kery,76,60,136,23.52941176470588
alonzia,17,5,22,109.09090909090908
hubert,189,57538,57727,198.69038751364178
cosby,23,212,235,160.85106382978725
othel,154,732,886,130.47404063205417
acire,77,5,82,175.609756097561
kohyn,15,63,78,123.07692307692308
alani,16949,105,17054,197.53723466635392
sammy,1732,43289,45021,184.61162568579107
alexey,19,549,568,186.61971830985914
davonne,198,393,591,65.98984771573603
shyah,136,5,141,185.81560283687944
tajai,147,170,317,14.511041009463725
rowdie,5,5,10,0.0
elena,103149,98,103247,199.62032795141747
nathel,5,5,10,0.0
kacyn,54,240,294,126.53061224489797
traeh,76,29,105,89.52380952380953
caysen,54,2248,2302,190.61685490877497
camaron,52,715,767,172.8813559322034
mazari,21,11,32,62.5
draven,253,7545,7798,187.02231341369583
merida,1501,5,1506,198.67197875166002
kiegan,5,160,165,187.87878787878788
mishael,178,444,622,85.53054662379421
ermias,6,2060,2066,198.83833494675702
eliot,554,7759,8313,173.3429568146277
nicco,5,1146,1151,198.26238053866203
holli,8731,5,8736,199.77106227106228
carl,3190,504635,507825,197.48732338896272
fran,4965,368,5333,172.39827489218075
legacy,5341,2462,7803,73.7921312315776
melville,14,2269,2283,197.54708716600965
arleigh,691,517,1208,28.807947019867548
renardo,12,780,792,193.93939393939394
ronie,220,253,473,13.953488372093023
ingram,13,419,432,187.96296296296296
marcos,162,52989,53151,198.78083196929504
camiri,5,7,12,33.33333333333333
million,76,403,479,136.53444676409185
graycin,41,39,80,5.0
joelle,15863,520,16383,187.3039125923213
anahi,18730,31,18761,199.3390544214061
dallace,11,5,16,75.0
merci,947,53,1000,178.8
walter,3632,629783,633415,197.706401016711
cornie,172,168,340,2.3529411764705883
meril,20,130,150,146.66666666666666
thyri,299,10,309,187.05501618122977
nakie,8,14,22,54.54545454545454
russell,1696,358820,360516,198.11825272664737
pascal,11,2519,2530,198.2608695652174
sylvester,627,43165,43792,194.27292656192913
amethyst,4376,11,4387,198.99703669933893
trysten,285,1410,1695,132.7433628318584
lei,647,31,678,181.7109144542773
arthur,3200,544857,548057,197.66447650518103
zariel,231,86,317,91.48264984227129
copeland,262,1060,1322,120.72617246596067
shawne,810,429,1239,61.50121065375303
tagen,99,166,265,50.56603773584906
kha,5,88,93,178.49462365591398
koree,447,262,709,52.186177715091674
ottis,174,4458,4632,184.9740932642487
vernon,1976,146276,148252,194.66853735531393
garren,17,1857,1874,196.37139807897546
devonne,958,698,1656,31.40096618357488
levy,311,3818,4129,169.87163962218455
asheton,78,105,183,29.508196721311474
keigan,155,922,1077,142.43268337975857
roxie,18374,203,18577,195.62900360661033
jaylyne,112,5,117,182.9059829059829
alexy,381,301,682,23.46041055718475
glee,781,20,801,190.01248439450686
sherron,2947,526,3473,139.41837028505614
skyller,9,23,32,87.5
jalynn,4757,377,5134,170.62719127386055
sally,205026,647,205673,198.74169190900116
houa,181,79,260,78.46153846153847
vickey,5807,140,5947,190.5834874726753
cooper,2601,116203,118804,191.242719100367
shelvie,294,6,300,192.0
doha,153,5,158,187.34177215189874
asiel,6,811,817,197.062423500612
kandia,15,5,20,100.0
sabri,38,188,226,132.7433628318584
micah,13738,115705,129443,157.54733743810016
esley,52,268,320,135.0
kriss,377,555,932,38.197424892703864
brynlee,20940,21,20961,199.59925576069844
shawon,40,165,205,121.95121951219512
yecenia,1230,5,1235,198.38056680161944
johnie,5139,20920,26059,121.11746421581795
finnie,5,25,30,133.33333333333331
kaydence,17396,839,18235,181.59583219084178
cardin,25,341,366,172.6775956284153
gill,56,1218,1274,182.41758241758242
darrel,122,29749,29871,198.36630845971007
wilmoth,178,30,208,142.30769230769232
jingyi,31,5,36,144.44444444444443
vallen,62,232,294,115.64625850340136
sinan,5,418,423,195.27186761229314
sevn,7,83,90,168.88888888888889
capri,5883,119,6002,192.06931022992336
madsen,5,152,157,187.2611464968153
arion,620,2139,2759,110.1123595505618
caylen,663,357,1020,60.0
edison,216,12244,12460,193.0658105939005
vision,82,85,167,3.592814371257485
dayshawn,5,1345,1350,198.5185185185185
sadra,33,13,46,86.95652173913044
bronze,5,108,113,182.3008849557522
wylde,5,95,100,180.0
donta,91,3889,3980,190.85427135678393
rorie,1022,13,1035,194.975845410628
miguel,996,188883,189879,197.90182168644242
shay,8042,4947,12989,47.65570867657248
manjot,95,141,236,38.983050847457626
shiron,88,32,120,93.33333333333333
juwan,10,3769,3779,198.9415189203493
kathleen,713438,1691,715129,199.0541566626441
elyn,568,11,579,192.4006908462867
martine,2697,313,3010,158.40531561461796
devry,11,27,38,84.21052631578947
mac,53,11005,11058,198.08283595586906
susan,1123232,2542,1125774,199.096799179942
darley,12,6,18,66.66666666666666
joen,34,71,105,70.47619047619048
given,23,91,114,119.29824561403508
kirian,10,20,30,66.66666666666666
wendell,567,53696,54263,195.8203564122883
kiya,4075,23,4098,197.75500244021472
lafayette,21,4854,4875,198.27692307692308
climmie,461,260,721,55.75589459084605
kennedi,15135,15,15150,199.6039603960396
quincie,307,5,312,193.5897435897436
kelle,2302,43,2345,192.66524520255862
amias,7,2672,2679,198.95483389324374
daylee,447,6,453,194.7019867549669
shiraz,57,119,176,70.45454545454545
halston,626,851,1477,30.46716316858497
nija,815,19,834,190.8872901678657
janine,33488,11,33499,199.86865279560584
dune,5,88,93,178.49462365591398
era,5890,54,5944,196.36608344549126
larson,84,1627,1711,180.36236119228522
ivor,46,854,900,179.55555555555554
bobbye,3172,97,3269,188.13092688895688
rivan,5,200,205,190.2439024390244
mardie,62,5,67,170.1492537313433
jordain,215,59,274,113.86861313868613
shannon,295710,52336,348046,139.85162880768632
kylian,12,3287,3299,198.54501364049713
dania,8587,5,8592,199.76722532588454
byrd,253,709,962,94.8024948024948
emryn,850,64,914,171.99124726477024
savion,17,4890,4907,198.6142245771347
harlow,13001,2500,15501,135.4880330301271
deion,123,5949,6072,191.89723320158103
delane,955,923,1878,3.407880724174654
aslan,90,1439,1529,176.4551994767822
ebubechukwu,5,128,133,184.9624060150376
raine,3119,577,3696,137.55411255411255
keiran,143,1027,1170,151.11111111111111
rana,4503,164,4667,185.9438611527748
eliyah,1388,739,2127,61.0249177244946
dondra,489,20,509,184.2829076620825
luna,81568,109,81677,199.4661899922867
juna,986,5,991,197.98183652875883
iniki,45,7,52,146.15384615384613
ethel,278890,1490,280380,197.87431343177118
chaim,6,11647,11653,199.79404445207243
valin,5,133,138,185.5072463768116
denni,197,15,212,171.69811320754718
luca,1624,68707,70331,190.76367462427663
welcome,23,147,170,145.88235294117646
babe,383,345,728,10.43956043956044
deivion,7,10,17,35.294117647058826
robie,642,1176,1818,58.745874587458744
andee,1164,5,1169,198.2891360136869
jayda,21074,24,21098,199.54498056687837
dashan,10,210,220,181.8181818181818
elvy,110,57,167,63.47305389221557
johann,650,4784,5434,152.1531100478469
magdalena,19446,10,19456,199.79440789473685
mckenley,300,41,341,151.90615835777126
terre,838,99,937,157.7374599786553
anderson,1474,33090,34564,182.9417891447749
patience,12249,44,12293,198.5682908972586
jess,477,25045,25522,192.52409685761305
ardell,2635,2435,5070,7.889546351084813
superior,12,15,27,22.22222222222222
quinton,42,31385,31427,199.4654278168454
heriberto,16,10227,10243,199.37518305184028
lorence,6,679,685,196.49635036496352
symba,35,7,42,133.33333333333331
jimie,5,200,205,190.2439024390244
brooks,1605,53047,54652,188.25294591231793
keena,2196,141,2337,175.86649550706034
ryn,254,54,308,129.87012987012986
lorrain,636,10,646,193.80804953560371
kaedence,570,25,595,183.19327731092437
rayane,7,128,135,179.25925925925924
riggins,5,893,898,197.77282850779508
anna,912251,2756,915007,198.79520047387615
zelda,16406,5,16411,199.8781305222107
jadeyn,692,43,735,176.59863945578232
cha,37,253,290,148.96551724137933
theresa,404471,1218,405689,198.79908008351222
dynasty,2344,10,2354,198.30076465590486
hayze,11,506,517,191.48936170212767
amarey,5,52,57,164.91228070175438
griffyn,58,450,508,154.3307086614173
maclyn,89,14,103,145.63106796116506
karmani,60,15,75,120.0
mishal,233,5,238,191.5966386554622
chanel,18926,85,19011,198.21156172742096
flossie,21808,37,21845,199.32249942778668
saquan,7,760,767,196.34941329856582
ossie,2917,1677,4594,53.983456682629516
isis,11750,12,11762,199.59190613841184
donya,2328,265,2593,159.1207096027767
evone,410,5,415,195.18072289156626
ehrin,33,22,55,40.0
jem,102,64,166,45.78313253012048
beren,76,288,364,116.4835164835165
laron,119,5178,5297,191.01378138569
aracely,9754,11,9765,199.54941116231439
merion,119,157,276,27.536231884057973
kodie,1326,1347,2673,1.5712682379349048
jamauri,11,1009,1020,195.68627450980392
oluwapelumi,11,25,36,77.77777777777779
kendrell,18,898,916,192.13973799126637
kerrin,1004,10,1014,196.0552268244576
texas,235,477,712,67.97752808988764
lainey,22669,5,22674,199.91179324336244
jasani,422,233,655,57.709923664122144
breaun,16,5,21,104.76190476190477
iyah,206,5,211,190.521327014218
zeplyn,98,22,120,126.66666666666666
kaydan,134,709,843,136.41755634638199
muriel,54852,762,55614,194.51936562736
leslie,270029,112958,382987,82.02419403269563
mylen,10,221,231,182.6839826839827
reather,912,5,917,197.81897491821155
kior,317,123,440,88.18181818181819
rhyder,150,1183,1333,154.9887471867967
shemaiah,264,12,276,182.6086956521739
remedy,798,21,819,189.74358974358972
kenyotta,130,20,150,146.66666666666666
christiane,2257,6,2263,198.93946089262042
kerri,37011,348,37359,196.2739902031639
tokunbo,5,10,15,66.66666666666666
hadyn,487,548,1035,11.787439613526569
shaquane,5,5,10,0.0
shadie,101,16,117,145.2991452991453
donye,86,284,370,107.02702702702702
riane,534,5,539,196.28942486085344
lu,4040,35,4075,196.5644171779141
pearly,1689,208,1897,156.14127569847128
axel,201,68288,68489,198.82608886098498
jalil,5,2880,2885,199.30675909878684
maryon,425,5,430,195.3488372093023
argelis,5,36,41,151.21951219512195
nelson,431,79398,79829,197.84038382041612
consepcion,268,6,274,191.24087591240877
elliott,7675,60250,67925,154.8030916451969
christion,17,1196,1213,194.39406430338005
pace,58,878,936,175.2136752136752
desha,813,5,818,197.55501222493888
ha,422,73,495,141.010101010101
nassiah,12,51,63,123.80952380952381
teagon,17,125,142,152.11267605633802
stephon,14,8762,8776,199.36189608021877
cortland,49,2117,2166,190.95106186518927
angelina,125386,111,125497,199.64620668223145
ramone,12,2406,2418,198.014888337469
infantof,67,57,124,16.129032258064516
shandon,184,748,932,121.03004291845494
chevy,860,3678,4538,124.1956809167034
devynn,1095,190,1285,140.85603112840468
jiaqi,49,5,54,162.96296296296296
mica,2693,958,3651,95.04245412215832
shaquon,13,124,137,162.04379562043795
bloom,206,10,216,181.4814814814815
lattie,393,136,529,97.16446124763705
haeden,34,263,297,154.20875420875421
henry,4599,756825,761424,197.58400050431823
brazos,15,347,362,183.4254143646409
ezri,1011,208,1219,131.7473338802297
deena,13639,5,13644,199.85341542069776
quay,15,397,412,185.4368932038835
taygen,222,166,388,28.865979381443296
jourden,84,201,285,82.10526315789474
namarii,10,5,15,66.66666666666666
takaya,78,5,83,175.9036144578313
dayon,11,739,750,194.13333333333333
baylor,3314,8183,11497,84.70035661476906
eri,477,385,862,21.34570765661253
sitha,8,5,13,46.15384615384615
copelyn,191,21,212,160.37735849056605
betsy,48881,10,48891,199.91818535108712
astrid,13320,8,13328,199.75990396158463
lasean,155,418,573,91.7975567190227
melvis,54,44,98,20.408163265306122
rosa,176963,1173,178136,197.36605739435038
laurin,1597,481,2078,107.41097208854669
isabella,406196,452,406648,199.55538942771142
latrelle,570,251,821,77.7101096224117
riah,614,15,629,190.4610492845787
brady,2086,95689,97775,191.4661211966249
kurtis,25,18089,18114,199.44794081925582
sary,73,5,78,174.35897435897436
breanna,82301,65,82366,199.68433576961368
riel,28,95,123,108.9430894308943
rocco,5,30998,31003,199.93549011385997
arwyn,625,40,665,175.93984962406014
zola,9117,26,9143,198.8625177731598
traci,52172,233,52405,198.22154374582578
lyndell,828,1960,2788,81.2051649928264
shantez,29,48,77,49.35064935064935
bertis,19,455,474,183.9662447257384
meraki,7,5,12,33.33333333333333
trinidad,4347,5357,9704,20.8161582852432
remie,529,16,545,188.25688073394497
virgil,1444,71881,73325,192.12274122059324
naja,1275,6,1281,198.12646370023418
rylin,1736,1028,2764,51.230101302460206
owynn,77,155,232,67.24137931034483
glynis,2014,10,2024,198.02371541501975
daegan,48,898,946,179.70401691331924
khole,763,84,847,160.3305785123967
dee,15831,7269,23100,74.12987012987014
ines,6535,399,6934,176.98298240553794
jael,4401,3239,7640,30.41884816753927
penelope,103215,53,103268,199.79470891273192
jawan,12,1453,1465,196.72354948805463
jezreel,209,665,874,104.34782608695652
eliah,454,1122,1576,84.77157360406092
levis,15,273,288,179.16666666666669
kyler,2362,38173,40535,176.6917478722092
sheena,22365,67,22432,198.80527817403708
julissa,25678,11,25689,199.82872046401184
mckenzy,1008,35,1043,186.5771812080537
chaniel,17,10,27,51.85185185185185
esperanza,20654,35,20689,199.323311904877
jamaica,1532,37,1569,190.5672402804334
niko,487,13576,14063,186.14804806940197
shaka,142,692,834,131.89448441247004
yoshi,91,212,303,79.86798679867987
haidyn,2184,688,2872,104.17827298050139
dia,2216,117,2333,179.93999142734677
elwin,5,5156,5161,199.61247820189885
lafrance,60,29,89,69.66292134831461
ladean,568,5,573,196.50959860383944
tabor,87,721,808,156.93069306930693
orie,428,1715,2143,120.11199253383107
neale,5,915,920,197.82608695652172
demaree,11,76,87,149.42528735632183
memphys,53,59,112,10.714285714285714
lorenzo,314,82665,82979,198.48636401981224
renne,578,61,639,161.8153364632238
rivers,734,1843,2577,86.06907256499807
rhyon,27,32,59,16.94915254237288
ase,116,110,226,5.3097345132743365
abigail,408235,672,408907,199.34263781250993
venice,2922,278,3200,165.25
kaiya,8330,33,8363,198.42161903623102
kyper,11,35,46,104.34782608695652
alexandria,103886,230,104116,199.1163702024665
tere,385,6,391,193.8618925831202
kylee,50026,498,50524,196.05731929380096
tha,20,37,57,59.64912280701754
mannon,5,7,12,33.33333333333333
tali,1404,72,1476,180.4878048780488
sparrow,968,174,1142,139.05429071803852
yiran,37,10,47,114.89361702127661
tolulope,152,38,190,120.0
alois,186,2517,2703,172.47502774694783
thiago,28,29347,29375,199.61872340425532
ashdyn,6,36,42,142.85714285714286
carolina,47196,137,47333,198.84224536792513
rocki,55,5,60,166.66666666666669
quintell,5,175,180,188.88888888888889
banner,35,731,766,181.72323759791124
raelin,774,5,779,197.43260590500643
onis,5,263,268,192.53731343283582
ariyan,392,559,951,35.120925341745526
zaya,2359,58,2417,190.4013239553165
fayne,104,54,158,63.29113924050633
nation,68,401,469,142.0042643923241
juelz,168,4006,4174,183.90033540967897
adrian,15675,267752,283427,177.87790154078476
rynn,355,34,389,165.03856041131107
sharone,583,150,733,118.14461118690313
credence,21,122,143,141.25874125874125
aleksa,540,62,602,158.80398671096344
onix,6,348,354,193.22033898305085
peter,1943,587633,589576,198.68176452230077
young,530,2234,2764,123.29956584659914
karon,6208,3177,9385,64.5924347362813
cadin,16,644,660,190.3030303030303
dayna,14441,87,14528,197.60462555066078
coast,55,490,545,159.63302752293578
khouri,31,11,42,95.23809523809523
enai,5,6,11,18.181818181818183
calder,37,2070,2107,192.97579496915046
shamik,5,51,56,164.28571428571428
vernell,7124,3344,10468,72.22009935040123
rumani,200,11,211,179.14691943127963
franklin,778,140810,141588,197.80207362205837
joaquin,53,34664,34717,199.38934815796296
brennen,178,9018,9196,192.25750326228794
logan,31059,382352,413411,169.94854999020345
delphine,10407,33,10440,198.73563218390805
derick,39,19651,19690,199.20771965464704
rassie,5,20,25,120.0
delaney,44153,1201,45354,189.4077699872117
leno,6,651,657,196.34703196347033
marke,5,159,164,187.80487804878047
arka,6,80,86,172.09302325581396
theon,9,402,411,191.24087591240877
kannyn,44,21,65,70.76923076923077
sorin,20,489,509,184.2829076620825
kopelyn,118,7,125,177.6
samuelle,11,39,50,112.00000000000001
jeral,10,421,431,190.71925754060322
dominic,1247,190111,191358,197.3933674055958
raney,342,71,413,131.23486682808715
chapel,249,135,384,59.375
majd,10,586,596,193.28859060402687
lamar,1265,33846,35111,185.58856198912022
abrar,532,543,1075,2.0465116279069764
hawley,67,150,217,76.49769585253456
mabel,140754,409,141163,198.84105608410135
ashely,6515,70,6585,195.74791192103265
oralia,5745,5,5750,199.6521739130435
blakley,706,49,755,174.03973509933775
zeddie,15,63,78,123.07692307692308
kayse,447,69,516,146.51162790697674
graecyn,62,5,67,170.1492537313433
marle,46,6,52,153.84615384615387
alishah,66,6,72,166.66666666666669
madeline,204275,245,204520,199.5208292587522
jayd,343,117,460,98.26086956521739
evon,3732,755,4487,132.69445063516827
neshawn,10,64,74,145.94594594594594
carlton,277,48847,49124,197.74448334826153
cady,2424,20,2444,196.7266775777414
ziyon,109,845,954,154.29769392033543
veril,5,22,27,125.92592592592592
araoluwa,103,37,140,94.28571428571428
gin,7,35,42,133.33333333333331
vinh,10,1518,1528,197.38219895287958
zymir,5,1746,1751,198.85779554540264
jazmond,10,17,27,51.85185185185185
ilhan,412,158,570,89.12280701754386
denver,3909,18593,22502,130.51284330281754
keshon,48,1232,1280,185.0
sybil,20207,5,20212,199.90104888185238
kayne,15,2340,2355,197.45222929936307
oley,5,373,378,194.7089947089947
carman,2407,1084,3491,75.79490117444858
dimitri,99,9398,9497,195.83026218805938
carmon,1586,1250,2836,23.695345557122707
ester,16127,891,17018,179.05746856269832
danial,80,9386,9466,196.6194802450877
sonja,39476,44,39520,199.55465587044534
aubie,5,24,29,131.0344827586207
taaj,5,84,89,177.52808988764045
callin,7,127,134,179.1044776119403
agam,148,422,570,96.14035087719299
dominigue,165,46,211,112.7962085308057
kerrigan,2430,105,2535,183.4319526627219
mikala,4008,10,4018,199.00447984071675
elyan,11,321,332,186.74698795180723
yasha,212,58,270,114.07407407407408
layne,5522,13935,19457,86.47787428688903
katy,20886,5,20891,199.90426499449524
evyn,1047,744,1791,33.835845896147404
marlo,7155,3583,10738,66.53008008940212
johnathan,349,97656,98005,198.57558287842457
kashawn,78,1105,1183,173.62637362637363
breyon,95,721,816,153.4313725490196
roberto,834,112117,112951,197.04650689236928
amnen,31,117,148,116.21621621621621
beckley,118,5,123,183.739837398374
levvy,12,5,17,82.35294117647058
sequoia,3839,476,4315,155.87485515643104
torii,79,17,96,129.16666666666669
daran,10,590,600,193.33333333333334
jadence,175,36,211,131.75355450236967
darrin,132,29581,29713,198.2230000336553
thaddeus,32,25739,25771,199.50331768266656
ivis,312,114,426,92.95774647887323
macyn,914,142,1056,146.21212121212122
karee,756,85,841,159.5719381688466
clara,296898,1016,297914,198.63584792926818
krishawn,12,175,187,174.33155080213905
jordon,1846,13735,15581,152.6089467941724
summers,65,11,76,142.10526315789474
maranatha,402,5,407,195.08599508599508
syan,103,57,160,57.49999999999999
corrigan,45,204,249,127.71084337349396
dejah,3163,5,3168,199.36868686868686
casper,21,5951,5972,198.5934360348292
camarie,229,21,250,166.4
ismael,73,42900,42973,199.32050357201032
florenz,9,23,32,87.5
kirklyn,54,24,78,76.92307692307693
zyonn,5,102,107,181.30841121495328
zander,36,27932,27968,199.48512585812358
nyne,5,31,36,144.44444444444443
kaylix,10,58,68,141.1764705882353
glyn,92,1383,1475,175.0508474576271
chanse,16,1155,1171,194.53458582408197
jaimeson,16,343,359,182.17270194986074
cashlin,16,14,30,13.333333333333334
xamari,6,41,47,148.93617021276594
kortney,5313,436,5749,169.664289441642
tami,37914,90,38004,199.052731291443
miccah,6,42,48,150.0
alda,4966,10,4976,199.19614147909968
keyoni,183,17,200,166.0
lexington,1298,1011,2309,24.859246427024686
brantleigh,87,5,92,178.26086956521738
lumi,580,26,606,182.83828382838283
caden,937,70293,71230,194.73817211848942
oleander,13,54,67,122.38805970149254
zachariah,37,30668,30705,199.51799381208272
brook,10597,3376,13973,103.35647319831102
brandyn,442,4751,5193,165.95416907375312
ashton,19574,86447,106021,126.1504796219617
keari,362,17,379,182.05804749340368
ziare,84,534,618,145.63106796116506
quincy,5098,27349,32447,137.15289549110858
clarice,25421,96,25517,198.49512089979228
jalyn,4818,1783,6601,91.95576427813967
prophecy,10,10,20,0.0
otha,1403,6386,7789,127.9496726152266
golden,2247,2886,5133,24.89772063120982
mikell,534,1524,2058,96.20991253644316
vernis,187,293,480,44.166666666666664
zachary,1529,550089,551618,198.89126170647077
riyaan,34,553,587,176.8313458262351
jakel,11,320,331,186.70694864048338
tamra,13710,5,13715,199.8541742617572
lois,332830,2644,335474,196.8474457036909
jadis,214,184,398,15.07537688442211
rejean,8,18,26,76.92307692307693
cleaster,110,27,137,121.16788321167884
alexie,1627,272,1899,142.70668773038443
skylur,58,76,134,26.865671641791046
gabriele,2073,868,2941,81.9449166950017
brinn,596,15,611,190.1800327332242
emmanuel,372,89020,89392,198.33542151422947
ragene,45,9,54,133.33333333333331
shandell,526,68,594,154.20875420875421
kielyn,91,5,96,179.16666666666669
burnie,62,876,938,173.56076759061833
glendon,64,4683,4747,194.60712028649675
kaidynn,53,31,84,52.38095238095239
derrian,88,676,764,153.92670157068062
jadrien,5,357,362,194.47513812154696
noell,634,88,722,151.24653739612188
davae,47,5,52,161.53846153846155
gabriell,1290,408,1698,103.886925795053
wildred,31,5,36,144.44444444444443
aleksi,28,90,118,105.08474576271188
edith,270279,825,271104,198.78275495750708
davey,191,3312,3503,178.1901227519269
lavonta,11,327,338,186.98224852071007
astyn,54,29,83,60.24096385542169
lindel,16,340,356,182.02247191011236
christ,52,3940,3992,194.78957915831663
teygan,27,15,42,57.14285714285714
santiago,131,96232,96363,199.45622282411298
snehal,6,49,55,156.36363636363637
abie,67,723,790,166.0759493670886
karman,592,66,658,159.87841945288756
micale,6,15,21,85.71428571428571
mahzi,11,212,223,180.26905829596413
alby,15,79,94,136.17021276595744
yeabsira,13,41,54,103.7037037037037
zoe,157579,584,158163,198.52304268381354
khylan,11,695,706,193.76770538243625
trudy,25598,5,25603,199.92188415420065
kamare,5,198,203,190.14778325123152
farrah,11984,7,11991,199.76649153531815
dalas,10,24,34,82.35294117647058
makenna,33235,8,33243,199.90373913305058
denys,426,206,632,69.62025316455697
jerzee,460,17,477,185.74423480083857
yareth,249,375,624,40.38461538461539
peri,2442,10,2452,198.36867862969007
mika,6621,1327,7948,133.21590337191748
breylin,78,190,268,83.5820895522388
yandel,9,3693,3702,199.02755267423012
barret,5,1354,1359,198.5283296541575
eko,5,30,35,142.85714285714286
demetruis,5,814,819,197.55799755799757
naylen,5,27,32,137.5
barclay,24,954,978,190.1840490797546
boston,989,10448,11437,165.41050974906005
michelle,815849,3250,819099,198.41289026112838
wilde,12,142,154,168.8311688311688
revel,137,340,477,85.1153039832285
mickenzie,640,44,684,174.26900584795322
thea,19237,5,19242,199.8960607005509
jaret,22,2951,2973,197.04002690884627
lavonne,16442,217,16659,194.78960321748005
chaquille,5,22,27,125.92592592592592
jaziyah,1071,43,1114,184.56014362657092
lang,6,549,555,195.67567567567568
tymber,566,41,607,172.9818780889621
reiley,618,324,942,62.42038216560509
abi,622,22,644,186.33540372670808
kolya,6,14,20,80.0
shawn,33040,306134,339174,161.03474912581743
koa,714,6410,7124,159.91016282987084
havyn,1126,65,1191,178.1696053736356
demarcus,29,13552,13581,199.14586554745603
ashleigh,31844,83,31927,198.9601277915244
twan,27,217,244,155.7377049180328
jacky,1193,6583,7776,138.63168724279836
evin,511,3164,3675,144.38095238095238
praise,868,370,1238,80.45234248788368
gardner,5,2997,3002,199.33377748167888
rythm,5,5,10,0.0
sugar,135,46,181,98.34254143646409
simran,2840,134,2974,181.97713517148622
mikele,65,66,131,1.5267175572519083
kyran,133,3081,3214,183.4474175482265
mahi,1202,42,1244,186.4951768488746
jayline,1092,5,1097,198.17684594348222
jehan,347,149,496,79.83870967741935
nyjah,624,803,1427,25.087596355991593
linnie,7983,712,8695,167.2455434157562
delain,30,5,35,142.85714285714286
ezryn,11,90,101,156.43564356435644
deontra,18,135,153,152.94117647058823
machel,118,10,128,168.75
bille,28,23,51,19.607843137254903
omer,67,8784,8851,196.97209354875156
cass,133,1841,1974,173.04964539007094
raeshawn,124,351,475,95.57894736842105
donique,122,36,158,108.86075949367088
wander,54,35,89,42.69662921348314
akon,27,97,124,112.90322580645163
mckayden,6,6,12,0.0
shun,30,909,939,187.22044728434503
whitaker,11,781,792,194.44444444444443
vondell,279,204,483,31.05590062111801
keaghan,95,304,399,104.76190476190477
aidan,2719,117370,120089,190.943383657121
marvis,1366,1102,2468,21.39384116693679
kahler,6,53,59,159.32203389830508
doll,363,24,387,175.19379844961242
findley,125,336,461,91.54013015184381
alonzo,154,45360,45514,198.64657028606584
burnette,764,234,998,106.21242484969939
clydell,83,137,220,49.09090909090909
constance,139832,419,140251,198.80499960784593
kai,8243,66409,74652,155.83239564914538
kylen,597,4531,5128,153.43213728549142
khyler,123,662,785,137.3248407643312
shavonte,233,48,281,131.67259786476868
lennex,92,131,223,34.97757847533632
paige,145848,1335,147183,196.37186359837753
cadence,22182,2049,24231,166.17556023275966
marne,849,38,887,182.86358511837653
armoni,2175,1424,3599,41.73381494859683
damaria,466,69,535,148.41121495327104
mankirat,22,39,61,55.73770491803278
virgle,33,2196,2229,194.07806191117092
jordie,139,149,288,6.944444444444445
dickie,260,4459,4719,177.96143250688706
kristion,5,176,181,188.95027624309392
graysen,783,4252,5035,137.79543197616684
laakea,10,199,209,180.86124401913875
vivin,5,87,92,178.26086956521738
elysia,4341,7,4348,199.35602575896965
darrick,11,8115,8126,199.45852818114693
shaia,93,6,99,175.75757575757575
jermiyah,168,17,185,163.24324324324323
theron,40,12905,12945,198.76400154499808
rendy,141,17,158,156.96202531645568
calvin,1216,218340,219556,197.78461986919055
algie,361,1529,1890,123.5978835978836
bexley,2969,240,3209,170.08413836086007
quintin,7,15472,15479,199.8191097616125
amren,18,16,34,11.76470588235294
tanaka,129,10,139,171.22302158273382
alisa,34578,22,34600,199.7456647398844
shamarion,5,284,289,193.07958477508652
emir,5,5066,5071,199.60560047327945
nautica,2229,55,2284,190.3677758318739
darriell,54,11,65,132.3076923076923
yichen,75,208,283,93.99293286219081
johnni,261,11,272,183.8235294117647
oshen,10,144,154,174.02597402597402
ramona,70496,249,70745,198.59212665206022
angela,672480,2135,674615,198.73409277884423
kamauri,338,781,1119,79.17783735478106
ravin,988,247,1235,120.0
eugene,2632,380453,383085,197.2517848519258
bella,81537,45,81582,199.77936309480035
mickell,51,136,187,90.9090909090909
rigoberto,7,11338,11345,199.75319524019392
kirkland,18,2159,2177,196.69269637115298
kopper,5,14,19,94.73684210526315
alai,59,6,65,163.07692307692307
yarrow,86,54,140,45.714285714285715
darin,364,32517,32881,195.5719108299626
pal,15,187,202,170.2970297029703
sarom,5,10,15,66.66666666666666
wesson,5,2961,2966,199.32569116655426
samay,41,402,443,162.97968397291197
tion,16,439,455,185.93406593406593
zamani,204,46,250,126.4
nevin,99,6342,6441,193.85188635305076
azur,13,34,47,89.36170212765957
georg,10,486,496,191.93548387096774
deshon,166,2537,2703,175.4347021827599
russel,12,16584,16596,199.7107736804049
zavery,5,46,51,160.7843137254902
davon,367,13318,13685,189.27292656192913
supreme,14,537,551,189.8366606170599
ilia,787,200,987,118.94630192502534
bex,23,89,112,117.85714285714286
commie,17,39,56,78.57142857142857
teddie,1042,1451,2493,32.81187324508624
bohen,7,69,76,163.1578947368421
rennie,927,999,1926,7.476635514018691
patsy,119425,7713,127138,175.73345498592082
marlan,14,1217,1231,195.45085296506906
wynn,1366,2535,3901,59.933350422968466
keisha,22227,44,22271,199.2097346324817
chastain,5,5,10,0.0
amavi,73,30,103,83.49514563106796
jihan,605,114,719,136.5785813630042
bowyn,39,187,226,130.97345132743362
moe,62,724,786,168.44783715012724
lorin,2667,4728,7395,55.740365111561864
avry,562,504,1066,10.881801125703564
mozelle,5338,11,5349,199.1774163395027
oceane,193,5,198,189.8989898989899
heron,16,670,686,190.67055393586006
janel,12015,32,12047,198.9374948119864
justyn,152,4372,4524,186.5605658709107
edner,33,7,40,130.0
marissa,120711,270,120981,199.10729784015672
khamil,75,28,103,91.2621359223301
clint,54,32673,32727,199.33999449995417
barkot,16,87,103,137.8640776699029
linsey,5118,240,5358,182.0828667413214
kambryn,169,20,189,157.67195767195767
corry,314,2166,2480,149.35483870967744
chelsea,162562,451,163013,198.89333979498568
garnett,2784,3852,6636,32.1880650994575
kennyatta,10,5,15,66.66666666666666
orlean,543,22,565,184.42477876106193
tye,358,5186,5544,174.17027417027418
barin,27,32,59,16.94915254237288
jaedon,33,2136,2169,193.91424619640387
cher,1721,110,1831,175.96941561987984
lain,27,469,496,178.2258064516129
isaac,774,325457,326231,199.05097921411513
krishi,12,28,40,80.0
shaquil,7,206,213,186.85446009389673
teigan,1514,624,2138,83.25537885874648
riyan,680,1059,1739,43.588269120184016
marsai,114,26,140,125.71428571428571
cyle,15,1971,1986,196.97885196374622
lauryn,22003,12,22015,199.78196684079037
clio,831,25,856,188.3177570093458
arzell,8,81,89,164.04494382022472
jase,127,23523,23650,197.85200845665963
braylon,158,18497,18655,196.6121683194854
sabrina,141633,347,141980,199.02239752077756
raygen,564,72,636,154.7169811320755
kannon,130,5775,5905,191.1939034716342
lakeisha,12848,36,12884,198.8823346786712
charli,11090,146,11236,194.80242079031683
ansley,11705,290,11995,190.32930387661526
emree,1026,15,1041,194.2363112391931
porsha,4026,6,4032,199.4047619047619
kylin,1324,1997,3321,40.52996085516411
mandy,42435,138,42573,198.7034035656402
darryl,1134,92211,93345,195.140607424072
bonney,447,5,452,195.57522123893804
nicolas,179,99521,99700,199.28184553660984
sana,4722,5,4727,199.5768986672308
monzerrat,559,5,564,196.45390070921985
raziel,46,1509,1555,188.16720257234726
amazin,131,18,149,151.6778523489933
arvis,189,640,829,108.80579010856452
johana,6885,11,6896,199.3619489559165
arlin,806,4026,4832,133.27814569536426
euriah,5,93,98,179.59183673469389
jeylen,18,15,33,18.181818181818183
porter,924,20274,21198,182.56439286725163
caziah,18,39,57,73.68421052631578
gift,165,38,203,125.1231527093596
yahel,21,757,778,189.2030848329049
dominiq,5,319,324,193.82716049382717
jalene,1160,67,1227,178.15810920945395
lyndon,399,9640,10039,184.10200219145335
karlyn,2368,7,2375,198.82105263157894
sayre,93,99,192,6.25
breyer,42,197,239,129.70711297071128
danis,31,155,186,133.33333333333331
mackenley,10,5,15,66.66666666666666
oceann,48,13,61,114.75409836065573
jardin,7,5,12,33.33333333333333
canan,5,69,74,172.97297297297297
stirling,78,828,906,165.56291390728478
lynell,1961,823,2784,81.75287356321839
shenandoah,347,112,459,102.39651416122004
moni,88,6,94,174.468085106383
jaziel,98,7481,7579,194.82781369573823
dixon,5,3040,3045,199.3431855500821
rodolfo,83,33650,33733,199.01580055138885
jamarie,113,638,751,139.81358189081226
cinsere,5,78,83,175.9036144578313
shell,198,113,311,54.662379421221864
alika,570,635,1205,10.78838174273859
triston,274,11544,11818,190.7260111694026
gabryel,182,424,606,79.86798679867987
jordi,327,3366,3693,164.5816409423233
kadance,843,17,860,192.09302325581393
jaz,111,236,347,72.04610951008645
thuan,5,207,212,190.56603773584905
pink,38,1089,1127,186.5128660159716
tennyson,390,1165,1555,99.67845659163987
cairo,547,8444,8991,175.66455344233123
asencion,110,379,489,110.02044989775051
marzell,204,260,464,24.137931034482758
taraji,2749,50,2799,192.85459092533048
adgie,7,5,12,33.33333333333333
raylynn,3648,56,3704,193.9524838012959
gaile,898,5,903,197.78516057585824
adolfo,10,16112,16122,199.75189182483564
aden,653,21624,22277,188.27490236566862
marcelle,5397,502,5899,165.96033225970504
angelis,530,35,565,175.2212389380531
ra,20,216,236,166.10169491525423
cadrian,10,17,27,51.85185185185185
dahn,16,5,21,104.76190476190477
linden,1917,3972,5889,69.79113601630158
shauntel,913,10,923,195.66630552546044
jamee,2734,218,2952,170.46070460704607
ridgley,10,22,32,75.0
mico,18,138,156,153.84615384615387
life,22,56,78,87.17948717948718
shemar,6,2366,2372,198.98819561551434
juliette,38504,5,38509,199.9480640889143
kaior,267,42,309,145.63106796116506
luzell,5,5,10,0.0
ajai,182,267,449,37.8619153674833
mykael,126,537,663,123.98190045248869
adaiah,451,94,545,131.0091743119266
kailen,728,922,1650,23.515151515151516
sullivan,1368,14546,15914,165.61518160110595
romelle,338,159,497,72.03219315895373
dewan,16,653,669,190.43348281016443
terelle,5,352,357,194.39775910364145
darrean,18,16,34,11.76470588235294
chrisean,8,169,177,181.92090395480224
hollace,328,37,365,159.45205479452054
yahav,5,5,10,0.0
ferrel,22,377,399,177.94486215538848
brannon,116,4694,4810,190.35343035343035
myah,10130,6,10136,199.76322020520917
braelin,247,376,623,41.41252006420545
sharon,722841,3106,725947,198.28858029580672
fabiola,9321,53,9374,197.73842543204609
rocky,403,28164,28567,194.35712535442994
kyante,5,17,22,109.09090909090908
carlisle,458,1826,2284,119.78984238178634
farrell,472,4355,4827,160.88667909674746
jonie,1238,44,1282,186.2714508580343
tamir,59,2313,2372,190.0505902192243
carlee,12876,308,13184,190.65533980582526
alexsis,1264,190,1454,147.73039889958736
tobyn,23,302,325,171.6923076923077
quinn,49850,36324,86174,31.392299301413416
antoine,364,27191,27555,194.71602250045365
makari,209,1556,1765,152.63456090651556
bailey,109344,21603,130947,134.00994295401955
alexia,45945,44,45989,199.61729978908
shaylen,580,32,612,179.08496732026146
hanley,263,660,923,86.02383531960996
henlee,520,14,534,189.5131086142322
athel,36,298,334,156.88622754491018
suman,63,10,73,145.2054794520548
konstantine,6,422,428,194.39252336448598
ador,30,13,43,79.06976744186046
aldine,804,158,962,134.3035343035343
honor,3053,1385,4438,75.16899504281209
avery,164682,65711,230393,85.91493665172119
cortney,16923,3166,20089,136.9605256608094
arvi,10,15,25,40.0
vashon,69,762,831,166.7870036101083
tanish,66,525,591,155.32994923857868
kadison,22,6,28,114.28571428571428
lennon,11144,7694,18838,36.62809215415649
mccoy,100,4257,4357,190.8193711269222
edyn,1193,113,1306,165.3905053598775
byrl,53,533,586,163.82252559726962
portia,10613,8,10621,199.69871010262688
dwan,910,1221,2131,29.188174565931487
kirk,197,68020,68217,198.84486271750444
alyx,1287,177,1464,151.63934426229508
rhys,849,13547,14396,176.41011392053346
karrol,52,7,59,152.54237288135593
amare,380,6091,6471,176.51058569000156
elton,200,21292,21492,196.27768471989577
bradey,9,714,723,195.0207468879668
jerae,61,6,67,164.17910447761196
melisa,19054,10,19064,199.79018044481748
troyce,62,412,474,147.67932489451476
emone,55,5,60,166.66666666666669
bayler,196,346,542,55.35055350553506
farley,17,1080,1097,193.80127620783955
thienan,29,61,90,71.11111111111111
chesley,625,2283,2908,114.03026134800551
videll,10,13,23,26.08695652173913
odelle,424,10,434,190.78341013824885
galen,560,16476,17036,186.851373561869
caisyn,64,162,226,86.72566371681415
odis,171,8214,8385,191.84257602862255
torre,403,861,1264,72.46835443037975
samora,587,5,592,196.6216216216216
aisha,26021,27,26048,199.58538083538085
aedyn,73,588,661,155.82450832072615
lenis,55,170,225,102.22222222222221
claudie,3739,2978,6717,22.65892511537889
aries,2323,4339,6662,60.52236565595918
ricki,4414,2303,6717,62.85544141729938
chue,5,329,334,194.0119760479042
hatton,13,29,42,76.19047619047619
kylie,120379,450,120829,198.5102914035538
meng,13,555,568,190.8450704225352
elizabeth,1681878,5211,1687089,198.76449908688872
vaden,6,561,567,195.76719576719577
clifford,2019,188109,190128,195.7523352688715
oliva,1959,32,1991,193.57106981416374
akai,68,918,986,172.41379310344826
elysium,85,11,96,154.16666666666669
benny,612,48202,48814,194.98504527389684
elisha,14307,15340,29647,6.968664620366311
roan,254,2585,2839,164.21275096865094
alisson,6464,5,6469,199.69083320451384
erica,231461,1024,232485,198.23816590317657
socorro,6903,549,7452,170.53140096618358
alii,6,79,85,171.76470588235293
zamari,579,1505,2084,88.8675623800384
jovial,36,6,42,142.85714285714286
rhenn,17,5,22,109.09090909090908
beck,114,3724,3838,188.1188118811881
shadyn,17,5,22,109.09090909090908
wan,10,5,15,66.66666666666666
laikin,63,5,68,170.58823529411765
claren,25,17,42,38.095238095238095
lemmy,26,98,124,116.12903225806453
aundrey,5,315,320,193.75
keir,64,1046,1110,176.93693693693692
shawndel,46,51,97,10.309278350515463
mulan,671,5,676,197.0414201183432
bradynn,5,15,20,100.0
kisha,6652,12,6664,199.2797118847539
taetum,139,26,165,136.96969696969697
journie,2579,11,2590,198.3011583011583
desiree,83409,198,83607,199.0527108974129
oaklyn,4567,350,4917,171.52735407768964
kmari,166,280,446,51.12107623318386
jeanne,163218,360,163578,199.11968602134763
taz,10,510,520,192.30769230769232
jacquelyn,85116,110,85226,199.483725623636
jani,1645,84,1729,180.5668016194332
bona,181,10,191,179.05759162303664
oshai,10,28,38,94.73684210526315
hoang,51,750,801,174.5318352059925
sinclair,448,1421,1869,104.11985018726593
fendi,196,29,225,148.44444444444446
rayme,67,26,93,88.17204301075269
amour,804,194,998,122.2444889779559
kaile,699,22,721,187.79472954230238
cruz,4217,29755,33972,150.34734487224773
ro,24,34,58,34.48275862068966
justi,17,5,22,109.09090909090908
zamiri,22,20,42,9.523809523809524
lovie,5868,627,6495,161.38568129330253
holly,204548,1541,206089,197.009059192873
brunell,27,5,32,137.5
zemi,20,7,27,96.29629629629629
shannen,1921,150,2071,171.0284886528247
lachlan,281,5640,5921,181.01672014862353
ruddy,5,527,532,196.2406015037594
indigo,3700,1107,4807,107.88433534428958
laramie,1590,1175,2765,30.018083182640144
floy,6612,323,6935,181.36986301369865
blayke,1730,743,2473,79.82207844723008
tomas,27,30308,30335,199.64397560573593
loreto,21,494,515,183.6893203883495
precious,19342,147,19489,196.98291343834984
symon,10,471,481,191.68399168399168
cayden,1864,40458,42322,182.38268512830206
riggin,5,691,696,197.1264367816092
sage,28585,15068,43653,61.92930611870891
lumen,446,56,502,155.37848605577688
patton,93,1627,1720,178.37209302325581
rita,284274,778,285052,198.90826936839593
zaylen,66,2393,2459,189.26392842618952
zhane,1943,395,2338,132.420872540633
brayan,18,16203,16221,199.5561309413723
mital,16,5,21,104.76190476190477
pablo,69,49617,49686,199.44451153242363
rhonnie,6,15,21,85.71428571428571
jule,1998,1408,3406,34.64474456840869
rayvon,61,2042,2103,188.39752734189256
oluwatise,23,51,74,75.67567567567568
tora,981,26,1007,189.67229394240317
tavares,23,2966,2989,196.9220475075276
merl,278,2574,2852,161.00981767180926
nathaniel,1162,284481,285643,198.372794012106
oluwatobi,158,555,713,111.36044880785414
lynette,43326,53,43379,199.51128426197008
espn,55,173,228,103.50877192982458
bristen,22,15,37,37.83783783783784
jadenn,5,36,41,151.21951219512195
lasiah,12,5,17,82.35294117647058
perry,3608,75908,79516,181.85019367171387
yani,315,111,426,95.77464788732394
rozay,39,56,95,35.78947368421053
jhayden,6,257,263,190.8745247148289
kasie,4193,21,4214,198.00664451827242
noemi,22666,69,22735,198.78601275566308
karn,164,5,169,188.1656804733728
hays,5,723,728,197.25274725274727
mikah,1657,3272,4929,65.53053357679043
jerrod,10,9351,9361,199.57269522486914
chisom,518,214,732,83.06010928961749
lavone,1173,117,1290,163.72093023255815
tannar,10,141,151,173.50993377483442
tyrelle,16,820,836,192.3444976076555
dearion,6,74,80,170.0
west,20,3530,3550,197.74647887323943
lavell,327,2946,3273,160.03666361136573
mackinzie,824,15,839,192.84862932061978
derin,230,894,1124,118.14946619217082
lyndsey,14374,32,14406,199.11148132722477
alula,47,34,81,32.098765432098766
trini,708,241,949,98.41938883034773
ovis,5,5,10,0.0
deegan,12,3379,3391,198.58448835151873
islam,128,664,792,135.35353535353536
dkota,12,10,22,18.181818181818183
jesee,5,39,44,154.54545454545453
future,38,312,350,156.57142857142856
connar,31,637,668,181.43712574850298
jodey,50,93,143,60.13986013986013
kaidynce,425,18,443,183.7471783295711
nihan,188,67,255,94.90196078431372
harbour,109,24,133,127.81954887218046
terrel,81,2961,3042,189.3491124260355
dashell,47,42,89,11.235955056179774
tristian,641,7843,8484,169.77840641206978
bevely,131,13,144,163.88888888888889
sidney,24680,84056,108736,109.21130076515597
oluwaseyifunmi,13,5,18,88.88888888888889
peni,144,5,149,186.5771812080537
marlei,750,11,761,194.21813403416556
montoya,520,119,639,125.50860719874804
elliston,34,32,66,6.0606060606060606
acie,72,2071,2143,186.56089594027065
jabri,16,233,249,174.29718875502007
corbyn,482,3026,3508,145.03990877993158
kyleigh,19995,6,20001,199.88000599970002
brystol,1298,14,1312,195.73170731707316
nyaire,104,357,461,109.76138828633407
corlis,483,32,515,175.14563106796118
shaquez,5,28,33,139.3939393939394
branden,330,27501,27831,195.25708742050233
macari,33,206,239,144.76987447698744
deon,1670,15185,16855,160.3678433699199
sheng,370,16,386,183.41968911917098
koby,97,5969,6066,193.603692713485
riley,137477,103344,240821,28.34719563493217
brennan,2218,33032,35250,174.83120567375886
awesome,12,89,101,152.4752475247525
cletus,272,7426,7698,185.86645882047287
cardell,23,2362,2385,196.1425576519916
moses,45,42685,42730,199.57875029253452
sylva,883,18,901,192.00887902330743
handy,5,538,543,196.31675874769797
alique,12,5,17,82.35294117647058
juanita,207621,991,208612,198.0998216785228
alvis,326,5192,5518,176.36824936571222
alexus,18620,243,18863,194.84705508137623
arnel,22,809,831,189.41034897713598
amiko,41,17,58,82.75862068965517
leonardo,141,92243,92384,199.38950467613438
keyior,6,5,11,18.181818181818183
elise,73809,66,73875,199.64263959390863
lisandro,5,2280,2285,199.12472647702407
airin,31,5,36,144.44444444444443
renn,237,344,581,36.83304647160069
asyiah,36,5,41,151.21951219512195
farrin,123,15,138,156.52173913043478
imon,16,62,78,117.94871794871796
matias,5,23244,23249,199.9139747946148
selena,58696,57,58753,199.61193470971693
tron,7,541,548,194.8905109489051
rany,10,21,31,70.96774193548387
shandy,728,115,843,145.43297746144722
ardis,6386,1030,7416,144.44444444444443
christyan,5,298,303,193.39933993399342
joriah,10,19,29,62.06896551724138
kamalani,294,6,300,192.0
jahzel,58,5,63,168.25396825396825
gaynell,4251,18,4269,198.3134223471539
clayton,610,138209,138819,198.2423155331763
glennie,1931,294,2225,147.14606741573033
deor,10,24,34,82.35294117647058
renell,553,154,707,112.87128712871286
shu,18,72,90,120.0
alder,59,1232,1291,181.719597211464
ila,24667,60,24727,199.02940105957052
freddy,172,26667,26839,197.43656619099073
lyan,108,582,690,137.3913043478261
elery,5,318,323,193.80804953560371
emonie,1025,14,1039,194.61020211742058
keira,33362,7,33369,199.91608978393117
caydence,3564,303,3867,168.6578743211792
beauford,10,1016,1026,196.10136452241716
amire,102,803,905,154.91712707182322
wilkie,18,340,358,179.88826815642457
nesiah,88,30,118,98.30508474576271
rollins,126,451,577,112.65164644714038
trinell,40,5,45,155.55555555555557
sherril,1622,153,1775,165.5211267605634
kalifa,81,5,86,176.74418604651163
sunday,2920,102,3022,186.49900727994705
blakely,19150,1226,20376,175.93246957204553
eliel,9,4418,4427,199.18680822227242
andree,1944,1066,3010,58.33887043189369
benton,6,10310,10316,199.76735168670027
tashawn,273,1516,1789,138.96031302403577
gabrielle,138314,785,139099,197.74261497207027
carlo,80,15641,15721,197.9645060746772
bee,669,1023,1692,41.843971631205676
aidyn,817,4197,5014,134.82249700837653
brylin,222,322,544,36.76470588235294
ryver,623,812,1435,26.34146341463415
kathy,334084,739,334823,199.1171454768639
zenith,436,387,823,11.907654921020656
terrin,394,576,970,37.52577319587629
andreas,49,8472,8521,197.6998004928999
rebekah,75482,119,75601,199.37037869869448
konnar,5,144,149,186.5771812080537
ridge,13,7324,7337,199.2912634591795
katherine,649238,1824,651062,198.8793693995349
dashawn,541,8825,9366,176.89515267990606
jeriah,369,1959,2328,136.5979381443299
haygen,47,273,320,141.25
finley,22150,18360,40510,18.7114292767218
dj,13,838,851,193.88954171562867
luddie,201,23,224,158.92857142857142
tyrone,709,79303,80012,196.45553167024948
challis,97,31,128,103.125
ramiah,528,19,547,186.10603290676417
yasmin,21471,80,21551,198.51515010904365
skylan,462,299,761,42.83837056504599
jacy,3402,756,4158,127.27272727272727
renny,117,654,771,139.29961089494162
ravon,264,906,1170,109.74358974358975
emre,5,938,943,197.87910922587486
rilei,76,5,81,175.30864197530863
marcella,65337,222,65559,198.6454948977257
staley,150,256,406,52.21674876847291
tashi,482,133,615,113.4959349593496
elia,8820,1033,9853,158.06353394905105
mashal,123,10,133,169.9248120300752
mena,1498,161,1659,161.18143459915612
luxury,90,5,95,178.94736842105263
mekel,16,139,155,158.70967741935485
laurence,490,39627,40117,195.11429069970336
jeffry,10,15383,15393,199.74014162281557
jer,12,10,22,18.181818181818183
elshaddai,15,13,28,14.285714285714285
kastle,5,72,77,174.02597402597402
ogie,6,15,21,85.71428571428571
kairyn,15,166,181,166.85082872928177
dillon,1004,64964,65968,193.9121998544749
annas,22,34,56,42.857142857142854
hugo,36,36638,36674,199.60735125702132
dosie,28,12,40,80.0
temiloluwa,239,147,386,47.66839378238342
skyeler,122,115,237,5.9071729957805905
daenerys,1356,5,1361,198.5304922850845
ngun,54,5,59,166.10169491525423
glover,5,1114,1119,198.21268990169793
tamer,33,793,826,184.01937046004844
iridian,581,7,588,195.23809523809524
jayla,45852,51,45903,199.5555846023136
rilyn,1248,149,1397,157.33715103793844
keygan,11,397,408,189.2156862745098
channy,33,15,48,75.0
reo,27,823,850,187.29411764705884
zeppelin,274,1381,1655,133.7764350453172
everleigh,19284,5,19289,199.8963139613251
